Command line invocation:
    /Applications/Xcode.app/Contents/Developer/usr/bin/xcodebuild -project SpektoWatch2.xcodeproj -scheme "SpektoWatch Watch App" -destination generic/platform=watchOS -derivedDataPath /Users/simeonbrandt/SpektoWatch2/.derivedData-watch4 build

Resolve Package Graph

Fetching from https://github.com/pointfreeco/swift-custom-dump (cached)

Fetching from https://github.com/swiftlang/swift-syntax (cached)

Fetching from https://github.com/pointfreeco/swift-snapshot-testing (cached)

Fetching from https://github.com/pointfreeco/xctest-dynamic-overlay (cached)

Creating working copy of package ‘swift-custom-dump’

Creating working copy of package ‘xctest-dynamic-overlay’

Creating working copy of package ‘swift-syntax’

Creating working copy of package ‘swift-snapshot-testing’

Checking out 1.9.0 of package ‘xctest-dynamic-overlay’

Checking out 1.5.0 of package ‘swift-custom-dump’

Checking out 1.19.2 of package ‘swift-snapshot-testing’

Checking out 603.0.1 of package ‘swift-syntax’


Resolved source packages:
  swift-custom-dump: https://github.com/pointfreeco/swift-custom-dump @ 1.5.0
  swift-snapshot-testing: https://github.com/pointfreeco/swift-snapshot-testing @ 1.19.2
  xctest-dynamic-overlay: https://github.com/pointfreeco/xctest-dynamic-overlay @ 1.9.0
  swift-syntax: https://github.com/swiftlang/swift-syntax @ 603.0.1

ComputePackagePrebuildTargetDependencyGraph

Prepare packages

CreateBuildRequest

SendProjectDescription

CreateBuildOperation

ComputeTargetDependencyGraph
note: Building targets in dependency order
note: Target dependency graph (4 targets)
    Target 'SpektoWatch2' in project 'SpektoWatch2'
        ➜ Explicit dependency on target 'SpektoWatch Watch App' in project 'SpektoWatch2'
        ➜ Explicit dependency on target 'SpektoWatch2WidgetExtension' in project 'SpektoWatch2'
    Target 'SpektoWatch2WidgetExtension' in project 'SpektoWatch2' (no dependencies)
    Target 'SpektoWatch Watch App' in project 'SpektoWatch2'
        ➜ Explicit dependency on target 'SpektoWatch Complications' in project 'SpektoWatch2'
    Target 'SpektoWatch Complications' in project 'SpektoWatch2' (no dependencies)

GatherProvisioningInputs

CreateBuildDescription

ExecuteExternalTool /Applications/Xcode.app/Contents/Developer/Toolchains/XcodeDefault.xctoolchain/usr/bin/swiftc --version

ExecuteExternalTool /Applications/Xcode.app/Contents/Developer/usr/bin/actool --version --output-format xml1

ExecuteExternalTool /Applications/Xcode.app/Contents/Developer/usr/bin/actool --print-asset-tag-combinations --output-format xml1 /Users/simeonbrandt/SpektoWatch2/SpektoWatch Watch App/Assets.xcassets

ExecuteExternalTool /Applications/Xcode.app/Contents/Developer/Toolchains/XcodeDefault.xctoolchain/usr/bin/clang -v -E -dM -isysroot /Applications/Xcode.app/Contents/Developer/Platforms/WatchOS.platform/Developer/SDKs/WatchOS26.5.sdk -x c -c /dev/null

ExecuteExternalTool /Applications/Xcode.app/Contents/Developer/usr/bin/actool --print-asset-tag-combinations --output-format xml1 /Users/simeonbrandt/SpektoWatch2/SpektoWatch2/Assets.xcassets

ExecuteExternalTool /Applications/Xcode.app/Contents/Developer/Toolchains/XcodeDefault.xctoolchain/usr/bin/clang -v -E -dM -isysroot /Applications/Xcode.app/Contents/Developer/Platforms/iPhoneOS.platform/Developer/SDKs/iPhoneOS26.5.sdk -x c -c /dev/null

ExecuteExternalTool /Applications/Xcode.app/Contents/Developer/Toolchains/XcodeDefault.xctoolchain/usr/bin/ld -version_details

Build description signature: c2adf72d76835a6dd1bb36add0e70f4e
Build description path: /Users/simeonbrandt/SpektoWatch2/.derivedData-watch4/Build/Intermediates.noindex/XCBuildData/c2adf72d76835a6dd1bb36add0e70f4e.xcbuilddata
ClangStatCache /Applications/Xcode.app/Contents/Developer/Toolchains/XcodeDefault.xctoolchain/usr/bin/clang-stat-cache /Applications/Xcode.app/Contents/Developer/Platforms/WatchOS.platform/Developer/SDKs/WatchOS26.5.sdk /Users/simeonbrandt/SpektoWatch2/.derivedData-watch4/SDKStatCaches.noindex/watchos26.5-23T570-688ef53f1462e2c8f657fdc38a81448f6c525d28bb7368d9e3b927c5b9753508.sdkstatcache
    cd /Users/simeonbrandt/SpektoWatch2/SpektoWatch2.xcodeproj
    /Applications/Xcode.app/Contents/Developer/Toolchains/XcodeDefault.xctoolchain/usr/bin/clang-stat-cache /Applications/Xcode.app/Contents/Developer/Platforms/WatchOS.platform/Developer/SDKs/WatchOS26.5.sdk -o /Users/simeonbrandt/SpektoWatch2/.derivedData-watch4/SDKStatCaches.noindex/watchos26.5-23T570-688ef53f1462e2c8f657fdc38a81448f6c525d28bb7368d9e3b927c5b9753508.sdkstatcache

ClangStatCache /Applications/Xcode.app/Contents/Developer/Toolchains/XcodeDefault.xctoolchain/usr/bin/clang-stat-cache /Applications/Xcode.app/Contents/Developer/Platforms/iPhoneOS.platform/Developer/SDKs/iPhoneOS26.5.sdk /Users/simeonbrandt/SpektoWatch2/.derivedData-watch4/SDKStatCaches.noindex/iphoneos26.5-23F73-688ef53f1462e2c8f657fdc38a81448f32daed1954a7d5dd0789fcaf2a9bb78b.sdkstatcache
    cd /Users/simeonbrandt/SpektoWatch2/SpektoWatch2.xcodeproj
    /Applications/Xcode.app/Contents/Developer/Toolchains/XcodeDefault.xctoolchain/usr/bin/clang-stat-cache /Applications/Xcode.app/Contents/Developer/Platforms/iPhoneOS.platform/Developer/SDKs/iPhoneOS26.5.sdk -o /Users/simeonbrandt/SpektoWatch2/.derivedData-watch4/SDKStatCaches.noindex/iphoneos26.5-23F73-688ef53f1462e2c8f657fdc38a81448f32daed1954a7d5dd0789fcaf2a9bb78b.sdkstatcache

CreateBuildDirectory /Users/simeonbrandt/SpektoWatch2/.derivedData-watch4/Build/Products
    cd /Users/simeonbrandt/SpektoWatch2/SpektoWatch2.xcodeproj
    builtin-create-build-directory /Users/simeonbrandt/SpektoWatch2/.derivedData-watch4/Build/Products

CreateBuildDirectory /Users/simeonbrandt/SpektoWatch2/.derivedData-watch4/Build/Intermediates.noindex
    cd /Users/simeonbrandt/SpektoWatch2/SpektoWatch2.xcodeproj
    builtin-create-build-directory /Users/simeonbrandt/SpektoWatch2/.derivedData-watch4/Build/Intermediates.noindex

CreateBuildDirectory /Users/simeonbrandt/SpektoWatch2/.derivedData-watch4/Build/Intermediates.noindex/ExplicitPrecompiledModules
    cd /Users/simeonbrandt/SpektoWatch2/SpektoWatch2.xcodeproj
    builtin-create-build-directory /Users/simeonbrandt/SpektoWatch2/.derivedData-watch4/Build/Intermediates.noindex/ExplicitPrecompiledModules

CreateBuildDirectory /Users/simeonbrandt/SpektoWatch2/.derivedData-watch4/Build/Intermediates.noindex/SwiftExplicitPrecompiledModules
    cd /Users/simeonbrandt/SpektoWatch2/SpektoWatch2.xcodeproj
    builtin-create-build-directory /Users/simeonbrandt/SpektoWatch2/.derivedData-watch4/Build/Intermediates.noindex/SwiftExplicitPrecompiledModules

CreateBuildDirectory /Users/simeonbrandt/SpektoWatch2/.derivedData-watch4/Build/Products/Debug-iphoneos
    cd /Users/simeonbrandt/SpektoWatch2/SpektoWatch2.xcodeproj
    builtin-create-build-directory /Users/simeonbrandt/SpektoWatch2/.derivedData-watch4/Build/Products/Debug-iphoneos

CreateBuildDirectory /Users/simeonbrandt/SpektoWatch2/.derivedData-watch4/Build/Products/Debug-watchos
    cd /Users/simeonbrandt/SpektoWatch2/SpektoWatch2.xcodeproj
    builtin-create-build-directory /Users/simeonbrandt/SpektoWatch2/.derivedData-watch4/Build/Products/Debug-watchos

WriteAuxiliaryFile /Users/simeonbrandt/SpektoWatch2/.derivedData-watch4/Build/Intermediates.noindex/SpektoWatch2.build/Debug-iphoneos/SpektoWatch2-2e8e6395127f96771f09c8849d1f0cbc-VFS-iphoneos/all-product-headers.yaml
    cd /Users/simeonbrandt/SpektoWatch2/SpektoWatch2.xcodeproj
    write-file /Users/simeonbrandt/SpektoWatch2/.derivedData-watch4/Build/Intermediates.noindex/SpektoWatch2.build/Debug-iphoneos/SpektoWatch2-2e8e6395127f96771f09c8849d1f0cbc-VFS-iphoneos/all-product-headers.yaml

WriteAuxiliaryFile /Users/simeonbrandt/SpektoWatch2/.derivedData-watch4/Build/Intermediates.noindex/SpektoWatch2.build/Debug-watchos/SpektoWatch2-2e8e6395127f96771f09c8849d1f0cbc-VFS-watchos/all-product-headers.yaml
    cd /Users/simeonbrandt/SpektoWatch2/SpektoWatch2.xcodeproj
    write-file /Users/simeonbrandt/SpektoWatch2/.derivedData-watch4/Build/Intermediates.noindex/SpektoWatch2.build/Debug-watchos/SpektoWatch2-2e8e6395127f96771f09c8849d1f0cbc-VFS-watchos/all-product-headers.yaml

CreateBuildDirectory /Users/simeonbrandt/SpektoWatch2/.derivedData-watch4/Build/Intermediates.noindex/EagerLinkingTBDs/Debug-watchos
    cd /Users/simeonbrandt/SpektoWatch2/SpektoWatch2.xcodeproj
    builtin-create-build-directory /Users/simeonbrandt/SpektoWatch2/.derivedData-watch4/Build/Intermediates.noindex/EagerLinkingTBDs/Debug-watchos

CreateBuildDirectory /Users/simeonbrandt/SpektoWatch2/.derivedData-watch4/Build/Intermediates.noindex/EagerLinkingTBDs/Debug-iphoneos
    cd /Users/simeonbrandt/SpektoWatch2/SpektoWatch2.xcodeproj
    builtin-create-build-directory /Users/simeonbrandt/SpektoWatch2/.derivedData-watch4/Build/Intermediates.noindex/EagerLinkingTBDs/Debug-iphoneos

WriteAuxiliaryFile /Users/simeonbrandt/SpektoWatch2/.derivedData-watch4/Build/Intermediates.noindex/SpektoWatch2.build/Debug-watchos/SpektoWatch\ Complications.build/SpektoWatch\ Complications-all-non-framework-target-headers.hmap (in target 'SpektoWatch Complications' from project 'SpektoWatch2')
    cd /Users/simeonbrandt/SpektoWatch2
    write-file /Users/simeonbrandt/SpektoWatch2/.derivedData-watch4/Build/Intermediates.noindex/SpektoWatch2.build/Debug-watchos/SpektoWatch\ Complications.build/SpektoWatch\ Complications-all-non-framework-target-headers.hmap

WriteAuxiliaryFile /Users/simeonbrandt/SpektoWatch2/.derivedData-watch4/Build/Intermediates.noindex/SpektoWatch2.build/Debug-watchos/SpektoWatch\ Complications.build/SpektoWatch\ Complications.hmap (in target 'SpektoWatch Complications' from project 'SpektoWatch2')
    cd /Users/simeonbrandt/SpektoWatch2
    write-file /Users/simeonbrandt/SpektoWatch2/.derivedData-watch4/Build/Intermediates.noindex/SpektoWatch2.build/Debug-watchos/SpektoWatch\ Complications.build/SpektoWatch\ Complications.hmap

WriteAuxiliaryFile /Users/simeonbrandt/SpektoWatch2/.derivedData-watch4/Build/Intermediates.noindex/SpektoWatch2.build/Debug-watchos/SpektoWatch\ Complications.build/DerivedSources/Entitlements.plist (in target 'SpektoWatch Complications' from project 'SpektoWatch2')
    cd /Users/simeonbrandt/SpektoWatch2
    write-file /Users/simeonbrandt/SpektoWatch2/.derivedData-watch4/Build/Intermediates.noindex/SpektoWatch2.build/Debug-watchos/SpektoWatch\ Complications.build/DerivedSources/Entitlements.plist

WriteAuxiliaryFile /Users/simeonbrandt/SpektoWatch2/.derivedData-watch4/Build/Intermediates.noindex/SpektoWatch2.build/Debug-watchos/SpektoWatch\ Complications.build/Objects-normal/arm64_32/SpektoWatch\ Complications-OutputFileMap.json (in target 'SpektoWatch Complications' from project 'SpektoWatch2')
    cd /Users/simeonbrandt/SpektoWatch2
    write-file /Users/simeonbrandt/SpektoWatch2/.derivedData-watch4/Build/Intermediates.noindex/SpektoWatch2.build/Debug-watchos/SpektoWatch\ Complications.build/Objects-normal/arm64_32/SpektoWatch\ Complications-OutputFileMap.json

WriteAuxiliaryFile /Users/simeonbrandt/SpektoWatch2/.derivedData-watch4/Build/Intermediates.noindex/SpektoWatch2.build/Debug-watchos/SpektoWatch\ Complications.build/Objects-normal/arm64_32/SpektoWatch\ Complications_const_extract_protocols.json (in target 'SpektoWatch Complications' from project 'SpektoWatch2')
    cd /Users/simeonbrandt/SpektoWatch2
    write-file /Users/simeonbrandt/SpektoWatch2/.derivedData-watch4/Build/Intermediates.noindex/SpektoWatch2.build/Debug-watchos/SpektoWatch\ Complications.build/Objects-normal/arm64_32/SpektoWatch\ Complications_const_extract_protocols.json

WriteAuxiliaryFile /Users/simeonbrandt/SpektoWatch2/.derivedData-watch4/Build/Intermediates.noindex/SpektoWatch2.build/Debug-watchos/SpektoWatch\ Complications.build/SpektoWatch\ Complications-project-headers.hmap (in target 'SpektoWatch Complications' from project 'SpektoWatch2')
    cd /Users/simeonbrandt/SpektoWatch2
    write-file /Users/simeonbrandt/SpektoWatch2/.derivedData-watch4/Build/Intermediates.noindex/SpektoWatch2.build/Debug-watchos/SpektoWatch\ Complications.build/SpektoWatch\ Complications-project-headers.hmap

WriteAuxiliaryFile /Users/simeonbrandt/SpektoWatch2/.derivedData-watch4/Build/Intermediates.noindex/SpektoWatch2.build/Debug-iphoneos/SpektoWatch2WidgetExtension.build/SpektoWatch2WidgetExtension.hmap (in target 'SpektoWatch2WidgetExtension' from project 'SpektoWatch2')
    cd /Users/simeonbrandt/SpektoWatch2
    write-file /Users/simeonbrandt/SpektoWatch2/.derivedData-watch4/Build/Intermediates.noindex/SpektoWatch2.build/Debug-iphoneos/SpektoWatch2WidgetExtension.build/SpektoWatch2WidgetExtension.hmap

WriteAuxiliaryFile /Users/simeonbrandt/SpektoWatch2/.derivedData-watch4/Build/Intermediates.noindex/SpektoWatch2.build/Debug-iphoneos/SpektoWatch2WidgetExtension.build/SpektoWatch2WidgetExtension.DependencyStaticMetadataFileList (in target 'SpektoWatch2WidgetExtension' from project 'SpektoWatch2')
    cd /Users/simeonbrandt/SpektoWatch2
    write-file /Users/simeonbrandt/SpektoWatch2/.derivedData-watch4/Build/Intermediates.noindex/SpektoWatch2.build/Debug-iphoneos/SpektoWatch2WidgetExtension.build/SpektoWatch2WidgetExtension.DependencyStaticMetadataFileList

WriteAuxiliaryFile /Users/simeonbrandt/SpektoWatch2/.derivedData-watch4/Build/Intermediates.noindex/SpektoWatch2.build/Debug-iphoneos/SpektoWatch2WidgetExtension.build/SpektoWatch2WidgetExtension.DependencyMetadataFileList (in target 'SpektoWatch2WidgetExtension' from project 'SpektoWatch2')
    cd /Users/simeonbrandt/SpektoWatch2
    write-file /Users/simeonbrandt/SpektoWatch2/.derivedData-watch4/Build/Intermediates.noindex/SpektoWatch2.build/Debug-iphoneos/SpektoWatch2WidgetExtension.build/SpektoWatch2WidgetExtension.DependencyMetadataFileList

WriteAuxiliaryFile /Users/simeonbrandt/SpektoWatch2/.derivedData-watch4/Build/Intermediates.noindex/SpektoWatch2.build/Debug-iphoneos/SpektoWatch2WidgetExtension.build/SpektoWatch2WidgetExtension-project-headers.hmap (in target 'SpektoWatch2WidgetExtension' from project 'SpektoWatch2')
    cd /Users/simeonbrandt/SpektoWatch2
    write-file /Users/simeonbrandt/SpektoWatch2/.derivedData-watch4/Build/Intermediates.noindex/SpektoWatch2.build/Debug-iphoneos/SpektoWatch2WidgetExtension.build/SpektoWatch2WidgetExtension-project-headers.hmap

WriteAuxiliaryFile /Users/simeonbrandt/SpektoWatch2/.derivedData-watch4/Build/Intermediates.noindex/SpektoWatch2.build/Debug-iphoneos/SpektoWatch2WidgetExtension.build/SpektoWatch2WidgetExtension-own-target-headers.hmap (in target 'SpektoWatch2WidgetExtension' from project 'SpektoWatch2')
    cd /Users/simeonbrandt/SpektoWatch2
    write-file /Users/simeonbrandt/SpektoWatch2/.derivedData-watch4/Build/Intermediates.noindex/SpektoWatch2.build/Debug-iphoneos/SpektoWatch2WidgetExtension.build/SpektoWatch2WidgetExtension-own-target-headers.hmap

WriteAuxiliaryFile /Users/simeonbrandt/SpektoWatch2/.derivedData-watch4/Build/Intermediates.noindex/SpektoWatch2.build/Debug-iphoneos/SpektoWatch2WidgetExtension.build/SpektoWatch2WidgetExtension-generated-files.hmap (in target 'SpektoWatch2WidgetExtension' from project 'SpektoWatch2')
    cd /Users/simeonbrandt/SpektoWatch2
    write-file /Users/simeonbrandt/SpektoWatch2/.derivedData-watch4/Build/Intermediates.noindex/SpektoWatch2.build/Debug-iphoneos/SpektoWatch2WidgetExtension.build/SpektoWatch2WidgetExtension-generated-files.hmap

WriteAuxiliaryFile /Users/simeonbrandt/SpektoWatch2/.derivedData-watch4/Build/Intermediates.noindex/SpektoWatch2.build/Debug-iphoneos/SpektoWatch2WidgetExtension.build/SpektoWatch2WidgetExtension-all-target-headers.hmap (in target 'SpektoWatch2WidgetExtension' from project 'SpektoWatch2')
    cd /Users/simeonbrandt/SpektoWatch2
    write-file /Users/simeonbrandt/SpektoWatch2/.derivedData-watch4/Build/Intermediates.noindex/SpektoWatch2.build/Debug-iphoneos/SpektoWatch2WidgetExtension.build/SpektoWatch2WidgetExtension-all-target-headers.hmap

WriteAuxiliaryFile /Users/simeonbrandt/SpektoWatch2/.derivedData-watch4/Build/Intermediates.noindex/SpektoWatch2.build/Debug-iphoneos/SpektoWatch2WidgetExtension.build/SpektoWatch2WidgetExtension-all-non-framework-target-headers.hmap (in target 'SpektoWatch2WidgetExtension' from project 'SpektoWatch2')
    cd /Users/simeonbrandt/SpektoWatch2
    write-file /Users/simeonbrandt/SpektoWatch2/.derivedData-watch4/Build/Intermediates.noindex/SpektoWatch2.build/Debug-iphoneos/SpektoWatch2WidgetExtension.build/SpektoWatch2WidgetExtension-all-non-framework-target-headers.hmap

WriteAuxiliaryFile /Users/simeonbrandt/SpektoWatch2/.derivedData-watch4/Build/Intermediates.noindex/SpektoWatch2.build/Debug-iphoneos/SpektoWatch2WidgetExtension.build/SpektoWatch2WidgetExtension-DebugEntryPoint-normal-arm64.txt (in target 'SpektoWatch2WidgetExtension' from project 'SpektoWatch2')
    cd /Users/simeonbrandt/SpektoWatch2
    write-file /Users/simeonbrandt/SpektoWatch2/.derivedData-watch4/Build/Intermediates.noindex/SpektoWatch2.build/Debug-iphoneos/SpektoWatch2WidgetExtension.build/SpektoWatch2WidgetExtension-DebugEntryPoint-normal-arm64.txt

WriteAuxiliaryFile /Users/simeonbrandt/SpektoWatch2/.derivedData-watch4/Build/Intermediates.noindex/SpektoWatch2.build/Debug-iphoneos/SpektoWatch2WidgetExtension.build/SpektoWatch2WidgetExtension-DebugDylibPath-normal-arm64.txt (in target 'SpektoWatch2WidgetExtension' from project 'SpektoWatch2')
    cd /Users/simeonbrandt/SpektoWatch2
    write-file /Users/simeonbrandt/SpektoWatch2/.derivedData-watch4/Build/Intermediates.noindex/SpektoWatch2.build/Debug-iphoneos/SpektoWatch2WidgetExtension.build/SpektoWatch2WidgetExtension-DebugDylibPath-normal-arm64.txt

WriteAuxiliaryFile /Users/simeonbrandt/SpektoWatch2/.derivedData-watch4/Build/Intermediates.noindex/SpektoWatch2.build/Debug-iphoneos/SpektoWatch2WidgetExtension.build/SpektoWatch2WidgetExtension-DebugDylibInstallName-normal-arm64.txt (in target 'SpektoWatch2WidgetExtension' from project 'SpektoWatch2')
    cd /Users/simeonbrandt/SpektoWatch2
    write-file /Users/simeonbrandt/SpektoWatch2/.derivedData-watch4/Build/Intermediates.noindex/SpektoWatch2.build/Debug-iphoneos/SpektoWatch2WidgetExtension.build/SpektoWatch2WidgetExtension-DebugDylibInstallName-normal-arm64.txt

WriteAuxiliaryFile /Users/simeonbrandt/SpektoWatch2/.derivedData-watch4/Build/Intermediates.noindex/SpektoWatch2.build/Debug-iphoneos/SpektoWatch2WidgetExtension.build/Objects-normal/arm64/SpektoWatch2WidgetExtension_const_extract_protocols.json (in target 'SpektoWatch2WidgetExtension' from project 'SpektoWatch2')
    cd /Users/simeonbrandt/SpektoWatch2
    write-file /Users/simeonbrandt/SpektoWatch2/.derivedData-watch4/Build/Intermediates.noindex/SpektoWatch2.build/Debug-iphoneos/SpektoWatch2WidgetExtension.build/Objects-normal/arm64/SpektoWatch2WidgetExtension_const_extract_protocols.json

WriteAuxiliaryFile /Users/simeonbrandt/SpektoWatch2/.derivedData-watch4/Build/Intermediates.noindex/SpektoWatch2.build/Debug-iphoneos/SpektoWatch2WidgetExtension.build/Objects-normal/arm64/SpektoWatch2WidgetExtension.SwiftFileList (in target 'SpektoWatch2WidgetExtension' from project 'SpektoWatch2')
    cd /Users/simeonbrandt/SpektoWatch2
    write-file /Users/simeonbrandt/SpektoWatch2/.derivedData-watch4/Build/Intermediates.noindex/SpektoWatch2.build/Debug-iphoneos/SpektoWatch2WidgetExtension.build/Objects-normal/arm64/SpektoWatch2WidgetExtension.SwiftFileList

WriteAuxiliaryFile /Users/simeonbrandt/SpektoWatch2/.derivedData-watch4/Build/Intermediates.noindex/SpektoWatch2.build/Debug-iphoneos/SpektoWatch2WidgetExtension.build/Objects-normal/arm64/SpektoWatch2WidgetExtension.LinkFileList (in target 'SpektoWatch2WidgetExtension' from project 'SpektoWatch2')
    cd /Users/simeonbrandt/SpektoWatch2
    write-file /Users/simeonbrandt/SpektoWatch2/.derivedData-watch4/Build/Intermediates.noindex/SpektoWatch2.build/Debug-iphoneos/SpektoWatch2WidgetExtension.build/Objects-normal/arm64/SpektoWatch2WidgetExtension.LinkFileList

WriteAuxiliaryFile /Users/simeonbrandt/SpektoWatch2/.derivedData-watch4/Build/Intermediates.noindex/SpektoWatch2.build/Debug-iphoneos/SpektoWatch2WidgetExtension.build/Objects-normal/arm64/SpektoWatch2WidgetExtension.SwiftConstValuesFileList (in target 'SpektoWatch2WidgetExtension' from project 'SpektoWatch2')
    cd /Users/simeonbrandt/SpektoWatch2
    write-file /Users/simeonbrandt/SpektoWatch2/.derivedData-watch4/Build/Intermediates.noindex/SpektoWatch2.build/Debug-iphoneos/SpektoWatch2WidgetExtension.build/Objects-normal/arm64/SpektoWatch2WidgetExtension.SwiftConstValuesFileList

WriteAuxiliaryFile /Users/simeonbrandt/SpektoWatch2/.derivedData-watch4/Build/Intermediates.noindex/SpektoWatch2.build/Debug-iphoneos/SpektoWatch2WidgetExtension.build/Objects-normal/arm64/SpektoWatch2WidgetExtension-OutputFileMap.json (in target 'SpektoWatch2WidgetExtension' from project 'SpektoWatch2')
    cd /Users/simeonbrandt/SpektoWatch2
    write-file /Users/simeonbrandt/SpektoWatch2/.derivedData-watch4/Build/Intermediates.noindex/SpektoWatch2.build/Debug-iphoneos/SpektoWatch2WidgetExtension.build/Objects-normal/arm64/SpektoWatch2WidgetExtension-OutputFileMap.json

WriteAuxiliaryFile /Users/simeonbrandt/SpektoWatch2/.derivedData-watch4/Build/Intermediates.noindex/SpektoWatch2.build/Debug-iphoneos/SpektoWatch2WidgetExtension.build/DerivedSources/Entitlements.plist (in target 'SpektoWatch2WidgetExtension' from project 'SpektoWatch2')
    cd /Users/simeonbrandt/SpektoWatch2
    write-file /Users/simeonbrandt/SpektoWatch2/.derivedData-watch4/Build/Intermediates.noindex/SpektoWatch2.build/Debug-iphoneos/SpektoWatch2WidgetExtension.build/DerivedSources/Entitlements.plist

WriteAuxiliaryFile /Users/simeonbrandt/SpektoWatch2/.derivedData-watch4/Build/Intermediates.noindex/SpektoWatch2.build/Debug-iphoneos/SpektoWatch2.build/SpektoWatch2.hmap (in target 'SpektoWatch2' from project 'SpektoWatch2')
    cd /Users/simeonbrandt/SpektoWatch2
    write-file /Users/simeonbrandt/SpektoWatch2/.derivedData-watch4/Build/Intermediates.noindex/SpektoWatch2.build/Debug-iphoneos/SpektoWatch2.build/SpektoWatch2.hmap

WriteAuxiliaryFile /Users/simeonbrandt/SpektoWatch2/.derivedData-watch4/Build/Intermediates.noindex/SpektoWatch2.build/Debug-iphoneos/SpektoWatch2.build/SpektoWatch2.DependencyStaticMetadataFileList (in target 'SpektoWatch2' from project 'SpektoWatch2')
    cd /Users/simeonbrandt/SpektoWatch2
    write-file /Users/simeonbrandt/SpektoWatch2/.derivedData-watch4/Build/Intermediates.noindex/SpektoWatch2.build/Debug-iphoneos/SpektoWatch2.build/SpektoWatch2.DependencyStaticMetadataFileList

WriteAuxiliaryFile /Users/simeonbrandt/SpektoWatch2/.derivedData-watch4/Build/Intermediates.noindex/SpektoWatch2.build/Debug-iphoneos/SpektoWatch2.build/SpektoWatch2.DependencyMetadataFileList (in target 'SpektoWatch2' from project 'SpektoWatch2')
    cd /Users/simeonbrandt/SpektoWatch2
    write-file /Users/simeonbrandt/SpektoWatch2/.derivedData-watch4/Build/Intermediates.noindex/SpektoWatch2.build/Debug-iphoneos/SpektoWatch2.build/SpektoWatch2.DependencyMetadataFileList

WriteAuxiliaryFile /Users/simeonbrandt/SpektoWatch2/.derivedData-watch4/Build/Intermediates.noindex/SpektoWatch2.build/Debug-iphoneos/SpektoWatch2.build/SpektoWatch2-project-headers.hmap (in target 'SpektoWatch2' from project 'SpektoWatch2')
    cd /Users/simeonbrandt/SpektoWatch2
    write-file /Users/simeonbrandt/SpektoWatch2/.derivedData-watch4/Build/Intermediates.noindex/SpektoWatch2.build/Debug-iphoneos/SpektoWatch2.build/SpektoWatch2-project-headers.hmap

WriteAuxiliaryFile /Users/simeonbrandt/SpektoWatch2/.derivedData-watch4/Build/Intermediates.noindex/SpektoWatch2.build/Debug-iphoneos/SpektoWatch2.build/SpektoWatch2-own-target-headers.hmap (in target 'SpektoWatch2' from project 'SpektoWatch2')
    cd /Users/simeonbrandt/SpektoWatch2
    write-file /Users/simeonbrandt/SpektoWatch2/.derivedData-watch4/Build/Intermediates.noindex/SpektoWatch2.build/Debug-iphoneos/SpektoWatch2.build/SpektoWatch2-own-target-headers.hmap

WriteAuxiliaryFile /Users/simeonbrandt/SpektoWatch2/.derivedData-watch4/Build/Intermediates.noindex/SpektoWatch2.build/Debug-iphoneos/SpektoWatch2.build/SpektoWatch2-generated-files.hmap (in target 'SpektoWatch2' from project 'SpektoWatch2')
    cd /Users/simeonbrandt/SpektoWatch2
    write-file /Users/simeonbrandt/SpektoWatch2/.derivedData-watch4/Build/Intermediates.noindex/SpektoWatch2.build/Debug-iphoneos/SpektoWatch2.build/SpektoWatch2-generated-files.hmap

WriteAuxiliaryFile /Users/simeonbrandt/SpektoWatch2/.derivedData-watch4/Build/Intermediates.noindex/SpektoWatch2.build/Debug-iphoneos/SpektoWatch2.build/SpektoWatch2-all-target-headers.hmap (in target 'SpektoWatch2' from project 'SpektoWatch2')
    cd /Users/simeonbrandt/SpektoWatch2
    write-file /Users/simeonbrandt/SpektoWatch2/.derivedData-watch4/Build/Intermediates.noindex/SpektoWatch2.build/Debug-iphoneos/SpektoWatch2.build/SpektoWatch2-all-target-headers.hmap

WriteAuxiliaryFile /Users/simeonbrandt/SpektoWatch2/.derivedData-watch4/Build/Intermediates.noindex/SpektoWatch2.build/Debug-iphoneos/SpektoWatch2.build/SpektoWatch2-all-non-framework-target-headers.hmap (in target 'SpektoWatch2' from project 'SpektoWatch2')
    cd /Users/simeonbrandt/SpektoWatch2
    write-file /Users/simeonbrandt/SpektoWatch2/.derivedData-watch4/Build/Intermediates.noindex/SpektoWatch2.build/Debug-iphoneos/SpektoWatch2.build/SpektoWatch2-all-non-framework-target-headers.hmap

WriteAuxiliaryFile /Users/simeonbrandt/SpektoWatch2/.derivedData-watch4/Build/Intermediates.noindex/SpektoWatch2.build/Debug-iphoneos/SpektoWatch2.build/Objects-normal/arm64/SpektoWatch2_const_extract_protocols.json (in target 'SpektoWatch2' from project 'SpektoWatch2')
    cd /Users/simeonbrandt/SpektoWatch2
    write-file /Users/simeonbrandt/SpektoWatch2/.derivedData-watch4/Build/Intermediates.noindex/SpektoWatch2.build/Debug-iphoneos/SpektoWatch2.build/Objects-normal/arm64/SpektoWatch2_const_extract_protocols.json

WriteAuxiliaryFile /Users/simeonbrandt/SpektoWatch2/.derivedData-watch4/Build/Intermediates.noindex/SpektoWatch2.build/Debug-iphoneos/SpektoWatch2.build/Objects-normal/arm64/SpektoWatch2.SwiftFileList (in target 'SpektoWatch2' from project 'SpektoWatch2')
    cd /Users/simeonbrandt/SpektoWatch2
    write-file /Users/simeonbrandt/SpektoWatch2/.derivedData-watch4/Build/Intermediates.noindex/SpektoWatch2.build/Debug-iphoneos/SpektoWatch2.build/Objects-normal/arm64/SpektoWatch2.SwiftFileList

WriteAuxiliaryFile /Users/simeonbrandt/SpektoWatch2/.derivedData-watch4/Build/Intermediates.noindex/SpektoWatch2.build/Debug-iphoneos/SpektoWatch2.build/Objects-normal/arm64/SpektoWatch2.SwiftConstValuesFileList (in target 'SpektoWatch2' from project 'SpektoWatch2')
    cd /Users/simeonbrandt/SpektoWatch2
    write-file /Users/simeonbrandt/SpektoWatch2/.derivedData-watch4/Build/Intermediates.noindex/SpektoWatch2.build/Debug-iphoneos/SpektoWatch2.build/Objects-normal/arm64/SpektoWatch2.SwiftConstValuesFileList

WriteAuxiliaryFile /Users/simeonbrandt/SpektoWatch2/.derivedData-watch4/Build/Intermediates.noindex/SpektoWatch2.build/Debug-iphoneos/SpektoWatch2.build/Objects-normal/arm64/SpektoWatch2.LinkFileList (in target 'SpektoWatch2' from project 'SpektoWatch2')
    cd /Users/simeonbrandt/SpektoWatch2
    write-file /Users/simeonbrandt/SpektoWatch2/.derivedData-watch4/Build/Intermediates.noindex/SpektoWatch2.build/Debug-iphoneos/SpektoWatch2.build/Objects-normal/arm64/SpektoWatch2.LinkFileList

WriteAuxiliaryFile /Users/simeonbrandt/SpektoWatch2/.derivedData-watch4/Build/Intermediates.noindex/SpektoWatch2.build/Debug-iphoneos/SpektoWatch2.build/Objects-normal/arm64/SpektoWatch2-OutputFileMap.json (in target 'SpektoWatch2' from project 'SpektoWatch2')
    cd /Users/simeonbrandt/SpektoWatch2
    write-file /Users/simeonbrandt/SpektoWatch2/.derivedData-watch4/Build/Intermediates.noindex/SpektoWatch2.build/Debug-iphoneos/SpektoWatch2.build/Objects-normal/arm64/SpektoWatch2-OutputFileMap.json

WriteAuxiliaryFile /Users/simeonbrandt/SpektoWatch2/.derivedData-watch4/Build/Intermediates.noindex/SpektoWatch2.build/Debug-iphoneos/SpektoWatch2.build/DerivedSources/Entitlements.plist (in target 'SpektoWatch2' from project 'SpektoWatch2')
    cd /Users/simeonbrandt/SpektoWatch2
    write-file /Users/simeonbrandt/SpektoWatch2/.derivedData-watch4/Build/Intermediates.noindex/SpektoWatch2.build/Debug-iphoneos/SpektoWatch2.build/DerivedSources/Entitlements.plist

WriteAuxiliaryFile /Users/simeonbrandt/SpektoWatch2/.derivedData-watch4/Build/Intermediates.noindex/SpektoWatch2.build/Debug-watchos/SpektoWatch\ Watch\ App.build/SpektoWatch\ Watch\ App.hmap (in target 'SpektoWatch Watch App' from project 'SpektoWatch2')
    cd /Users/simeonbrandt/SpektoWatch2
    write-file /Users/simeonbrandt/SpektoWatch2/.derivedData-watch4/Build/Intermediates.noindex/SpektoWatch2.build/Debug-watchos/SpektoWatch\ Watch\ App.build/SpektoWatch\ Watch\ App.hmap

WriteAuxiliaryFile /Users/simeonbrandt/SpektoWatch2/.derivedData-watch4/Build/Intermediates.noindex/SpektoWatch2.build/Debug-watchos/SpektoWatch\ Watch\ App.build/SpektoWatch\ Watch\ App.DependencyStaticMetadataFileList (in target 'SpektoWatch Watch App' from project 'SpektoWatch2')
    cd /Users/simeonbrandt/SpektoWatch2
    write-file /Users/simeonbrandt/SpektoWatch2/.derivedData-watch4/Build/Intermediates.noindex/SpektoWatch2.build/Debug-watchos/SpektoWatch\ Watch\ App.build/SpektoWatch\ Watch\ App.DependencyStaticMetadataFileList

WriteAuxiliaryFile /Users/simeonbrandt/SpektoWatch2/.derivedData-watch4/Build/Intermediates.noindex/SpektoWatch2.build/Debug-watchos/SpektoWatch\ Watch\ App.build/SpektoWatch\ Watch\ App.DependencyMetadataFileList (in target 'SpektoWatch Watch App' from project 'SpektoWatch2')
    cd /Users/simeonbrandt/SpektoWatch2
    write-file /Users/simeonbrandt/SpektoWatch2/.derivedData-watch4/Build/Intermediates.noindex/SpektoWatch2.build/Debug-watchos/SpektoWatch\ Watch\ App.build/SpektoWatch\ Watch\ App.DependencyMetadataFileList

WriteAuxiliaryFile /Users/simeonbrandt/SpektoWatch2/.derivedData-watch4/Build/Intermediates.noindex/SpektoWatch2.build/Debug-watchos/SpektoWatch\ Watch\ App.build/SpektoWatch\ Watch\ App-project-headers.hmap (in target 'SpektoWatch Watch App' from project 'SpektoWatch2')
    cd /Users/simeonbrandt/SpektoWatch2
    write-file /Users/simeonbrandt/SpektoWatch2/.derivedData-watch4/Build/Intermediates.noindex/SpektoWatch2.build/Debug-watchos/SpektoWatch\ Watch\ App.build/SpektoWatch\ Watch\ App-project-headers.hmap

WriteAuxiliaryFile /Users/simeonbrandt/SpektoWatch2/.derivedData-watch4/Build/Intermediates.noindex/SpektoWatch2.build/Debug-watchos/SpektoWatch\ Watch\ App.build/SpektoWatch\ Watch\ App-own-target-headers.hmap (in target 'SpektoWatch Watch App' from project 'SpektoWatch2')
    cd /Users/simeonbrandt/SpektoWatch2
    write-file /Users/simeonbrandt/SpektoWatch2/.derivedData-watch4/Build/Intermediates.noindex/SpektoWatch2.build/Debug-watchos/SpektoWatch\ Watch\ App.build/SpektoWatch\ Watch\ App-own-target-headers.hmap

WriteAuxiliaryFile /Users/simeonbrandt/SpektoWatch2/.derivedData-watch4/Build/Intermediates.noindex/SpektoWatch2.build/Debug-watchos/SpektoWatch\ Watch\ App.build/SpektoWatch\ Watch\ App-generated-files.hmap (in target 'SpektoWatch Watch App' from project 'SpektoWatch2')
    cd /Users/simeonbrandt/SpektoWatch2
    write-file /Users/simeonbrandt/SpektoWatch2/.derivedData-watch4/Build/Intermediates.noindex/SpektoWatch2.build/Debug-watchos/SpektoWatch\ Watch\ App.build/SpektoWatch\ Watch\ App-generated-files.hmap

WriteAuxiliaryFile /Users/simeonbrandt/SpektoWatch2/.derivedData-watch4/Build/Intermediates.noindex/SpektoWatch2.build/Debug-watchos/SpektoWatch\ Watch\ App.build/SpektoWatch\ Watch\ App-all-target-headers.hmap (in target 'SpektoWatch Watch App' from project 'SpektoWatch2')
    cd /Users/simeonbrandt/SpektoWatch2
    write-file /Users/simeonbrandt/SpektoWatch2/.derivedData-watch4/Build/Intermediates.noindex/SpektoWatch2.build/Debug-watchos/SpektoWatch\ Watch\ App.build/SpektoWatch\ Watch\ App-all-target-headers.hmap

WriteAuxiliaryFile /Users/simeonbrandt/SpektoWatch2/.derivedData-watch4/Build/Intermediates.noindex/SpektoWatch2.build/Debug-watchos/SpektoWatch\ Watch\ App.build/SpektoWatch\ Watch\ App-all-non-framework-target-headers.hmap (in target 'SpektoWatch Watch App' from project 'SpektoWatch2')
    cd /Users/simeonbrandt/SpektoWatch2
    write-file /Users/simeonbrandt/SpektoWatch2/.derivedData-watch4/Build/Intermediates.noindex/SpektoWatch2.build/Debug-watchos/SpektoWatch\ Watch\ App.build/SpektoWatch\ Watch\ App-all-non-framework-target-headers.hmap

WriteAuxiliaryFile /Users/simeonbrandt/SpektoWatch2/.derivedData-watch4/Build/Intermediates.noindex/SpektoWatch2.build/Debug-watchos/SpektoWatch\ Watch\ App.build/Objects-normal/arm64_32/SpektoWatch\ Watch\ App_const_extract_protocols.json (in target 'SpektoWatch Watch App' from project 'SpektoWatch2')
    cd /Users/simeonbrandt/SpektoWatch2
    write-file /Users/simeonbrandt/SpektoWatch2/.derivedData-watch4/Build/Intermediates.noindex/SpektoWatch2.build/Debug-watchos/SpektoWatch\ Watch\ App.build/Objects-normal/arm64_32/SpektoWatch\ Watch\ App_const_extract_protocols.json

WriteAuxiliaryFile /Users/simeonbrandt/SpektoWatch2/.derivedData-watch4/Build/Intermediates.noindex/SpektoWatch2.build/Debug-watchos/SpektoWatch\ Watch\ App.build/Objects-normal/arm64_32/SpektoWatch\ Watch\ App.SwiftFileList (in target 'SpektoWatch Watch App' from project 'SpektoWatch2')
    cd /Users/simeonbrandt/SpektoWatch2
    write-file /Users/simeonbrandt/SpektoWatch2/.derivedData-watch4/Build/Intermediates.noindex/SpektoWatch2.build/Debug-watchos/SpektoWatch\ Watch\ App.build/Objects-normal/arm64_32/SpektoWatch\ Watch\ App.SwiftFileList

WriteAuxiliaryFile /Users/simeonbrandt/SpektoWatch2/.derivedData-watch4/Build/Intermediates.noindex/SpektoWatch2.build/Debug-watchos/SpektoWatch\ Watch\ App.build/Objects-normal/arm64_32/SpektoWatch\ Watch\ App.SwiftConstValuesFileList (in target 'SpektoWatch Watch App' from project 'SpektoWatch2')
    cd /Users/simeonbrandt/SpektoWatch2
    write-file /Users/simeonbrandt/SpektoWatch2/.derivedData-watch4/Build/Intermediates.noindex/SpektoWatch2.build/Debug-watchos/SpektoWatch\ Watch\ App.build/Objects-normal/arm64_32/SpektoWatch\ Watch\ App.SwiftConstValuesFileList

WriteAuxiliaryFile /Users/simeonbrandt/SpektoWatch2/.derivedData-watch4/Build/Intermediates.noindex/SpektoWatch2.build/Debug-watchos/SpektoWatch\ Watch\ App.build/Objects-normal/arm64_32/SpektoWatch\ Watch\ App.LinkFileList (in target 'SpektoWatch Watch App' from project 'SpektoWatch2')
    cd /Users/simeonbrandt/SpektoWatch2
    write-file /Users/simeonbrandt/SpektoWatch2/.derivedData-watch4/Build/Intermediates.noindex/SpektoWatch2.build/Debug-watchos/SpektoWatch\ Watch\ App.build/Objects-normal/arm64_32/SpektoWatch\ Watch\ App.LinkFileList

WriteAuxiliaryFile /Users/simeonbrandt/SpektoWatch2/.derivedData-watch4/Build/Intermediates.noindex/SpektoWatch2.build/Debug-watchos/SpektoWatch\ Watch\ App.build/Objects-normal/arm64_32/SpektoWatch\ Watch\ App-OutputFileMap.json (in target 'SpektoWatch Watch App' from project 'SpektoWatch2')
    cd /Users/simeonbrandt/SpektoWatch2
    write-file /Users/simeonbrandt/SpektoWatch2/.derivedData-watch4/Build/Intermediates.noindex/SpektoWatch2.build/Debug-watchos/SpektoWatch\ Watch\ App.build/Objects-normal/arm64_32/SpektoWatch\ Watch\ App-OutputFileMap.json

WriteAuxiliaryFile /Users/simeonbrandt/SpektoWatch2/.derivedData-watch4/Build/Intermediates.noindex/SpektoWatch2.build/Debug-watchos/SpektoWatch\ Watch\ App.build/Objects-normal/arm64/SpektoWatch\ Watch\ App_const_extract_protocols.json (in target 'SpektoWatch Watch App' from project 'SpektoWatch2')
    cd /Users/simeonbrandt/SpektoWatch2
    write-file /Users/simeonbrandt/SpektoWatch2/.derivedData-watch4/Build/Intermediates.noindex/SpektoWatch2.build/Debug-watchos/SpektoWatch\ Watch\ App.build/Objects-normal/arm64/SpektoWatch\ Watch\ App_const_extract_protocols.json

WriteAuxiliaryFile /Users/simeonbrandt/SpektoWatch2/.derivedData-watch4/Build/Intermediates.noindex/SpektoWatch2.build/Debug-watchos/SpektoWatch\ Watch\ App.build/Objects-normal/arm64/SpektoWatch\ Watch\ App.SwiftFileList (in target 'SpektoWatch Watch App' from project 'SpektoWatch2')
    cd /Users/simeonbrandt/SpektoWatch2
    write-file /Users/simeonbrandt/SpektoWatch2/.derivedData-watch4/Build/Intermediates.noindex/SpektoWatch2.build/Debug-watchos/SpektoWatch\ Watch\ App.build/Objects-normal/arm64/SpektoWatch\ Watch\ App.SwiftFileList

WriteAuxiliaryFile /Users/simeonbrandt/SpektoWatch2/.derivedData-watch4/Build/Intermediates.noindex/SpektoWatch2.build/Debug-watchos/SpektoWatch\ Watch\ App.build/Objects-normal/arm64/SpektoWatch\ Watch\ App.SwiftConstValuesFileList (in target 'SpektoWatch Watch App' from project 'SpektoWatch2')
    cd /Users/simeonbrandt/SpektoWatch2
    write-file /Users/simeonbrandt/SpektoWatch2/.derivedData-watch4/Build/Intermediates.noindex/SpektoWatch2.build/Debug-watchos/SpektoWatch\ Watch\ App.build/Objects-normal/arm64/SpektoWatch\ Watch\ App.SwiftConstValuesFileList

WriteAuxiliaryFile /Users/simeonbrandt/SpektoWatch2/.derivedData-watch4/Build/Intermediates.noindex/SpektoWatch2.build/Debug-watchos/SpektoWatch\ Watch\ App.build/Objects-normal/arm64/SpektoWatch\ Watch\ App.LinkFileList (in target 'SpektoWatch Watch App' from project 'SpektoWatch2')
    cd /Users/simeonbrandt/SpektoWatch2
    write-file /Users/simeonbrandt/SpektoWatch2/.derivedData-watch4/Build/Intermediates.noindex/SpektoWatch2.build/Debug-watchos/SpektoWatch\ Watch\ App.build/Objects-normal/arm64/SpektoWatch\ Watch\ App.LinkFileList

WriteAuxiliaryFile /Users/simeonbrandt/SpektoWatch2/.derivedData-watch4/Build/Intermediates.noindex/SpektoWatch2.build/Debug-watchos/SpektoWatch\ Watch\ App.build/Objects-normal/arm64/SpektoWatch\ Watch\ App-OutputFileMap.json (in target 'SpektoWatch Watch App' from project 'SpektoWatch2')
    cd /Users/simeonbrandt/SpektoWatch2
    write-file /Users/simeonbrandt/SpektoWatch2/.derivedData-watch4/Build/Intermediates.noindex/SpektoWatch2.build/Debug-watchos/SpektoWatch\ Watch\ App.build/Objects-normal/arm64/SpektoWatch\ Watch\ App-OutputFileMap.json

WriteAuxiliaryFile /Users/simeonbrandt/SpektoWatch2/.derivedData-watch4/Build/Intermediates.noindex/SpektoWatch2.build/Debug-watchos/SpektoWatch\ Watch\ App.build/DerivedSources/Entitlements.plist (in target 'SpektoWatch Watch App' from project 'SpektoWatch2')
    cd /Users/simeonbrandt/SpektoWatch2
    write-file /Users/simeonbrandt/SpektoWatch2/.derivedData-watch4/Build/Intermediates.noindex/SpektoWatch2.build/Debug-watchos/SpektoWatch\ Watch\ App.build/DerivedSources/Entitlements.plist

WriteAuxiliaryFile /Users/simeonbrandt/SpektoWatch2/.derivedData-watch4/Build/Intermediates.noindex/SpektoWatch2.build/Debug-watchos/SpektoWatch\ Complications.build/SpektoWatch\ Complications.DependencyStaticMetadataFileList (in target 'SpektoWatch Complications' from project 'SpektoWatch2')
    cd /Users/simeonbrandt/SpektoWatch2
    write-file /Users/simeonbrandt/SpektoWatch2/.derivedData-watch4/Build/Intermediates.noindex/SpektoWatch2.build/Debug-watchos/SpektoWatch\ Complications.build/SpektoWatch\ Complications.DependencyStaticMetadataFileList

WriteAuxiliaryFile /Users/simeonbrandt/SpektoWatch2/.derivedData-watch4/Build/Intermediates.noindex/SpektoWatch2.build/Debug-watchos/SpektoWatch\ Complications.build/SpektoWatch\ Complications.DependencyMetadataFileList (in target 'SpektoWatch Complications' from project 'SpektoWatch2')
    cd /Users/simeonbrandt/SpektoWatch2
    write-file /Users/simeonbrandt/SpektoWatch2/.derivedData-watch4/Build/Intermediates.noindex/SpektoWatch2.build/Debug-watchos/SpektoWatch\ Complications.build/SpektoWatch\ Complications.DependencyMetadataFileList

WriteAuxiliaryFile /Users/simeonbrandt/SpektoWatch2/.derivedData-watch4/Build/Intermediates.noindex/SpektoWatch2.build/Debug-watchos/SpektoWatch\ Complications.build/SpektoWatch\ Complications-own-target-headers.hmap (in target 'SpektoWatch Complications' from project 'SpektoWatch2')
    cd /Users/simeonbrandt/SpektoWatch2
    write-file /Users/simeonbrandt/SpektoWatch2/.derivedData-watch4/Build/Intermediates.noindex/SpektoWatch2.build/Debug-watchos/SpektoWatch\ Complications.build/SpektoWatch\ Complications-own-target-headers.hmap

WriteAuxiliaryFile /Users/simeonbrandt/SpektoWatch2/.derivedData-watch4/Build/Intermediates.noindex/SpektoWatch2.build/Debug-watchos/SpektoWatch\ Complications.build/SpektoWatch\ Complications-all-target-headers.hmap (in target 'SpektoWatch Complications' from project 'SpektoWatch2')
    cd /Users/simeonbrandt/SpektoWatch2
    write-file /Users/simeonbrandt/SpektoWatch2/.derivedData-watch4/Build/Intermediates.noindex/SpektoWatch2.build/Debug-watchos/SpektoWatch\ Complications.build/SpektoWatch\ Complications-all-target-headers.hmap

WriteAuxiliaryFile /Users/simeonbrandt/SpektoWatch2/.derivedData-watch4/Build/Intermediates.noindex/SpektoWatch2.build/Debug-watchos/SpektoWatch\ Complications.build/SpektoWatch\ Complications-generated-files.hmap (in target 'SpektoWatch Complications' from project 'SpektoWatch2')
    cd /Users/simeonbrandt/SpektoWatch2
    write-file /Users/simeonbrandt/SpektoWatch2/.derivedData-watch4/Build/Intermediates.noindex/SpektoWatch2.build/Debug-watchos/SpektoWatch\ Complications.build/SpektoWatch\ Complications-generated-files.hmap

WriteAuxiliaryFile /Users/simeonbrandt/SpektoWatch2/.derivedData-watch4/Build/Intermediates.noindex/SpektoWatch2.build/Debug-watchos/SpektoWatch\ Complications.build/Objects-normal/arm64_32/SpektoWatch\ Complications.SwiftFileList (in target 'SpektoWatch Complications' from project 'SpektoWatch2')
    cd /Users/simeonbrandt/SpektoWatch2
    write-file /Users/simeonbrandt/SpektoWatch2/.derivedData-watch4/Build/Intermediates.noindex/SpektoWatch2.build/Debug-watchos/SpektoWatch\ Complications.build/Objects-normal/arm64_32/SpektoWatch\ Complications.SwiftFileList

WriteAuxiliaryFile /Users/simeonbrandt/SpektoWatch2/.derivedData-watch4/Build/Intermediates.noindex/SpektoWatch2.build/Debug-watchos/SpektoWatch\ Complications.build/Objects-normal/arm64_32/SpektoWatch\ Complications.SwiftConstValuesFileList (in target 'SpektoWatch Complications' from project 'SpektoWatch2')
    cd /Users/simeonbrandt/SpektoWatch2
    write-file /Users/simeonbrandt/SpektoWatch2/.derivedData-watch4/Build/Intermediates.noindex/SpektoWatch2.build/Debug-watchos/SpektoWatch\ Complications.build/Objects-normal/arm64_32/SpektoWatch\ Complications.SwiftConstValuesFileList

WriteAuxiliaryFile /Users/simeonbrandt/SpektoWatch2/.derivedData-watch4/Build/Intermediates.noindex/SpektoWatch2.build/Debug-watchos/SpektoWatch\ Complications.build/Objects-normal/arm64_32/SpektoWatch\ Complications.LinkFileList (in target 'SpektoWatch Complications' from project 'SpektoWatch2')
    cd /Users/simeonbrandt/SpektoWatch2
    write-file /Users/simeonbrandt/SpektoWatch2/.derivedData-watch4/Build/Intermediates.noindex/SpektoWatch2.build/Debug-watchos/SpektoWatch\ Complications.build/Objects-normal/arm64_32/SpektoWatch\ Complications.LinkFileList

WriteAuxiliaryFile /Users/simeonbrandt/SpektoWatch2/.derivedData-watch4/Build/Intermediates.noindex/SpektoWatch2.build/Debug-watchos/SpektoWatch\ Complications.build/Objects-normal/arm64/SpektoWatch\ Complications_const_extract_protocols.json (in target 'SpektoWatch Complications' from project 'SpektoWatch2')
    cd /Users/simeonbrandt/SpektoWatch2
    write-file /Users/simeonbrandt/SpektoWatch2/.derivedData-watch4/Build/Intermediates.noindex/SpektoWatch2.build/Debug-watchos/SpektoWatch\ Complications.build/Objects-normal/arm64/SpektoWatch\ Complications_const_extract_protocols.json

WriteAuxiliaryFile /Users/simeonbrandt/SpektoWatch2/.derivedData-watch4/Build/Intermediates.noindex/SpektoWatch2.build/Debug-watchos/SpektoWatch\ Complications.build/Objects-normal/arm64/SpektoWatch\ Complications.SwiftFileList (in target 'SpektoWatch Complications' from project 'SpektoWatch2')
    cd /Users/simeonbrandt/SpektoWatch2
    write-file /Users/simeonbrandt/SpektoWatch2/.derivedData-watch4/Build/Intermediates.noindex/SpektoWatch2.build/Debug-watchos/SpektoWatch\ Complications.build/Objects-normal/arm64/SpektoWatch\ Complications.SwiftFileList

WriteAuxiliaryFile /Users/simeonbrandt/SpektoWatch2/.derivedData-watch4/Build/Intermediates.noindex/SpektoWatch2.build/Debug-watchos/SpektoWatch\ Complications.build/Objects-normal/arm64/SpektoWatch\ Complications.SwiftConstValuesFileList (in target 'SpektoWatch Complications' from project 'SpektoWatch2')
    cd /Users/simeonbrandt/SpektoWatch2
    write-file /Users/simeonbrandt/SpektoWatch2/.derivedData-watch4/Build/Intermediates.noindex/SpektoWatch2.build/Debug-watchos/SpektoWatch\ Complications.build/Objects-normal/arm64/SpektoWatch\ Complications.SwiftConstValuesFileList

WriteAuxiliaryFile /Users/simeonbrandt/SpektoWatch2/.derivedData-watch4/Build/Intermediates.noindex/SpektoWatch2.build/Debug-watchos/SpektoWatch\ Complications.build/Objects-normal/arm64/SpektoWatch\ Complications.LinkFileList (in target 'SpektoWatch Complications' from project 'SpektoWatch2')
    cd /Users/simeonbrandt/SpektoWatch2
    write-file /Users/simeonbrandt/SpektoWatch2/.derivedData-watch4/Build/Intermediates.noindex/SpektoWatch2.build/Debug-watchos/SpektoWatch\ Complications.build/Objects-normal/arm64/SpektoWatch\ Complications.LinkFileList

WriteAuxiliaryFile /Users/simeonbrandt/SpektoWatch2/.derivedData-watch4/Build/Intermediates.noindex/SpektoWatch2.build/Debug-watchos/SpektoWatch\ Complications.build/Objects-normal/arm64/SpektoWatch\ Complications-OutputFileMap.json (in target 'SpektoWatch Complications' from project 'SpektoWatch2')
    cd /Users/simeonbrandt/SpektoWatch2
    write-file /Users/simeonbrandt/SpektoWatch2/.derivedData-watch4/Build/Intermediates.noindex/SpektoWatch2.build/Debug-watchos/SpektoWatch\ Complications.build/Objects-normal/arm64/SpektoWatch\ Complications-OutputFileMap.json

MkDir /Users/simeonbrandt/SpektoWatch2/.derivedData-watch4/Build/Products/Debug-iphoneos/SpektoWatch2WidgetExtension.appex (in target 'SpektoWatch2WidgetExtension' from project 'SpektoWatch2')
    cd /Users/simeonbrandt/SpektoWatch2
    /bin/mkdir -p /Users/simeonbrandt/SpektoWatch2/.derivedData-watch4/Build/Products/Debug-iphoneos/SpektoWatch2WidgetExtension.appex

MkDir /Users/simeonbrandt/SpektoWatch2/.derivedData-watch4/Build/Products/Debug-iphoneos/SpektoWatch2.app/PlugIns (in target 'SpektoWatch2' from project 'SpektoWatch2')
    cd /Users/simeonbrandt/SpektoWatch2
    /bin/mkdir -p /Users/simeonbrandt/SpektoWatch2/.derivedData-watch4/Build/Products/Debug-iphoneos/SpektoWatch2.app/PlugIns

MkDir /Users/simeonbrandt/SpektoWatch2/.derivedData-watch4/Build/Products/Debug-iphoneos/SpektoWatch2.app (in target 'SpektoWatch2' from project 'SpektoWatch2')
    cd /Users/simeonbrandt/SpektoWatch2
    /bin/mkdir -p /Users/simeonbrandt/SpektoWatch2/.derivedData-watch4/Build/Products/Debug-iphoneos/SpektoWatch2.app

MkDir /Users/simeonbrandt/SpektoWatch2/.derivedData-watch4/Build/Products/Debug-watchos/SpektoWatch\ Watch\ App.app/PlugIns (in target 'SpektoWatch Watch App' from project 'SpektoWatch2')
    cd /Users/simeonbrandt/SpektoWatch2
    /bin/mkdir -p /Users/simeonbrandt/SpektoWatch2/.derivedData-watch4/Build/Products/Debug-watchos/SpektoWatch\ Watch\ App.app/PlugIns

MkDir /Users/simeonbrandt/SpektoWatch2/.derivedData-watch4/Build/Products/Debug-watchos/SpektoWatch\ Complications.appex (in target 'SpektoWatch Complications' from project 'SpektoWatch2')
    cd /Users/simeonbrandt/SpektoWatch2
    /bin/mkdir -p /Users/simeonbrandt/SpektoWatch2/.derivedData-watch4/Build/Products/Debug-watchos/SpektoWatch\ Complications.appex

MkDir /Users/simeonbrandt/SpektoWatch2/.derivedData-watch4/Build/Products/Debug-watchos/SpektoWatch\ Watch\ App.app (in target 'SpektoWatch Watch App' from project 'SpektoWatch2')
    cd /Users/simeonbrandt/SpektoWatch2
    /bin/mkdir -p /Users/simeonbrandt/SpektoWatch2/.derivedData-watch4/Build/Products/Debug-watchos/SpektoWatch\ Watch\ App.app

ProcessProductPackaging /Users/simeonbrandt/Library/Developer/Xcode/UserData/Provisioning\ Profiles/5fc5651b-f5b2-4a84-ae34-e869c7286d7d.mobileprovision /Users/simeonbrandt/SpektoWatch2/.derivedData-watch4/Build/Products/Debug-iphoneos/SpektoWatch2WidgetExtension.appex/embedded.mobileprovision (in target 'SpektoWatch2WidgetExtension' from project 'SpektoWatch2')
    cd /Users/simeonbrandt/SpektoWatch2
    builtin-productPackagingUtility /Users/simeonbrandt/Library/Developer/Xcode/UserData/Provisioning\ Profiles/5fc5651b-f5b2-4a84-ae34-e869c7286d7d.mobileprovision -o /Users/simeonbrandt/SpektoWatch2/.derivedData-watch4/Build/Products/Debug-iphoneos/SpektoWatch2WidgetExtension.appex/embedded.mobileprovision

ProcessProductPackaging "" /Users/simeonbrandt/SpektoWatch2/.derivedData-watch4/Build/Intermediates.noindex/SpektoWatch2.build/Debug-iphoneos/SpektoWatch2WidgetExtension.build/SpektoWatch2WidgetExtension.appex.xcent (in target 'SpektoWatch2WidgetExtension' from project 'SpektoWatch2')
    cd /Users/simeonbrandt/SpektoWatch2
    
    Entitlements:
    
    {
    "application-identifier" = "L22A8M5245.BrandtAcoustics.SpektoWatch2.SpektoWatch2Widget";
    "com.apple.developer.team-identifier" = L22A8M5245;
    "get-task-allow" = 1;
}
    
    builtin-productPackagingUtility -entitlements -format xml -o /Users/simeonbrandt/SpektoWatch2/.derivedData-watch4/Build/Intermediates.noindex/SpektoWatch2.build/Debug-iphoneos/SpektoWatch2WidgetExtension.build/SpektoWatch2WidgetExtension.appex.xcent

ProcessProductPackaging /Users/simeonbrandt/SpektoWatch2/SpektoWatch\ Complications/SpektoWatchComplications.entitlements /Users/simeonbrandt/SpektoWatch2/.derivedData-watch4/Build/Intermediates.noindex/SpektoWatch2.build/Debug-watchos/SpektoWatch\ Complications.build/SpektoWatch\ Complications.appex.xcent (in target 'SpektoWatch Complications' from project 'SpektoWatch2')
    cd /Users/simeonbrandt/SpektoWatch2
    
    Entitlements:
    
    {
    "application-identifier" = "L22A8M5245.BrandtAcoustics.SpektoWatch2.watchkitapp.complications";
    "com.apple.developer.team-identifier" = L22A8M5245;
    "com.apple.security.application-groups" =     (
        "group.BrandtAcoustics.SpektoWatch2.shared"
    );
    "get-task-allow" = 1;
}
    
    builtin-productPackagingUtility /Users/simeonbrandt/SpektoWatch2/SpektoWatch\ Complications/SpektoWatchComplications.entitlements -entitlements -format xml -o /Users/simeonbrandt/SpektoWatch2/.derivedData-watch4/Build/Intermediates.noindex/SpektoWatch2.build/Debug-watchos/SpektoWatch\ Complications.build/SpektoWatch\ Complications.appex.xcent

ProcessProductPackaging /Users/simeonbrandt/Library/Developer/Xcode/UserData/Provisioning\ Profiles/5c663692-6d93-476f-a799-bb9bf4bea423.mobileprovision /Users/simeonbrandt/SpektoWatch2/.derivedData-watch4/Build/Products/Debug-watchos/SpektoWatch\ Complications.appex/embedded.mobileprovision (in target 'SpektoWatch Complications' from project 'SpektoWatch2')
    cd /Users/simeonbrandt/SpektoWatch2
    builtin-productPackagingUtility /Users/simeonbrandt/Library/Developer/Xcode/UserData/Provisioning\ Profiles/5c663692-6d93-476f-a799-bb9bf4bea423.mobileprovision -o /Users/simeonbrandt/SpektoWatch2/.derivedData-watch4/Build/Products/Debug-watchos/SpektoWatch\ Complications.appex/embedded.mobileprovision

ProcessProductPackagingDER /Users/simeonbrandt/SpektoWatch2/.derivedData-watch4/Build/Intermediates.noindex/SpektoWatch2.build/Debug-watchos/SpektoWatch\ Complications.build/SpektoWatch\ Complications.appex.xcent /Users/simeonbrandt/SpektoWatch2/.derivedData-watch4/Build/Intermediates.noindex/SpektoWatch2.build/Debug-watchos/SpektoWatch\ Complications.build/SpektoWatch\ Complications.appex.xcent.der (in target 'SpektoWatch Complications' from project 'SpektoWatch2')
    cd /Users/simeonbrandt/SpektoWatch2
    /usr/bin/derq query -f xml -i /Users/simeonbrandt/SpektoWatch2/.derivedData-watch4/Build/Intermediates.noindex/SpektoWatch2.build/Debug-watchos/SpektoWatch\ Complications.build/SpektoWatch\ Complications.appex.xcent -o /Users/simeonbrandt/SpektoWatch2/.derivedData-watch4/Build/Intermediates.noindex/SpektoWatch2.build/Debug-watchos/SpektoWatch\ Complications.build/SpektoWatch\ Complications.appex.xcent.der --raw

ProcessProductPackagingDER /Users/simeonbrandt/SpektoWatch2/.derivedData-watch4/Build/Intermediates.noindex/SpektoWatch2.build/Debug-iphoneos/SpektoWatch2WidgetExtension.build/SpektoWatch2WidgetExtension.appex.xcent /Users/simeonbrandt/SpektoWatch2/.derivedData-watch4/Build/Intermediates.noindex/SpektoWatch2.build/Debug-iphoneos/SpektoWatch2WidgetExtension.build/SpektoWatch2WidgetExtension.appex.xcent.der (in target 'SpektoWatch2WidgetExtension' from project 'SpektoWatch2')
    cd /Users/simeonbrandt/SpektoWatch2
    /usr/bin/derq query -f xml -i /Users/simeonbrandt/SpektoWatch2/.derivedData-watch4/Build/Intermediates.noindex/SpektoWatch2.build/Debug-iphoneos/SpektoWatch2WidgetExtension.build/SpektoWatch2WidgetExtension.appex.xcent -o /Users/simeonbrandt/SpektoWatch2/.derivedData-watch4/Build/Intermediates.noindex/SpektoWatch2.build/Debug-iphoneos/SpektoWatch2WidgetExtension.build/SpektoWatch2WidgetExtension.appex.xcent.der --raw

Ld /Users/simeonbrandt/SpektoWatch2/.derivedData-watch4/Build/Products/Debug-iphoneos/SpektoWatch2WidgetExtension.appex/__preview.dylib normal (in target 'SpektoWatch2WidgetExtension' from project 'SpektoWatch2')
    cd /Users/simeonbrandt/SpektoWatch2
    /Applications/Xcode.app/Contents/Developer/Toolchains/XcodeDefault.xctoolchain/usr/bin/clang -Xlinker -reproducible -target arm64-apple-ios18.0 -dynamiclib -isysroot /Applications/Xcode.app/Contents/Developer/Platforms/iPhoneOS.platform/Developer/SDKs/iPhoneOS26.5.sdk -O1 -L/Users/simeonbrandt/SpektoWatch2/.derivedData-watch4/Build/Products/Debug-iphoneos -F/Users/simeonbrandt/SpektoWatch2/.derivedData-watch4/Build/Products/Debug-iphoneos -install_name @rpath/SpektoWatch2WidgetExtension.debug.dylib -Xlinker -dead_strip -rdynamic -Xlinker -debug_variant -Xlinker -dependency_info -Xlinker /Users/simeonbrandt/SpektoWatch2/.derivedData-watch4/Build/Intermediates.noindex/SpektoWatch2.build/Debug-iphoneos/SpektoWatch2WidgetExtension.build/Objects-normal/arm64/SpektoWatch2WidgetExtension_dependency_info.dat -Xlinker -no_adhoc_codesign -o /Users/simeonbrandt/SpektoWatch2/.derivedData-watch4/Build/Products/Debug-iphoneos/SpektoWatch2WidgetExtension.appex/__preview.dylib

MkDir /Users/simeonbrandt/SpektoWatch2/.derivedData-watch4/Build/Intermediates.noindex/SpektoWatch2.build/Debug-iphoneos/SpektoWatch2WidgetExtension.build/assetcatalog_output/thinned (in target 'SpektoWatch2WidgetExtension' from project 'SpektoWatch2')
    cd /Users/simeonbrandt/SpektoWatch2
    /bin/mkdir -p /Users/simeonbrandt/SpektoWatch2/.derivedData-watch4/Build/Intermediates.noindex/SpektoWatch2.build/Debug-iphoneos/SpektoWatch2WidgetExtension.build/assetcatalog_output/thinned

MkDir /Users/simeonbrandt/SpektoWatch2/.derivedData-watch4/Build/Intermediates.noindex/SpektoWatch2.build/Debug-iphoneos/SpektoWatch2WidgetExtension.build/assetcatalog_output/unthinned (in target 'SpektoWatch2WidgetExtension' from project 'SpektoWatch2')
    cd /Users/simeonbrandt/SpektoWatch2
    /bin/mkdir -p /Users/simeonbrandt/SpektoWatch2/.derivedData-watch4/Build/Intermediates.noindex/SpektoWatch2.build/Debug-iphoneos/SpektoWatch2WidgetExtension.build/assetcatalog_output/unthinned

GenerateAssetSymbols /Users/simeonbrandt/SpektoWatch2/SpektoWatch2Widget/Assets.xcassets (in target 'SpektoWatch2WidgetExtension' from project 'SpektoWatch2')
    cd /Users/simeonbrandt/SpektoWatch2
    /Applications/Xcode.app/Contents/Developer/usr/bin/actool /Users/simeonbrandt/SpektoWatch2/SpektoWatch2Widget/Assets.xcassets --compile /Users/simeonbrandt/SpektoWatch2/.derivedData-watch4/Build/Products/Debug-iphoneos/SpektoWatch2WidgetExtension.appex --output-format human-readable-text --notices --warnings --export-dependency-info /Users/simeonbrandt/SpektoWatch2/.derivedData-watch4/Build/Intermediates.noindex/SpektoWatch2.build/Debug-iphoneos/SpektoWatch2WidgetExtension.build/assetcatalog_dependencies --output-partial-info-plist /Users/simeonbrandt/SpektoWatch2/.derivedData-watch4/Build/Intermediates.noindex/SpektoWatch2.build/Debug-iphoneos/SpektoWatch2WidgetExtension.build/assetcatalog_generated_info.plist --accent-color AccentColor --widget-background-color WidgetBackground --compress-pngs --enable-on-demand-resources NO --standalone-icon-behavior all --development-region en --target-device iphone --target-device ipad --minimum-deployment-target 18.0 --platform iphoneos --bundle-identifier BrandtAcoustics.SpektoWatch2.SpektoWatch2Widget --generate-swift-asset-symbols /Users/simeonbrandt/SpektoWatch2/.derivedData-watch4/Build/Intermediates.noindex/SpektoWatch2.build/Debug-iphoneos/SpektoWatch2WidgetExtension.build/DerivedSources/GeneratedAssetSymbols.swift --generate-objc-asset-symbols /Users/simeonbrandt/SpektoWatch2/.derivedData-watch4/Build/Intermediates.noindex/SpektoWatch2.build/Debug-iphoneos/SpektoWatch2WidgetExtension.build/DerivedSources/GeneratedAssetSymbols.h --generate-asset-symbol-index /Users/simeonbrandt/SpektoWatch2/.derivedData-watch4/Build/Intermediates.noindex/SpektoWatch2.build/Debug-iphoneos/SpektoWatch2WidgetExtension.build/DerivedSources/GeneratedAssetSymbols-Index.plist
/* com.apple.actool.compilation-results */
/Users/simeonbrandt/SpektoWatch2/.derivedData-watch4/Build/Intermediates.noindex/SpektoWatch2.build/Debug-iphoneos/SpektoWatch2WidgetExtension.build/DerivedSources/GeneratedAssetSymbols-Index.plist
/Users/simeonbrandt/SpektoWatch2/.derivedData-watch4/Build/Intermediates.noindex/SpektoWatch2.build/Debug-iphoneos/SpektoWatch2WidgetExtension.build/DerivedSources/GeneratedAssetSymbols.h
/Users/simeonbrandt/SpektoWatch2/.derivedData-watch4/Build/Intermediates.noindex/SpektoWatch2.build/Debug-iphoneos/SpektoWatch2WidgetExtension.build/DerivedSources/GeneratedAssetSymbols.swift


ProcessInfoPlistFile /Users/simeonbrandt/SpektoWatch2/.derivedData-watch4/Build/Products/Debug-watchos/SpektoWatch\ Complications.appex/Info.plist /Users/simeonbrandt/SpektoWatch2/SpektoWatch\ Complications/Info.plist (in target 'SpektoWatch Complications' from project 'SpektoWatch2')
    cd /Users/simeonbrandt/SpektoWatch2
    builtin-infoPlistUtility /Users/simeonbrandt/SpektoWatch2/SpektoWatch\ Complications/Info.plist -producttype com.apple.product-type.app-extension -expandbuildsettings -format binary -platform watchos -o /Users/simeonbrandt/SpektoWatch2/.derivedData-watch4/Build/Products/Debug-watchos/SpektoWatch\ Complications.appex/Info.plist

CompileAssetCatalogVariant thinned /Users/simeonbrandt/SpektoWatch2/.derivedData-watch4/Build/Products/Debug-iphoneos/SpektoWatch2WidgetExtension.appex /Users/simeonbrandt/SpektoWatch2/SpektoWatch2Widget/Assets.xcassets (in target 'SpektoWatch2WidgetExtension' from project 'SpektoWatch2')
    cd /Users/simeonbrandt/SpektoWatch2
    /Applications/Xcode.app/Contents/Developer/usr/bin/actool /Users/simeonbrandt/SpektoWatch2/SpektoWatch2Widget/Assets.xcassets --compile /Users/simeonbrandt/SpektoWatch2/.derivedData-watch4/Build/Intermediates.noindex/SpektoWatch2.build/Debug-iphoneos/SpektoWatch2WidgetExtension.build/assetcatalog_output/thinned --output-format human-readable-text --notices --warnings --export-dependency-info /Users/simeonbrandt/SpektoWatch2/.derivedData-watch4/Build/Intermediates.noindex/SpektoWatch2.build/Debug-iphoneos/SpektoWatch2WidgetExtension.build/assetcatalog_dependencies_thinned --output-partial-info-plist /Users/simeonbrandt/SpektoWatch2/.derivedData-watch4/Build/Intermediates.noindex/SpektoWatch2.build/Debug-iphoneos/SpektoWatch2WidgetExtension.build/assetcatalog_generated_info.plist_thinned --accent-color AccentColor --widget-background-color WidgetBackground --compress-pngs --enable-on-demand-resources NO --standalone-icon-behavior all --development-region en --target-device iphone --target-device ipad --minimum-deployment-target 18.0 --platform iphoneos
/* com.apple.actool.compilation-results */
/Users/simeonbrandt/SpektoWatch2/.derivedData-watch4/Build/Intermediates.noindex/SpektoWatch2.build/Debug-iphoneos/SpektoWatch2WidgetExtension.build/assetcatalog_generated_info.plist_thinned


LinkAssetCatalog /Users/simeonbrandt/SpektoWatch2/SpektoWatch2Widget/Assets.xcassets (in target 'SpektoWatch2WidgetExtension' from project 'SpektoWatch2')
    cd /Users/simeonbrandt/SpektoWatch2
    builtin-linkAssetCatalog --thinned /Users/simeonbrandt/SpektoWatch2/.derivedData-watch4/Build/Intermediates.noindex/SpektoWatch2.build/Debug-iphoneos/SpektoWatch2WidgetExtension.build/assetcatalog_output/thinned --thinned-dependencies /Users/simeonbrandt/SpektoWatch2/.derivedData-watch4/Build/Intermediates.noindex/SpektoWatch2.build/Debug-iphoneos/SpektoWatch2WidgetExtension.build/assetcatalog_dependencies_thinned --thinned-info-plist-content /Users/simeonbrandt/SpektoWatch2/.derivedData-watch4/Build/Intermediates.noindex/SpektoWatch2.build/Debug-iphoneos/SpektoWatch2WidgetExtension.build/assetcatalog_generated_info.plist_thinned --unthinned /Users/simeonbrandt/SpektoWatch2/.derivedData-watch4/Build/Intermediates.noindex/SpektoWatch2.build/Debug-iphoneos/SpektoWatch2WidgetExtension.build/assetcatalog_output/unthinned --unthinned-dependencies /Users/simeonbrandt/SpektoWatch2/.derivedData-watch4/Build/Intermediates.noindex/SpektoWatch2.build/Debug-iphoneos/SpektoWatch2WidgetExtension.build/assetcatalog_dependencies_unthinned --unthinned-info-plist-content /Users/simeonbrandt/SpektoWatch2/.derivedData-watch4/Build/Intermediates.noindex/SpektoWatch2.build/Debug-iphoneos/SpektoWatch2WidgetExtension.build/assetcatalog_generated_info.plist_unthinned --output /Users/simeonbrandt/SpektoWatch2/.derivedData-watch4/Build/Products/Debug-iphoneos/SpektoWatch2WidgetExtension.appex --plist-output /Users/simeonbrandt/SpektoWatch2/.derivedData-watch4/Build/Intermediates.noindex/SpektoWatch2.build/Debug-iphoneos/SpektoWatch2WidgetExtension.build/assetcatalog_generated_info.plist

ProcessInfoPlistFile /Users/simeonbrandt/SpektoWatch2/.derivedData-watch4/Build/Products/Debug-iphoneos/SpektoWatch2WidgetExtension.appex/Info.plist /Users/simeonbrandt/SpektoWatch2/SpektoWatch2Widget/Info.plist (in target 'SpektoWatch2WidgetExtension' from project 'SpektoWatch2')
    cd /Users/simeonbrandt/SpektoWatch2
    builtin-infoPlistUtility /Users/simeonbrandt/SpektoWatch2/SpektoWatch2Widget/Info.plist -producttype com.apple.product-type.app-extension -expandbuildsettings -format binary -platform iphoneos -additionalcontentfile /Users/simeonbrandt/SpektoWatch2/.derivedData-watch4/Build/Intermediates.noindex/SpektoWatch2.build/Debug-iphoneos/SpektoWatch2WidgetExtension.build/assetcatalog_generated_info.plist -requiredArchitecture arm64 -o /Users/simeonbrandt/SpektoWatch2/.derivedData-watch4/Build/Products/Debug-iphoneos/SpektoWatch2WidgetExtension.appex/Info.plist

SwiftDriver SpektoWatch\ Complications normal arm64_32 com.apple.xcode.tools.swift.compiler (in target 'SpektoWatch Complications' from project 'SpektoWatch2')
    cd /Users/simeonbrandt/SpektoWatch2
    builtin-SwiftDriver -- /Applications/Xcode.app/Contents/Developer/Toolchains/XcodeDefault.xctoolchain/usr/bin/swiftc -module-name SpektoWatch_Complications -O @/Users/simeonbrandt/SpektoWatch2/.derivedData-watch4/Build/Intermediates.noindex/SpektoWatch2.build/Debug-watchos/SpektoWatch\ Complications.build/Objects-normal/arm64_32/SpektoWatch\ Complications.SwiftFileList -DDEBUG -enable-bare-slash-regex -enable-upcoming-feature DisableOutwardActorInference -enable-upcoming-feature InferSendableFromCaptures -enable-upcoming-feature GlobalActorIsolatedTypesUsability -enable-upcoming-feature MemberImportVisibility -enable-upcoming-feature InferIsolatedConformances -enable-upcoming-feature NonisolatedNonsendingByDefault -enable-experimental-feature DebugDescriptionMacro -sdk /Applications/Xcode.app/Contents/Developer/Platforms/WatchOS.platform/Developer/SDKs/WatchOS26.5.sdk -target arm64_32-apple-watchos11.0 -g -module-cache-path /Users/simeonbrandt/SpektoWatch2/.derivedData-watch4/ModuleCache.noindex -Xfrontend -serialize-debugging-options -application-extension -profile-coverage-mapping -profile-generate -enable-testing -swift-version 5 -I /Users/simeonbrandt/SpektoWatch2/.derivedData-watch4/Build/Products/Debug-watchos -F /Users/simeonbrandt/SpektoWatch2/.derivedData-watch4/Build/Products/Debug-watchos -emit-localized-strings -emit-localized-strings-path /Users/simeonbrandt/SpektoWatch2/.derivedData-watch4/Build/Intermediates.noindex/SpektoWatch2.build/Debug-watchos/SpektoWatch\ Complications.build/Objects-normal/arm64_32 -c -j8 -enable-batch-mode -incremental -Xcc -ivfsstatcache -Xcc /Users/simeonbrandt/SpektoWatch2/.derivedData-watch4/SDKStatCaches.noindex/watchos26.5-23T570-688ef53f1462e2c8f657fdc38a81448f6c525d28bb7368d9e3b927c5b9753508.sdkstatcache -output-file-map /Users/simeonbrandt/SpektoWatch2/.derivedData-watch4/Build/Intermediates.noindex/SpektoWatch2.build/Debug-watchos/SpektoWatch\ Complications.build/Objects-normal/arm64_32/SpektoWatch\ Complications-OutputFileMap.json -use-frontend-parseable-output -save-temps -no-color-diagnostics -explicit-module-build -module-cache-path /Users/simeonbrandt/SpektoWatch2/.derivedData-watch4/Build/Intermediates.noindex/SwiftExplicitPrecompiledModules -clang-scanner-module-cache-path /Users/simeonbrandt/SpektoWatch2/.derivedData-watch4/ModuleCache.noindex -sdk-module-cache-path /Users/simeonbrandt/SpektoWatch2/.derivedData-watch4/ModuleCache.noindex -serialize-diagnostics -emit-dependencies -emit-module -emit-module-path /Users/simeonbrandt/SpektoWatch2/.derivedData-watch4/Build/Intermediates.noindex/SpektoWatch2.build/Debug-watchos/SpektoWatch\ Complications.build/Objects-normal/arm64_32/SpektoWatch_Complications.swiftmodule -validate-clang-modules-once -clang-build-session-file /Users/simeonbrandt/SpektoWatch2/.derivedData-watch4/ModuleCache.noindex/Session.modulevalidation -Xcc -I/Users/simeonbrandt/SpektoWatch2/.derivedData-watch4/Build/Intermediates.noindex/SpektoWatch2.build/Debug-watchos/SpektoWatch\ Complications.build/swift-overrides.hmap -emit-const-values -Xfrontend -const-gather-protocols-file -Xfrontend /Users/simeonbrandt/SpektoWatch2/.derivedData-watch4/Build/Intermediates.noindex/SpektoWatch2.build/Debug-watchos/SpektoWatch\ Complications.build/Objects-normal/arm64_32/SpektoWatch\ Complications_const_extract_protocols.json -Xcc -iquote -Xcc /Users/simeonbrandt/SpektoWatch2/.derivedData-watch4/Build/Intermediates.noindex/SpektoWatch2.build/Debug-watchos/SpektoWatch\ Complications.build/SpektoWatch\ Complications-generated-files.hmap -Xcc -I/Users/simeonbrandt/SpektoWatch2/.derivedData-watch4/Build/Intermediates.noindex/SpektoWatch2.build/Debug-watchos/SpektoWatch\ Complications.build/SpektoWatch\ Complications-own-target-headers.hmap -Xcc -I/Users/simeonbrandt/SpektoWatch2/.derivedData-watch4/Build/Intermediates.noindex/SpektoWatch2.build/Debug-watchos/SpektoWatch\ Complications.build/SpektoWatch\ Complications-all-target-headers.hmap -Xcc -iquote -Xcc /Users/simeonbrandt/SpektoWatch2/.derivedData-watch4/Build/Intermediates.noindex/SpektoWatch2.build/Debug-watchos/SpektoWatch\ Complications.build/SpektoWatch\ Complications-project-headers.hmap -Xcc -I/Users/simeonbrandt/SpektoWatch2/.derivedData-watch4/Build/Products/Debug-watchos/include -Xcc -I/Users/simeonbrandt/SpektoWatch2/.derivedData-watch4/Build/Intermediates.noindex/SpektoWatch2.build/Debug-watchos/SpektoWatch\ Complications.build/DerivedSources-normal/arm64_32 -Xcc -I/Users/simeonbrandt/SpektoWatch2/.derivedData-watch4/Build/Intermediates.noindex/SpektoWatch2.build/Debug-watchos/SpektoWatch\ Complications.build/DerivedSources/arm64_32 -Xcc -I/Users/simeonbrandt/SpektoWatch2/.derivedData-watch4/Build/Intermediates.noindex/SpektoWatch2.build/Debug-watchos/SpektoWatch\ Complications.build/DerivedSources -Xcc -DDEBUG\=1 -emit-objc-header -emit-objc-header-path /Users/simeonbrandt/SpektoWatch2/.derivedData-watch4/Build/Intermediates.noindex/SpektoWatch2.build/Debug-watchos/SpektoWatch\ Complications.build/Objects-normal/arm64_32/SpektoWatch_Complications-Swift.h -working-directory /Users/simeonbrandt/SpektoWatch2 -experimental-emit-module-separately -disable-cmo

SwiftDriver SpektoWatch\ Complications normal arm64 com.apple.xcode.tools.swift.compiler (in target 'SpektoWatch Complications' from project 'SpektoWatch2')
    cd /Users/simeonbrandt/SpektoWatch2
    builtin-SwiftDriver -- /Applications/Xcode.app/Contents/Developer/Toolchains/XcodeDefault.xctoolchain/usr/bin/swiftc -module-name SpektoWatch_Complications -O @/Users/simeonbrandt/SpektoWatch2/.derivedData-watch4/Build/Intermediates.noindex/SpektoWatch2.build/Debug-watchos/SpektoWatch\ Complications.build/Objects-normal/arm64/SpektoWatch\ Complications.SwiftFileList -DDEBUG -enable-bare-slash-regex -enable-upcoming-feature DisableOutwardActorInference -enable-upcoming-feature InferSendableFromCaptures -enable-upcoming-feature GlobalActorIsolatedTypesUsability -enable-upcoming-feature MemberImportVisibility -enable-upcoming-feature InferIsolatedConformances -enable-upcoming-feature NonisolatedNonsendingByDefault -enable-experimental-feature DebugDescriptionMacro -sdk /Applications/Xcode.app/Contents/Developer/Platforms/WatchOS.platform/Developer/SDKs/WatchOS26.5.sdk -target arm64-apple-watchos11.0 -g -module-cache-path /Users/simeonbrandt/SpektoWatch2/.derivedData-watch4/ModuleCache.noindex -Xfrontend -serialize-debugging-options -application-extension -profile-coverage-mapping -profile-generate -enable-testing -swift-version 5 -I /Users/simeonbrandt/SpektoWatch2/.derivedData-watch4/Build/Products/Debug-watchos -F /Users/simeonbrandt/SpektoWatch2/.derivedData-watch4/Build/Products/Debug-watchos -emit-localized-strings -emit-localized-strings-path /Users/simeonbrandt/SpektoWatch2/.derivedData-watch4/Build/Intermediates.noindex/SpektoWatch2.build/Debug-watchos/SpektoWatch\ Complications.build/Objects-normal/arm64 -c -j8 -enable-batch-mode -incremental -Xcc -ivfsstatcache -Xcc /Users/simeonbrandt/SpektoWatch2/.derivedData-watch4/SDKStatCaches.noindex/watchos26.5-23T570-688ef53f1462e2c8f657fdc38a81448f6c525d28bb7368d9e3b927c5b9753508.sdkstatcache -output-file-map /Users/simeonbrandt/SpektoWatch2/.derivedData-watch4/Build/Intermediates.noindex/SpektoWatch2.build/Debug-watchos/SpektoWatch\ Complications.build/Objects-normal/arm64/SpektoWatch\ Complications-OutputFileMap.json -use-frontend-parseable-output -save-temps -no-color-diagnostics -explicit-module-build -module-cache-path /Users/simeonbrandt/SpektoWatch2/.derivedData-watch4/Build/Intermediates.noindex/SwiftExplicitPrecompiledModules -clang-scanner-module-cache-path /Users/simeonbrandt/SpektoWatch2/.derivedData-watch4/ModuleCache.noindex -sdk-module-cache-path /Users/simeonbrandt/SpektoWatch2/.derivedData-watch4/ModuleCache.noindex -serialize-diagnostics -emit-dependencies -emit-module -emit-module-path /Users/simeonbrandt/SpektoWatch2/.derivedData-watch4/Build/Intermediates.noindex/SpektoWatch2.build/Debug-watchos/SpektoWatch\ Complications.build/Objects-normal/arm64/SpektoWatch_Complications.swiftmodule -validate-clang-modules-once -clang-build-session-file /Users/simeonbrandt/SpektoWatch2/.derivedData-watch4/ModuleCache.noindex/Session.modulevalidation -Xcc -I/Users/simeonbrandt/SpektoWatch2/.derivedData-watch4/Build/Intermediates.noindex/SpektoWatch2.build/Debug-watchos/SpektoWatch\ Complications.build/swift-overrides.hmap -emit-const-values -Xfrontend -const-gather-protocols-file -Xfrontend /Users/simeonbrandt/SpektoWatch2/.derivedData-watch4/Build/Intermediates.noindex/SpektoWatch2.build/Debug-watchos/SpektoWatch\ Complications.build/Objects-normal/arm64/SpektoWatch\ Complications_const_extract_protocols.json -Xcc -iquote -Xcc /Users/simeonbrandt/SpektoWatch2/.derivedData-watch4/Build/Intermediates.noindex/SpektoWatch2.build/Debug-watchos/SpektoWatch\ Complications.build/SpektoWatch\ Complications-generated-files.hmap -Xcc -I/Users/simeonbrandt/SpektoWatch2/.derivedData-watch4/Build/Intermediates.noindex/SpektoWatch2.build/Debug-watchos/SpektoWatch\ Complications.build/SpektoWatch\ Complications-own-target-headers.hmap -Xcc -I/Users/simeonbrandt/SpektoWatch2/.derivedData-watch4/Build/Intermediates.noindex/SpektoWatch2.build/Debug-watchos/SpektoWatch\ Complications.build/SpektoWatch\ Complications-all-target-headers.hmap -Xcc -iquote -Xcc /Users/simeonbrandt/SpektoWatch2/.derivedData-watch4/Build/Intermediates.noindex/SpektoWatch2.build/Debug-watchos/SpektoWatch\ Complications.build/SpektoWatch\ Complications-project-headers.hmap -Xcc -I/Users/simeonbrandt/SpektoWatch2/.derivedData-watch4/Build/Products/Debug-watchos/include -Xcc -I/Users/simeonbrandt/SpektoWatch2/.derivedData-watch4/Build/Intermediates.noindex/SpektoWatch2.build/Debug-watchos/SpektoWatch\ Complications.build/DerivedSources-normal/arm64 -Xcc -I/Users/simeonbrandt/SpektoWatch2/.derivedData-watch4/Build/Intermediates.noindex/SpektoWatch2.build/Debug-watchos/SpektoWatch\ Complications.build/DerivedSources/arm64 -Xcc -I/Users/simeonbrandt/SpektoWatch2/.derivedData-watch4/Build/Intermediates.noindex/SpektoWatch2.build/Debug-watchos/SpektoWatch\ Complications.build/DerivedSources -Xcc -DDEBUG\=1 -emit-objc-header -emit-objc-header-path /Users/simeonbrandt/SpektoWatch2/.derivedData-watch4/Build/Intermediates.noindex/SpektoWatch2.build/Debug-watchos/SpektoWatch\ Complications.build/Objects-normal/arm64/SpektoWatch_Complications-Swift.h -working-directory /Users/simeonbrandt/SpektoWatch2 -experimental-emit-module-separately -disable-cmo

SwiftDriver SpektoWatch2WidgetExtension normal arm64 com.apple.xcode.tools.swift.compiler (in target 'SpektoWatch2WidgetExtension' from project 'SpektoWatch2')
    cd /Users/simeonbrandt/SpektoWatch2
    builtin-SwiftDriver -- /Applications/Xcode.app/Contents/Developer/Toolchains/XcodeDefault.xctoolchain/usr/bin/swiftc -module-name SpektoWatch2WidgetExtension -Onone @/Users/simeonbrandt/SpektoWatch2/.derivedData-watch4/Build/Intermediates.noindex/SpektoWatch2.build/Debug-iphoneos/SpektoWatch2WidgetExtension.build/Objects-normal/arm64/SpektoWatch2WidgetExtension.SwiftFileList -DDEBUG -enable-bare-slash-regex -enable-upcoming-feature DisableOutwardActorInference -enable-upcoming-feature InferSendableFromCaptures -enable-upcoming-feature GlobalActorIsolatedTypesUsability -enable-upcoming-feature MemberImportVisibility -enable-upcoming-feature InferIsolatedConformances -enable-upcoming-feature NonisolatedNonsendingByDefault -enable-experimental-feature DebugDescriptionMacro -sdk /Applications/Xcode.app/Contents/Developer/Platforms/iPhoneOS.platform/Developer/SDKs/iPhoneOS26.5.sdk -target arm64-apple-ios18.0 -g -module-cache-path /Users/simeonbrandt/SpektoWatch2/.derivedData-watch4/ModuleCache.noindex -Xfrontend -serialize-debugging-options -application-extension -profile-coverage-mapping -profile-generate -enable-testing -index-store-path /Users/simeonbrandt/SpektoWatch2/.derivedData-watch4/Index.noindex/DataStore -swift-version 5 -I /Users/simeonbrandt/SpektoWatch2/.derivedData-watch4/Build/Products/Debug-iphoneos -F /Users/simeonbrandt/SpektoWatch2/.derivedData-watch4/Build/Products/Debug-iphoneos -emit-localized-strings -emit-localized-strings-path /Users/simeonbrandt/SpektoWatch2/.derivedData-watch4/Build/Intermediates.noindex/SpektoWatch2.build/Debug-iphoneos/SpektoWatch2WidgetExtension.build/Objects-normal/arm64 -c -j8 -enable-batch-mode -incremental -Xcc -ivfsstatcache -Xcc /Users/simeonbrandt/SpektoWatch2/.derivedData-watch4/SDKStatCaches.noindex/iphoneos26.5-23F73-688ef53f1462e2c8f657fdc38a81448f32daed1954a7d5dd0789fcaf2a9bb78b.sdkstatcache -output-file-map /Users/simeonbrandt/SpektoWatch2/.derivedData-watch4/Build/Intermediates.noindex/SpektoWatch2.build/Debug-iphoneos/SpektoWatch2WidgetExtension.build/Objects-normal/arm64/SpektoWatch2WidgetExtension-OutputFileMap.json -use-frontend-parseable-output -save-temps -no-color-diagnostics -explicit-module-build -module-cache-path /Users/simeonbrandt/SpektoWatch2/.derivedData-watch4/Build/Intermediates.noindex/SwiftExplicitPrecompiledModules -clang-scanner-module-cache-path /Users/simeonbrandt/SpektoWatch2/.derivedData-watch4/ModuleCache.noindex -sdk-module-cache-path /Users/simeonbrandt/SpektoWatch2/.derivedData-watch4/ModuleCache.noindex -serialize-diagnostics -emit-dependencies -emit-module -emit-module-path /Users/simeonbrandt/SpektoWatch2/.derivedData-watch4/Build/Intermediates.noindex/SpektoWatch2.build/Debug-iphoneos/SpektoWatch2WidgetExtension.build/Objects-normal/arm64/SpektoWatch2WidgetExtension.swiftmodule -validate-clang-modules-once -clang-build-session-file /Users/simeonbrandt/SpektoWatch2/.derivedData-watch4/ModuleCache.noindex/Session.modulevalidation -Xcc -I/Users/simeonbrandt/SpektoWatch2/.derivedData-watch4/Build/Intermediates.noindex/SpektoWatch2.build/Debug-iphoneos/SpektoWatch2WidgetExtension.build/swift-overrides.hmap -emit-const-values -Xfrontend -const-gather-protocols-file -Xfrontend /Users/simeonbrandt/SpektoWatch2/.derivedData-watch4/Build/Intermediates.noindex/SpektoWatch2.build/Debug-iphoneos/SpektoWatch2WidgetExtension.build/Objects-normal/arm64/SpektoWatch2WidgetExtension_const_extract_protocols.json -Xcc -iquote -Xcc /Users/simeonbrandt/SpektoWatch2/.derivedData-watch4/Build/Intermediates.noindex/SpektoWatch2.build/Debug-iphoneos/SpektoWatch2WidgetExtension.build/SpektoWatch2WidgetExtension-generated-files.hmap -Xcc -I/Users/simeonbrandt/SpektoWatch2/.derivedData-watch4/Build/Intermediates.noindex/SpektoWatch2.build/Debug-iphoneos/SpektoWatch2WidgetExtension.build/SpektoWatch2WidgetExtension-own-target-headers.hmap -Xcc -I/Users/simeonbrandt/SpektoWatch2/.derivedData-watch4/Build/Intermediates.noindex/SpektoWatch2.build/Debug-iphoneos/SpektoWatch2WidgetExtension.build/SpektoWatch2WidgetExtension-all-target-headers.hmap -Xcc -iquote -Xcc /Users/simeonbrandt/SpektoWatch2/.derivedData-watch4/Build/Intermediates.noindex/SpektoWatch2.build/Debug-iphoneos/SpektoWatch2WidgetExtension.build/SpektoWatch2WidgetExtension-project-headers.hmap -Xcc -I/Users/simeonbrandt/SpektoWatch2/.derivedData-watch4/Build/Products/Debug-iphoneos/include -Xcc -I/Users/simeonbrandt/SpektoWatch2/.derivedData-watch4/Build/Intermediates.noindex/SpektoWatch2.build/Debug-iphoneos/SpektoWatch2WidgetExtension.build/DerivedSources-normal/arm64 -Xcc -I/Users/simeonbrandt/SpektoWatch2/.derivedData-watch4/Build/Intermediates.noindex/SpektoWatch2.build/Debug-iphoneos/SpektoWatch2WidgetExtension.build/DerivedSources/arm64 -Xcc -I/Users/simeonbrandt/SpektoWatch2/.derivedData-watch4/Build/Intermediates.noindex/SpektoWatch2.build/Debug-iphoneos/SpektoWatch2WidgetExtension.build/DerivedSources -Xcc -DDEBUG\=1 -emit-objc-header -emit-objc-header-path /Users/simeonbrandt/SpektoWatch2/.derivedData-watch4/Build/Intermediates.noindex/SpektoWatch2.build/Debug-iphoneos/SpektoWatch2WidgetExtension.build/Objects-normal/arm64/SpektoWatch2WidgetExtension-Swift.h -working-directory /Users/simeonbrandt/SpektoWatch2 -experimental-emit-module-separately -disable-cmo

SwiftExplicitDependencyGeneratePcm arm64_32 /Users/simeonbrandt/SpektoWatch2/.derivedData-watch4/ModuleCache.noindex/SwiftShims-59LZ20DN1JFG3O3YNAKB5VZCY.pcm

SwiftExplicitDependencyGeneratePcm arm64 /Users/simeonbrandt/SpektoWatch2/.derivedData-watch4/ModuleCache.noindex/ptrauth-CD78QCTIAR88KA5VOEMY4PUHJ.pcm

SwiftExplicitDependencyGeneratePcm arm64_32 /Users/simeonbrandt/SpektoWatch2/.derivedData-watch4/ModuleCache.noindex/_Builtin_stddef-EW845GN3O4H4ZBHADYRJ2FHN2.pcm

SwiftExplicitDependencyGeneratePcm arm64 /Users/simeonbrandt/SpektoWatch2/.derivedData-watch4/ModuleCache.noindex/_Builtin_stddef-9VZC84LANOM6UTBRE5B365M1I.pcm

SwiftExplicitDependencyGeneratePcm arm64 /Users/simeonbrandt/SpektoWatch2/.derivedData-watch4/ModuleCache.noindex/SwiftShims-P37JBJKM2R9EQ2EB9Z0NEWVX.pcm

SwiftExplicitDependencyGeneratePcm arm64 /Users/simeonbrandt/SpektoWatch2/.derivedData-watch4/ModuleCache.noindex/ptrcheck-94J98FP54NIA0QYEQJLOJ3VBQ.pcm

SwiftExplicitDependencyGeneratePcm arm64 /Users/simeonbrandt/SpektoWatch2/.derivedData-watch4/ModuleCache.noindex/_Builtin_stdarg-CJF8NOP1TTWAG9VP1WZ1CZLRY.pcm

SwiftExplicitDependencyGeneratePcm arm64 /Users/simeonbrandt/SpektoWatch2/.derivedData-watch4/ModuleCache.noindex/_SwiftConcurrencyShims-8IFR7L136I8BABL60US74GV3X.pcm

SwiftExplicitDependencyGeneratePcm arm64_32 /Users/simeonbrandt/SpektoWatch2/.derivedData-watch4/ModuleCache.noindex/ptrauth-55TE620QKP3ILXXGB5WMLCMHQ.pcm

SwiftExplicitDependencyGeneratePcm arm64_32 /Users/simeonbrandt/SpektoWatch2/.derivedData-watch4/ModuleCache.noindex/DeveloperToolsSupport-4435UP7SUKTC93MYMLEKQPTX6.pcm

SwiftExplicitDependencyGeneratePcm arm64 /Users/simeonbrandt/SpektoWatch2/.derivedData-watch4/ModuleCache.noindex/DeveloperToolsSupport-B5S16QLVH8A85012J1NZC74KG.pcm

SwiftExplicitDependencyGeneratePcm arm64_32 /Users/simeonbrandt/SpektoWatch2/.derivedData-watch4/ModuleCache.noindex/_Builtin_stdbool-8I63MVNZK4XAINY4Z9GDT46KJ.pcm

SwiftExplicitDependencyGeneratePcm arm64 /Users/simeonbrandt/SpektoWatch2/.derivedData-watch4/ModuleCache.noindex/_AvailabilityInternal-8IFLF6JJFN0TLEL74DWIXWDZ7.pcm

SwiftExplicitDependencyGeneratePcm arm64_32 /Users/simeonbrandt/SpektoWatch2/.derivedData-watch4/ModuleCache.noindex/_AvailabilityInternal-BUA8I2ANJ894IZP52SH05YXZI.pcm

SwiftExplicitDependencyGeneratePcm arm64_32 /Users/simeonbrandt/SpektoWatch2/.derivedData-watch4/ModuleCache.noindex/_Builtin_float-D9S50FJATZZNSAY68OAA7LB3L.pcm

SwiftExplicitDependencyGeneratePcm arm64_32 /Users/simeonbrandt/SpektoWatch2/.derivedData-watch4/ModuleCache.noindex/_Builtin_stdarg-323NWRB359YZF6O794SJMUTZX.pcm

SwiftExplicitDependencyGeneratePcm arm64 /Users/simeonbrandt/SpektoWatch2/.derivedData-watch4/ModuleCache.noindex/SwiftShims-590Y7BZS3OFPFT5HWDB8R9BGM.pcm

SwiftExplicitDependencyGeneratePcm arm64 /Users/simeonbrandt/SpektoWatch2/.derivedData-watch4/ModuleCache.noindex/_Builtin_float-645AGWJSZ9BB4GBMHWFJLXGUX.pcm

SwiftExplicitDependencyGeneratePcm arm64 /Users/simeonbrandt/SpektoWatch2/.derivedData-watch4/ModuleCache.noindex/_Builtin_stddef-BYR1WFM9IL9MDZ3DNWSKL3HNW.pcm

SwiftExplicitDependencyGeneratePcm arm64 /Users/simeonbrandt/SpektoWatch2/.derivedData-watch4/ModuleCache.noindex/ActivityKit-CTWPFYP813LURG2C86Z1HB2ZX.pcm

SwiftExplicitDependencyGeneratePcm arm64 /Users/simeonbrandt/SpektoWatch2/.derivedData-watch4/ModuleCache.noindex/_Builtin_stdarg-70KYC95E3IDWCFMG9AUUKO7UB.pcm

SwiftExplicitDependencyGeneratePcm arm64 /Users/simeonbrandt/SpektoWatch2/.derivedData-watch4/ModuleCache.noindex/ptrauth-SCY2A5BWYHTOBU9IAB3TI2GE.pcm

SwiftExplicitDependencyGeneratePcm arm64 /Users/simeonbrandt/SpektoWatch2/.derivedData-watch4/ModuleCache.noindex/_AvailabilityInternal-47L628O7YEY5M7C59I8XIUVHI.pcm

SwiftExplicitDependencyGeneratePcm arm64 /Users/simeonbrandt/SpektoWatch2/.derivedData-watch4/ModuleCache.noindex/_DarwinFoundation1-7VMS1KT446B8RU878SUVFQ42.pcm

SwiftExplicitDependencyGeneratePcm arm64 /Users/simeonbrandt/SpektoWatch2/.derivedData-watch4/ModuleCache.noindex/_Builtin_stdbool-818NK7YY8342HE6HD3492IFSZ.pcm

SwiftExplicitDependencyGeneratePcm arm64 /Users/simeonbrandt/SpektoWatch2/.derivedData-watch4/ModuleCache.noindex/DeveloperToolsSupport-B2SS9ZGPRI0327BW9I21OWD98.pcm

SwiftExplicitDependencyGeneratePcm arm64 /Users/simeonbrandt/SpektoWatch2/.derivedData-watch4/ModuleCache.noindex/_SwiftConcurrencyShims-DJS9NJMMLJSO39WIQ3OQ3GXZB.pcm

SwiftExplicitDependencyGeneratePcm arm64_32 /Users/simeonbrandt/SpektoWatch2/.derivedData-watch4/ModuleCache.noindex/ptrcheck-GRSEWZ4TOYENJOLFE51VIDSC.pcm

SwiftExplicitDependencyGeneratePcm arm64 /Users/simeonbrandt/SpektoWatch2/.derivedData-watch4/ModuleCache.noindex/_Builtin_stdbool-7UWHB606KXQGVVIRUET0LCT6.pcm

SwiftExplicitDependencyGeneratePcm arm64 /Users/simeonbrandt/SpektoWatch2/.derivedData-watch4/ModuleCache.noindex/ptrcheck-2X23NVIY431IVXQ2K3VET8K6H.pcm

SwiftExplicitDependencyGeneratePcm arm64 /Users/simeonbrandt/SpektoWatch2/.derivedData-watch4/ModuleCache.noindex/_Builtin_float-CBA64KIR3BBGD4X7YOQHTZ7TV.pcm

SwiftExplicitDependencyGeneratePcm arm64_32 /Users/simeonbrandt/SpektoWatch2/.derivedData-watch4/ModuleCache.noindex/_SwiftConcurrencyShims-8DU1MNGQLJ9VMSJV8QZ4DTWKJ.pcm

SwiftExplicitDependencyGeneratePcm arm64_32 /Users/simeonbrandt/SpektoWatch2/.derivedData-watch4/ModuleCache.noindex/_DarwinFoundation1-DCFMWLHGMCL4XYYFZWPZ39KW1.pcm

SwiftExplicitDependencyGeneratePcm arm64 /Users/simeonbrandt/SpektoWatch2/.derivedData-watch4/ModuleCache.noindex/_DarwinFoundation1-8A0G0BPGHZAV76XVZXR1JR9K6.pcm

SwiftExplicitDependencyGeneratePcm arm64 /Users/simeonbrandt/SpektoWatch2/.derivedData-watch4/ModuleCache.noindex/_DarwinFoundation2-34PT2VAS2UVHYQK3LC2RNVP3Q.pcm

SwiftExplicitDependencyGeneratePcm arm64 /Users/simeonbrandt/SpektoWatch2/.derivedData-watch4/ModuleCache.noindex/_Builtin_limits-1UP9IFVXWO61RMG01TNG7A6S6.pcm

SwiftExplicitDependencyGeneratePcm arm64 /Users/simeonbrandt/SpektoWatch2/.derivedData-watch4/ModuleCache.noindex/ExtensionFoundation-8GG9EYEWMV4HR4YCM1FMU2U1U.pcm

SwiftExplicitDependencyGeneratePcm arm64_32 /Users/simeonbrandt/SpektoWatch2/.derivedData-watch4/ModuleCache.noindex/_DarwinFoundation2-803ND8SWVJ7R8NQYUJNITNSAW.pcm

SwiftExplicitDependencyGeneratePcm arm64_32 /Users/simeonbrandt/SpektoWatch2/.derivedData-watch4/ModuleCache.noindex/ExtensionFoundation-1IOSMERD6JY39J775ZO7IXUAQ.pcm

SwiftExplicitDependencyGeneratePcm arm64_32 /Users/simeonbrandt/SpektoWatch2/.derivedData-watch4/ModuleCache.noindex/_Builtin_limits-33QZAII0PQA6TN16J3QKDWNB2.pcm

SwiftExplicitDependencyGeneratePcm arm64 /Users/simeonbrandt/SpektoWatch2/.derivedData-watch4/ModuleCache.noindex/ExtensionFoundation-D1MRQPOF8F0KOTMNDOB1QO6NU.pcm

SwiftExplicitDependencyGeneratePcm arm64 /Users/simeonbrandt/SpektoWatch2/.derivedData-watch4/ModuleCache.noindex/_DarwinFoundation2-3UY8AMWE3A6D4UY4JI6DF88CP.pcm

SwiftExplicitDependencyGeneratePcm arm64 /Users/simeonbrandt/SpektoWatch2/.derivedData-watch4/ModuleCache.noindex/_Builtin_limits-2XWLWHWOC2JQV7145NA5GUTPB.pcm

SwiftExplicitDependencyGeneratePcm arm64 /Users/simeonbrandt/SpektoWatch2/.derivedData-watch4/ModuleCache.noindex/sys_types-C97RD6556E1HRCOV1VNPUUY89.pcm

SwiftExplicitDependencyGeneratePcm arm64 /Users/simeonbrandt/SpektoWatch2/.derivedData-watch4/ModuleCache.noindex/_Builtin_tgmath-6FK997SDSRA220O03Y57BPN6K.pcm

SwiftExplicitDependencyGeneratePcm arm64 /Users/simeonbrandt/SpektoWatch2/.derivedData-watch4/ModuleCache.noindex/_Builtin_stdint-74W96FJ2A6RHONP7Y395UGGKG.pcm

SwiftExplicitDependencyGeneratePcm arm64_32 /Users/simeonbrandt/SpektoWatch2/.derivedData-watch4/ModuleCache.noindex/_Builtin_stdint-9MKSOPDHXNXP013UBEM0HOJPC.pcm

SwiftExplicitDependencyGeneratePcm arm64_32 /Users/simeonbrandt/SpektoWatch2/.derivedData-watch4/ModuleCache.noindex/_Builtin_tgmath-4TH4IJAWNAFX0ZTSNJ025AIZ9.pcm

SwiftExplicitDependencyGeneratePcm arm64_32 /Users/simeonbrandt/SpektoWatch2/.derivedData-watch4/ModuleCache.noindex/sys_types-BTP6D5ZBZDKSH2LFWGI5FRGSI.pcm

SwiftExplicitDependencyGeneratePcm arm64 /Users/simeonbrandt/SpektoWatch2/.derivedData-watch4/ModuleCache.noindex/_Builtin_tgmath-DX42RLR6FBUMMB6WDPHMK6UYM.pcm

SwiftExplicitDependencyGeneratePcm arm64 /Users/simeonbrandt/SpektoWatch2/.derivedData-watch4/ModuleCache.noindex/sys_types-6WNG7NSYXYUJ2HD9LKW8ADCB5.pcm

SwiftExplicitDependencyGeneratePcm arm64 /Users/simeonbrandt/SpektoWatch2/.derivedData-watch4/ModuleCache.noindex/_Builtin_stdint-8WL8WNIEPK724DCI91HX2SGQL.pcm

SwiftExplicitDependencyGeneratePcm arm64 /Users/simeonbrandt/SpektoWatch2/.derivedData-watch4/ModuleCache.noindex/_Builtin_stdatomic-6G29L5DBYJ69UTE5I38VFX8F.pcm

SwiftExplicitDependencyGeneratePcm arm64 /Users/simeonbrandt/SpektoWatch2/.derivedData-watch4/ModuleCache.noindex/_Builtin_intrinsics-367J6ZRRIKOYJEW0JQTQ55X4Y.pcm

SwiftExplicitDependencyGeneratePcm arm64 /Users/simeonbrandt/SpektoWatch2/.derivedData-watch4/ModuleCache.noindex/_DarwinFoundation3-DGSUTEUZAB4EWPORIHOSFYGEP.pcm

SwiftExplicitDependencyGeneratePcm arm64_32 /Users/simeonbrandt/SpektoWatch2/.derivedData-watch4/ModuleCache.noindex/_DarwinFoundation3-D57EMAZCYKD50IAL3DTP07O20.pcm

SwiftExplicitDependencyGeneratePcm arm64_32 /Users/simeonbrandt/SpektoWatch2/.derivedData-watch4/ModuleCache.noindex/_Builtin_stdatomic-AH79T4B2Z119CCLWHG8VTVVFR.pcm

SwiftExplicitDependencyGeneratePcm arm64_32 /Users/simeonbrandt/SpektoWatch2/.derivedData-watch4/ModuleCache.noindex/_Builtin_intrinsics-BAS5EESNABO9NXOSZR390UTQK.pcm

SwiftExplicitDependencyGeneratePcm arm64 /Users/simeonbrandt/SpektoWatch2/.derivedData-watch4/ModuleCache.noindex/_Builtin_stdatomic-E48DQNRHADYXV916PZLHFK16K.pcm

SwiftExplicitDependencyGeneratePcm arm64 /Users/simeonbrandt/SpektoWatch2/.derivedData-watch4/ModuleCache.noindex/_Builtin_intrinsics-BNE7LAX8QOQAA2D5S8EL2J8F7.pcm

SwiftExplicitDependencyGeneratePcm arm64 /Users/simeonbrandt/SpektoWatch2/.derivedData-watch4/ModuleCache.noindex/_DarwinFoundation3-6ZA2WDPFV5PSVOV73ACBOVU97.pcm

SwiftExplicitDependencyGeneratePcm arm64 /Users/simeonbrandt/SpektoWatch2/.derivedData-watch4/ModuleCache.noindex/_Builtin_inttypes-9J0NXOO5ZW8RYY8DM2PE9A64E.pcm

SwiftExplicitDependencyGeneratePcm arm64_32 /Users/simeonbrandt/SpektoWatch2/.derivedData-watch4/ModuleCache.noindex/_Builtin_inttypes-E0GPL8J6LLMZ9RK17WPZ3HIQP.pcm

SwiftExplicitDependencyGeneratePcm arm64 /Users/simeonbrandt/SpektoWatch2/.derivedData-watch4/ModuleCache.noindex/_Builtin_inttypes-5JVLHWPKJMQIX571XK6LDHR74.pcm

SwiftExplicitDependencyGeneratePcm arm64 /Users/simeonbrandt/SpektoWatch2/.derivedData-watch4/ModuleCache.noindex/Darwin-E1I7THEI6Y7BD4NW2RYJY16F6.pcm

SwiftExplicitDependencyGeneratePcm arm64_32 /Users/simeonbrandt/SpektoWatch2/.derivedData-watch4/ModuleCache.noindex/Darwin-33LNOGI7C0I64LA6JP8HB0BNS.pcm

SwiftExplicitDependencyGeneratePcm arm64 /Users/simeonbrandt/SpektoWatch2/.derivedData-watch4/ModuleCache.noindex/Darwin-3Z0G02YNG2SZZW57YVY8O6FUJ.pcm

SwiftExplicitDependencyGeneratePcm arm64 /Users/simeonbrandt/SpektoWatch2/.derivedData-watch4/ModuleCache.noindex/simd-DJNZZUI218XUHP5QVBQK802YA.pcm

SwiftExplicitDependencyGeneratePcm arm64_32 /Users/simeonbrandt/SpektoWatch2/.derivedData-watch4/ModuleCache.noindex/simd-3HHGR2RLT6CGR62JEYIDJUAO0.pcm

SwiftExplicitDependencyGeneratePcm arm64 /Users/simeonbrandt/SpektoWatch2/.derivedData-watch4/ModuleCache.noindex/simd-1HYRE7V95D86ABVRB63B7FILH.pcm

SwiftExplicitDependencyGeneratePcm arm64 /Users/simeonbrandt/SpektoWatch2/.derivedData-watch4/ModuleCache.noindex/MachO-AGU8R0FUXHDAH1RVMEVXE40ZV.pcm

SwiftExplicitDependencyGeneratePcm arm64 /Users/simeonbrandt/SpektoWatch2/.derivedData-watch4/ModuleCache.noindex/ObjectiveC-5VMJN8ZXKN6UCVWMQF4OO7H2D.pcm

SwiftExplicitDependencyGeneratePcm arm64_32 /Users/simeonbrandt/SpektoWatch2/.derivedData-watch4/ModuleCache.noindex/MachO-80ZJMKQKGF1CEU97QBB63MIQA.pcm

SwiftExplicitDependencyGeneratePcm arm64_32 /Users/simeonbrandt/SpektoWatch2/.derivedData-watch4/ModuleCache.noindex/ObjectiveC-54YK6MRJYMVLASDSHXOB32G5H.pcm

SwiftExplicitDependencyGeneratePcm arm64 /Users/simeonbrandt/SpektoWatch2/.derivedData-watch4/ModuleCache.noindex/os_object-3EPJR8P01F8P7UAKGVM5WYAWD.pcm

SwiftExplicitDependencyGeneratePcm arm64 /Users/simeonbrandt/SpektoWatch2/.derivedData-watch4/ModuleCache.noindex/Spatial-6ZW5IWVOFTUS5EUDV6CKQ81DG.pcm

SwiftExplicitDependencyGeneratePcm arm64_32 /Users/simeonbrandt/SpektoWatch2/.derivedData-watch4/ModuleCache.noindex/os_object-AC5A0MJVK3NFF38AGQD69WZN6.pcm

SwiftExplicitDependencyGeneratePcm arm64_32 /Users/simeonbrandt/SpektoWatch2/.derivedData-watch4/ModuleCache.noindex/os_workgroup-AI8VT2AFPO2EPUUL0BRDXJQUF.pcm

SwiftExplicitDependencyGeneratePcm arm64_32 /Users/simeonbrandt/SpektoWatch2/.derivedData-watch4/ModuleCache.noindex/Dispatch-A5BVWVLSBPXPR1WD72HUORQBH.pcm

SwiftExplicitDependencyGeneratePcm arm64_32 /Users/simeonbrandt/SpektoWatch2/.derivedData-watch4/ModuleCache.noindex/dnssd-68R5FDOIFFM6OPWMQEDVUV7JX.pcm

SwiftExplicitDependencyGeneratePcm arm64_32 /Users/simeonbrandt/SpektoWatch2/.derivedData-watch4/ModuleCache.noindex/CoreFoundation-DAVZ1K1JM2F95U4I0FC6ECJNF.pcm

SwiftExplicitDependencyGeneratePcm arm64_32 /Users/simeonbrandt/SpektoWatch2/.derivedData-watch4/ModuleCache.noindex/XPC-9UZ1SOJE5MI420XKV6IXCEV7X.pcm

SwiftExplicitDependencyGeneratePcm arm64 /Users/simeonbrandt/SpektoWatch2/.derivedData-watch4/ModuleCache.noindex/os_workgroup-2RF6IZ96A9L1WHL7LLFB0ZRSQ.pcm

SwiftExplicitDependencyGeneratePcm arm64 /Users/simeonbrandt/SpektoWatch2/.derivedData-watch4/ModuleCache.noindex/MachO-1PNHU693GF3YVYMIGGAPTNYQB.pcm

SwiftExplicitDependencyGeneratePcm arm64 /Users/simeonbrandt/SpektoWatch2/.derivedData-watch4/ModuleCache.noindex/ObjectiveC-45ZLHQUB1EAZ55436FL0JWF8F.pcm

SwiftExplicitDependencyGeneratePcm arm64 /Users/simeonbrandt/SpektoWatch2/.derivedData-watch4/ModuleCache.noindex/Dispatch-8J0WO2QXHAZRP5UZH1YW3TARX.pcm

SwiftExplicitDependencyGeneratePcm arm64_32 /Users/simeonbrandt/SpektoWatch2/.derivedData-watch4/ModuleCache.noindex/os-2TOENRAYGKORVHCZRWLK45FFO.pcm

SwiftExplicitDependencyGeneratePcm arm64 /Users/simeonbrandt/SpektoWatch2/.derivedData-watch4/ModuleCache.noindex/os_object-AJ27NMCYELEYZUDAU9H1L0L8W.pcm

SwiftExplicitDependencyGeneratePcm arm64_32 /Users/simeonbrandt/SpektoWatch2/.derivedData-watch4/ModuleCache.noindex/CoreGraphics-CTYP71RS4KZAR001YHYG5GOTZ.pcm

SwiftExplicitDependencyGeneratePcm arm64_32 /Users/simeonbrandt/SpektoWatch2/.derivedData-watch4/ModuleCache.noindex/Security-4SEVMQGXEFC1SECW76I8H4VQZ.pcm

SwiftExplicitDependencyGeneratePcm arm64 /Users/simeonbrandt/SpektoWatch2/.derivedData-watch4/ModuleCache.noindex/Spatial-97BNELJ2OGK9FI13LCPP98BN1.pcm

SwiftExplicitDependencyGeneratePcm arm64 /Users/simeonbrandt/SpektoWatch2/.derivedData-watch4/ModuleCache.noindex/CoreFoundation-5G7XGXDO6YUXGMPO4LZN2MK1U.pcm

SwiftExplicitDependencyGeneratePcm arm64 /Users/simeonbrandt/SpektoWatch2/.derivedData-watch4/ModuleCache.noindex/dnssd-F333QG4AUIY0KRJV8AWDW4XXJ.pcm

SwiftExplicitDependencyGeneratePcm arm64 /Users/simeonbrandt/SpektoWatch2/.derivedData-watch4/ModuleCache.noindex/XPC-5LFPZ555CL72OLMOPIHWN5OVQ.pcm

SwiftExplicitDependencyGeneratePcm arm64 /Users/simeonbrandt/SpektoWatch2/.derivedData-watch4/ModuleCache.noindex/os_workgroup-2UCJRPCRZKCQASGDPKOSV87PB.pcm

SwiftExplicitDependencyGeneratePcm arm64_32 /Users/simeonbrandt/SpektoWatch2/.derivedData-watch4/ModuleCache.noindex/Spatial-56Z5NHZ5W69BNCEGABH2D7FX4.pcm

SwiftExplicitDependencyGeneratePcm arm64 /Users/simeonbrandt/SpektoWatch2/.derivedData-watch4/ModuleCache.noindex/Dispatch-EA9JYWGHRDJW7DQUJTFY5ASM6.pcm

SwiftExplicitDependencyGeneratePcm arm64 /Users/simeonbrandt/SpektoWatch2/.derivedData-watch4/ModuleCache.noindex/os-4SII3TO8IA1GD1QJ82RKM8QNI.pcm

SwiftExplicitDependencyGeneratePcm arm64_32 /Users/simeonbrandt/SpektoWatch2/.derivedData-watch4/ModuleCache.noindex/Foundation-BP25YDFWP4FFNFJH1V14ZTE0Y.pcm

SwiftExplicitDependencyGeneratePcm arm64_32 /Users/simeonbrandt/SpektoWatch2/.derivedData-watch4/ModuleCache.noindex/CoreText-EEQR5GDWQAXGZ4SWHC7IAPMRX.pcm

SwiftExplicitDependencyGeneratePcm arm64_32 /Users/simeonbrandt/SpektoWatch2/.derivedData-watch4/ModuleCache.noindex/CoreVideo-8Z3L6EMAO6BUQXK9M78Z5AB35.pcm

SwiftExplicitDependencyGeneratePcm arm64 /Users/simeonbrandt/SpektoWatch2/.derivedData-watch4/ModuleCache.noindex/CoreFoundation-8VR5675HFHIQ5Z7MRKR2N2EQH.pcm

SwiftExplicitDependencyGeneratePcm arm64 /Users/simeonbrandt/SpektoWatch2/.derivedData-watch4/ModuleCache.noindex/dnssd-30W2BI5M7SZKJNUKDIEXBQLI5.pcm

SwiftExplicitDependencyGeneratePcm arm64 /Users/simeonbrandt/SpektoWatch2/.derivedData-watch4/ModuleCache.noindex/XPC-2TS466Z8TUTH3TBZINHZP5XY9.pcm

SwiftExplicitDependencyGeneratePcm arm64 /Users/simeonbrandt/SpektoWatch2/.derivedData-watch4/ModuleCache.noindex/Security-DGZZ2R61ASNTD5RWXOJW4MOGX.pcm

SwiftExplicitDependencyGeneratePcm arm64 /Users/simeonbrandt/SpektoWatch2/.derivedData-watch4/ModuleCache.noindex/CoreGraphics-7T5VN7RSVHSH8EDHRGMO04I5S.pcm

SwiftExplicitDependencyGeneratePcm arm64 /Users/simeonbrandt/SpektoWatch2/.derivedData-watch4/ModuleCache.noindex/os-5MJ5A4E2YDOR0758IQKYZ3NHZ.pcm

SwiftExplicitDependencyGeneratePcm arm64 /Users/simeonbrandt/SpektoWatch2/.derivedData-watch4/ModuleCache.noindex/Foundation-5ZDJE58MTBROGSZP9C1DRP9T9.pcm

SwiftExplicitDependencyGeneratePcm arm64 /Users/simeonbrandt/SpektoWatch2/.derivedData-watch4/ModuleCache.noindex/CoreGraphics-69DYYVPGNKV3276P77WUN75RO.pcm

SwiftExplicitDependencyGeneratePcm arm64 /Users/simeonbrandt/SpektoWatch2/.derivedData-watch4/ModuleCache.noindex/CFNetwork-BUB220XHI9I0IN1SVOZ47A08U.pcm

SwiftExplicitDependencyGeneratePcm arm64 /Users/simeonbrandt/SpektoWatch2/.derivedData-watch4/ModuleCache.noindex/Security-1C05SW3KIIJQWYV2XXE92SBMO.pcm

SwiftExplicitDependencyGeneratePcm arm64 /Users/simeonbrandt/SpektoWatch2/.derivedData-watch4/ModuleCache.noindex/CoreVideo-6GRQLDDY6W88SYX10C5UGCAQQ.pcm

SwiftExplicitDependencyGeneratePcm arm64 /Users/simeonbrandt/SpektoWatch2/.derivedData-watch4/ModuleCache.noindex/CoreText-ESAWVGOJI6MC7AW60PYP7A2ML.pcm

SwiftExplicitDependencyGeneratePcm arm64 /Users/simeonbrandt/SpektoWatch2/.derivedData-watch4/ModuleCache.noindex/Foundation-A7I7EJROJ4H1KV5H3T3DRB5CT.pcm

SwiftExplicitDependencyGeneratePcm arm64 /Users/simeonbrandt/SpektoWatch2/.derivedData-watch4/ModuleCache.noindex/CoreText-BQWZ0K16FOS774C0NV5ZPVZA7.pcm

SwiftExplicitDependencyGeneratePcm arm64 /Users/simeonbrandt/SpektoWatch2/.derivedData-watch4/ModuleCache.noindex/ImageIO-C6C4VUASDQYWWGOVM66SXSNK5.pcm

SwiftExplicitDependencyGeneratePcm arm64_32 /Users/simeonbrandt/SpektoWatch2/.derivedData-watch4/ModuleCache.noindex/Network-8U1UF8WJ0CZU3P9Y6N8I1OUVK.pcm

SwiftExplicitDependencyGeneratePcm arm64_32 /Users/simeonbrandt/SpektoWatch2/.derivedData-watch4/ModuleCache.noindex/SceneKit-EXMIREI7S5U9IKNXMCOGDAW9D.pcm

SwiftExplicitDependencyGeneratePcm arm64_32 /Users/simeonbrandt/SpektoWatch2/.derivedData-watch4/ModuleCache.noindex/OSLog-697HJC4TRN2031CXEG7N0XYTU.pcm

SwiftExplicitDependencyGeneratePcm arm64_32 /Users/simeonbrandt/SpektoWatch2/.derivedData-watch4/ModuleCache.noindex/AppIntents-CGJSJWQBBOWX1B8PP5ZBM8IFH.pcm

SwiftExplicitDependencyGeneratePcm arm64_32 /Users/simeonbrandt/SpektoWatch2/.derivedData-watch4/ModuleCache.noindex/_LocationEssentials-D2227O7CVVSC786I8YM64BSCB.pcm

SwiftExplicitDependencyGeneratePcm arm64_32 /Users/simeonbrandt/SpektoWatch2/.derivedData-watch4/ModuleCache.noindex/QuartzCore-CHIF50EA04J3KGF0K9BKSTT00.pcm

SwiftExplicitDependencyGeneratePcm arm64_32 /Users/simeonbrandt/SpektoWatch2/.derivedData-watch4/ModuleCache.noindex/UIUtilities-CPYG5FCRU28DHBFSM3ORVQBII.pcm

SwiftExplicitDependencyGeneratePcm arm64 /Users/simeonbrandt/SpektoWatch2/.derivedData-watch4/ModuleCache.noindex/Symbols-2KA535ICG5P3CEXDMW82MOZEI.pcm

SwiftExplicitDependencyGeneratePcm arm64 /Users/simeonbrandt/SpektoWatch2/.derivedData-watch4/ModuleCache.noindex/Network-ULQ9WLGHM9ZLPEO2IQLAIA02.pcm

SwiftExplicitDependencyGeneratePcm arm64_32 /Users/simeonbrandt/SpektoWatch2/.derivedData-watch4/ModuleCache.noindex/CoreLocation-5RLSKI4X5IWD47YFVRTO9LKL5.pcm

SwiftExplicitDependencyGeneratePcm arm64_32 /Users/simeonbrandt/SpektoWatch2/.derivedData-watch4/ModuleCache.noindex/RelevanceKit-3VLV5BNFDA0BC6PTE67SYH6T6.pcm

SwiftExplicitDependencyGeneratePcm arm64 /Users/simeonbrandt/SpektoWatch2/.derivedData-watch4/ModuleCache.noindex/_LocationEssentials-4ELLDHR4VU47SL45JYCZ2Q5QX.pcm

SwiftExplicitDependencyGeneratePcm arm64_32 /Users/simeonbrandt/SpektoWatch2/.derivedData-watch4/ModuleCache.noindex/Symbols-PHV16EMDCXASU0FGLCOW2AML.pcm

SwiftExplicitDependencyGeneratePcm arm64 /Users/simeonbrandt/SpektoWatch2/.derivedData-watch4/ModuleCache.noindex/CoreData-AKTXL9VFROQCYZGQOOJ79PSZX.pcm

SwiftExplicitDependencyGeneratePcm arm64 /Users/simeonbrandt/SpektoWatch2/.derivedData-watch4/ModuleCache.noindex/WidgetKit-6JVHLBLGDMXRMVQMT8ZD7S9AN.pcm

SwiftExplicitDependencyGeneratePcm arm64 /Users/simeonbrandt/SpektoWatch2/.derivedData-watch4/ModuleCache.noindex/CoreTransferable-6S7SFQM00ZL7QVKVKN13W4S4I.pcm

SwiftExplicitDependencyGeneratePcm arm64_32 /Users/simeonbrandt/SpektoWatch2/.derivedData-watch4/ModuleCache.noindex/UserNotifications-Y58EDRIKJWDQ0VJIVDN7Z35V.pcm

SwiftExplicitDependencyGeneratePcm arm64 /Users/simeonbrandt/SpektoWatch2/.derivedData-watch4/ModuleCache.noindex/OSLog-DTNJ9MZN76SOQ2S2TRKU1CUBE.pcm

SwiftExplicitDependencyGeneratePcm arm64 /Users/simeonbrandt/SpektoWatch2/.derivedData-watch4/ModuleCache.noindex/CoreLocation-2Y56OSHW07VIQQCUR5HIN9LM9.pcm

SwiftExplicitDependencyGeneratePcm arm64 /Users/simeonbrandt/SpektoWatch2/.derivedData-watch4/ModuleCache.noindex/QuartzCore-4428Z937H2M2WPREJJS69EGQK.pcm

SwiftExplicitDependencyGeneratePcm arm64_32 /Users/simeonbrandt/SpektoWatch2/.derivedData-watch4/ModuleCache.noindex/CoreTransferable-PBXK0JQMAHCJL8I0TJ4FX6QM.pcm

SwiftExplicitDependencyGeneratePcm arm64 /Users/simeonbrandt/SpektoWatch2/.derivedData-watch4/ModuleCache.noindex/UniformTypeIdentifiers-CP9NHMHZAW60IVZENKHHLHZYF.pcm

SwiftExplicitDependencyGeneratePcm arm64_32 /Users/simeonbrandt/SpektoWatch2/.derivedData-watch4/ModuleCache.noindex/DataDetection-DZP7FQABF18SLTGE9VK4XTNVX.pcm

SwiftExplicitDependencyGeneratePcm arm64 /Users/simeonbrandt/SpektoWatch2/.derivedData-watch4/ModuleCache.noindex/UIUtilities-CDMFGB8RRQDCRORDIAODHGX59.pcm

SwiftExplicitDependencyGeneratePcm arm64 /Users/simeonbrandt/SpektoWatch2/.derivedData-watch4/ModuleCache.noindex/AppIntents-270RM92Z1GAJ666E1YX95D4LS.pcm

SwiftExplicitDependencyGeneratePcm arm64_32 /Users/simeonbrandt/SpektoWatch2/.derivedData-watch4/ModuleCache.noindex/SwiftUICore-3BYAVEM6R8F3U6Y1HQ0BX8P14.pcm

SwiftExplicitDependencyGeneratePcm arm64_32 /Users/simeonbrandt/SpektoWatch2/.derivedData-watch4/ModuleCache.noindex/UniformTypeIdentifiers-7RY9YTV4VMX89ITJ8L8MWXKSL.pcm

SwiftExplicitDependencyGeneratePcm arm64_32 /Users/simeonbrandt/SpektoWatch2/.derivedData-watch4/ModuleCache.noindex/Accessibility-8PYJ7YAEUGVD18KTB6Z76YCYF.pcm

SwiftExplicitDependencyGeneratePcm arm64_32 /Users/simeonbrandt/SpektoWatch2/.derivedData-watch4/ModuleCache.noindex/UIKit-DRH3SX82A63NC30CWSSC3V6XP.pcm

SwiftExplicitDependencyGeneratePcm arm64_32 /Users/simeonbrandt/SpektoWatch2/.derivedData-watch4/ModuleCache.noindex/Intents-3DP2X0W46AC97PUPN1451T7AO.pcm

SwiftExplicitDependencyGeneratePcm arm64_32 /Users/simeonbrandt/SpektoWatch2/.derivedData-watch4/ModuleCache.noindex/CoreData-2PSPZSHKB8HBVK58WXREK2Y2U.pcm

SwiftExplicitDependencyGeneratePcm arm64 /Users/simeonbrandt/SpektoWatch2/.derivedData-watch4/ModuleCache.noindex/RelevanceKit-EYQ80MMC42J63AE8EO48FRLNL.pcm

SwiftExplicitDependencyGeneratePcm arm64 /Users/simeonbrandt/SpektoWatch2/.derivedData-watch4/ModuleCache.noindex/SwiftUICore-7ZZNKZEBY4O6MFLPN4PWNUA99.pcm

SwiftExplicitDependencyGeneratePcm arm64 /Users/simeonbrandt/SpektoWatch2/.derivedData-watch4/ModuleCache.noindex/DataDetection-CTP72JNMRASUYRNFFNO2D4FH3.pcm

SwiftExplicitDependencyGeneratePcm arm64 /Users/simeonbrandt/SpektoWatch2/.derivedData-watch4/ModuleCache.noindex/SceneKit-80D7NWTUFQ5UJRETIZ7ZXYMIS.pcm

SwiftExplicitDependencyGeneratePcm arm64_32 /Users/simeonbrandt/SpektoWatch2/.derivedData-watch4/ModuleCache.noindex/WidgetKit-48XRRSNW8F06393GC1MM3K027.pcm

SwiftExplicitDependencyGeneratePcm arm64 /Users/simeonbrandt/SpektoWatch2/.derivedData-watch4/ModuleCache.noindex/Accessibility-AFEGXPD2X6EMI2FUFH6IA8HTD.pcm

SwiftExplicitDependencyGeneratePcm arm64 /Users/simeonbrandt/SpektoWatch2/.derivedData-watch4/ModuleCache.noindex/UserNotifications-EG7PQ4XS7IE3VJ5S5X8KTPP5W.pcm

SwiftExplicitDependencyGeneratePcm arm64 /Users/simeonbrandt/SpektoWatch2/.derivedData-watch4/ModuleCache.noindex/WidgetKit-4QD4EPLITDBUKFI2K6L2MGXTD.pcm

SwiftExplicitDependencyGeneratePcm arm64 /Users/simeonbrandt/SpektoWatch2/.derivedData-watch4/ModuleCache.noindex/IOSurface-90QREFDUJE1WF460QK7T4MEE9.pcm

SwiftExplicitDependencyGeneratePcm arm64 /Users/simeonbrandt/SpektoWatch2/.derivedData-watch4/ModuleCache.noindex/CoreData-7H0NVHYDI7PBPRW0O1WBISNMH.pcm

SwiftExplicitDependencyGeneratePcm arm64 /Users/simeonbrandt/SpektoWatch2/.derivedData-watch4/ModuleCache.noindex/FileProvider-27KVBPWEHIS8817OKBTSVKNX6.pcm

SwiftExplicitDependencyGeneratePcm arm64 /Users/simeonbrandt/SpektoWatch2/.derivedData-watch4/ModuleCache.noindex/Intents-CHDDGELIFDYB1KILYY2ELXGV2.pcm

SwiftExplicitDependencyGeneratePcm arm64 /Users/simeonbrandt/SpektoWatch2/.derivedData-watch4/ModuleCache.noindex/UIKit-DOX3XO72YNS46NBJ24JB953W0.pcm

SwiftExplicitDependencyGeneratePcm arm64 /Users/simeonbrandt/SpektoWatch2/.derivedData-watch4/ModuleCache.noindex/_LocationEssentials-CF86XMVO6XAS0W3VT4BFKNB82.pcm

SwiftExplicitDependencyGeneratePcm arm64 /Users/simeonbrandt/SpektoWatch2/.derivedData-watch4/ModuleCache.noindex/Symbols-25NY9FQ8KHT0PV59I4ME3MF0P.pcm

SwiftExplicitDependencyGeneratePcm arm64 /Users/simeonbrandt/SpektoWatch2/.derivedData-watch4/ModuleCache.noindex/Metal-D5GGY007GSZNLNDLQCUC84KZ9.pcm

SwiftExplicitDependencyGeneratePcm arm64 /Users/simeonbrandt/SpektoWatch2/.derivedData-watch4/ModuleCache.noindex/OSLog-27XTL1XWMVZIQYEN6A2Q509MS.pcm

SwiftExplicitDependencyGeneratePcm arm64 /Users/simeonbrandt/SpektoWatch2/.derivedData-watch4/ModuleCache.noindex/CoreLocation-4K9OR9ZRXEB4ZGRXAH3Q1GQMR.pcm

SwiftExplicitDependencyGeneratePcm arm64 /Users/simeonbrandt/SpektoWatch2/.derivedData-watch4/ModuleCache.noindex/OpenGLES-BEGK04KAI9B01REYJMTIAGNVE.pcm

SwiftExplicitDependencyGeneratePcm arm64 /Users/simeonbrandt/SpektoWatch2/.derivedData-watch4/ModuleCache.noindex/UserNotifications-3SQPYTQKBSBLOBY2LMG7AE3SW.pcm

SwiftExplicitDependencyGeneratePcm arm64 /Users/simeonbrandt/SpektoWatch2/.derivedData-watch4/ModuleCache.noindex/AppIntents-C0YBMSPJMBD7YC9IF1NPM4SQA.pcm

SwiftExplicitDependencyGeneratePcm arm64 /Users/simeonbrandt/SpektoWatch2/.derivedData-watch4/ModuleCache.noindex/CoreTransferable-1GDATDKAJYT8LBKISRPZZAX7O.pcm

SwiftExplicitDependencyGeneratePcm arm64 /Users/simeonbrandt/SpektoWatch2/.derivedData-watch4/ModuleCache.noindex/Intents-B6LTGMV12V6E8SP5TWYP97QEH.pcm

SwiftExplicitDependencyGeneratePcm arm64 /Users/simeonbrandt/SpektoWatch2/.derivedData-watch4/ModuleCache.noindex/DataDetection-7BZOTI71RZZ5J5HU5U427Z8DO.pcm

SwiftExplicitDependencyGeneratePcm arm64 /Users/simeonbrandt/SpektoWatch2/.derivedData-watch4/ModuleCache.noindex/RelevanceKit-9V71UN257XVOU0BP7UFXAYGW8.pcm

SwiftExplicitDependencyGeneratePcm arm64 /Users/simeonbrandt/SpektoWatch2/.derivedData-watch4/ModuleCache.noindex/UIUtilities-79ALBAAP8FFU7H7NBTXD4K2K8.pcm

SwiftExplicitDependencyGeneratePcm arm64 /Users/simeonbrandt/SpektoWatch2/.derivedData-watch4/ModuleCache.noindex/Accessibility-2PB8VOVAZRJ8WLDZHZOS4WL5Z.pcm

SwiftExplicitDependencyGeneratePcm arm64 /Users/simeonbrandt/SpektoWatch2/.derivedData-watch4/ModuleCache.noindex/CoreVideo-9IEP1PJEPWX04VLYAOJQASEM5.pcm

SwiftExplicitDependencyGeneratePcm arm64 /Users/simeonbrandt/SpektoWatch2/.derivedData-watch4/ModuleCache.noindex/UniformTypeIdentifiers-3ZUEGL9SZ0OLGOHP9CYYVTGD8.pcm

SwiftExplicitDependencyGeneratePcm arm64 /Users/simeonbrandt/SpektoWatch2/.derivedData-watch4/ModuleCache.noindex/Network-F24O3K1LLHZX837OVVZJT9L40.pcm

SwiftExplicitDependencyGeneratePcm arm64 /Users/simeonbrandt/SpektoWatch2/.derivedData-watch4/ModuleCache.noindex/CoreSpotlight-95I31L0NN489ZLI7LCJ0F4XWK.pcm

SwiftExplicitDependencyGeneratePcm arm64 /Users/simeonbrandt/SpektoWatch2/.derivedData-watch4/ModuleCache.noindex/CoreImage-76UH18A0GTEFM5X73XWB1B7I.pcm

SwiftExplicitDependencyGeneratePcm arm64 /Users/simeonbrandt/SpektoWatch2/.derivedData-watch4/ModuleCache.noindex/QuartzCore-ACYQF6Y51E15437JGO8EKA1YB.pcm

SwiftExplicitDependencyGeneratePcm arm64 /Users/simeonbrandt/SpektoWatch2/.derivedData-watch4/ModuleCache.noindex/SwiftUICore-71NUNGU0AGOW0IY4G4468LTK7.pcm

SwiftExplicitDependencyGeneratePcm arm64 /Users/simeonbrandt/SpektoWatch2/.derivedData-watch4/ModuleCache.noindex/UIKit-6R4A51QG1QJTW5ZW0GXFFOXPU.pcm

SwiftExplicitDependencyGeneratePcm arm64_32 /Users/simeonbrandt/SpektoWatch2/.derivedData-watch4/ModuleCache.noindex/HomeKit-9EIL63DER89CZ6AG98UA4OG8P.pcm

SwiftExplicitDependencyGeneratePcm arm64_32 /Users/simeonbrandt/SpektoWatch2/.derivedData-watch4/ModuleCache.noindex/MapKit-C3DA8CWHKIVTEL6Q22APSY8X0.pcm

SwiftExplicitDependencyGeneratePcm arm64 /Users/simeonbrandt/SpektoWatch2/.derivedData-watch4/ModuleCache.noindex/HomeKit-D3X0AT6R46568OQF08OUTCXMQ.pcm

SwiftExplicitDependencyGeneratePcm arm64 /Users/simeonbrandt/SpektoWatch2/.derivedData-watch4/ModuleCache.noindex/MapKit-A48CX6ZVBY4JJTAHTTILNPNW8.pcm

SwiftExplicitDependencyGeneratePcm arm64_32 /Users/simeonbrandt/SpektoWatch2/.derivedData-watch4/ModuleCache.noindex/WatchKit-744V0PX4TS2M90DJ27SXV724Z.pcm

SwiftExplicitDependencyGeneratePcm arm64 /Users/simeonbrandt/SpektoWatch2/.derivedData-watch4/ModuleCache.noindex/WatchKit-BUXAUADK1TKL6T3B6APGVP0DP.pcm

SwiftExplicitDependencyGeneratePcm arm64 /Users/simeonbrandt/SpektoWatch2/.derivedData-watch4/ModuleCache.noindex/SwiftUI-CU5UL70JVGOT8GVAB6ZGD51UY.pcm

SwiftExplicitDependencyGeneratePcm arm64 /Users/simeonbrandt/SpektoWatch2/.derivedData-watch4/ModuleCache.noindex/SwiftUI-BR2PVQ322YYLH86H4NV7JCHE7.pcm

SwiftExplicitDependencyGeneratePcm arm64_32 /Users/simeonbrandt/SpektoWatch2/.derivedData-watch4/ModuleCache.noindex/SwiftUI-C4VYVVL9TQ38FBQWXQ0XVPA05.pcm

SwiftEmitModule normal arm64 Emitting\ module\ for\ SpektoWatch2WidgetExtension (in target 'SpektoWatch2WidgetExtension' from project 'SpektoWatch2')
EmitSwiftModule normal arm64 (in target 'SpektoWatch2WidgetExtension' from project 'SpektoWatch2')
    cd /Users/simeonbrandt/SpektoWatch2
    

SwiftCompile normal arm64 Compiling\ GeneratedAssetSymbols.swift /Users/simeonbrandt/SpektoWatch2/.derivedData-watch4/Build/Intermediates.noindex/SpektoWatch2.build/Debug-iphoneos/SpektoWatch2WidgetExtension.build/DerivedSources/GeneratedAssetSymbols.swift (in target 'SpektoWatch2WidgetExtension' from project 'SpektoWatch2')
SwiftCompile normal arm64 /Users/simeonbrandt/SpektoWatch2/.derivedData-watch4/Build/Intermediates.noindex/SpektoWatch2.build/Debug-iphoneos/SpektoWatch2WidgetExtension.build/DerivedSources/GeneratedAssetSymbols.swift (in target 'SpektoWatch2WidgetExtension' from project 'SpektoWatch2')
    cd /Users/simeonbrandt/SpektoWatch2
    

SwiftCompile normal arm64 Compiling\ SpektoWatch2WidgetLiveActivity.swift /Users/simeonbrandt/SpektoWatch2/SpektoWatch2Widget/SpektoWatch2WidgetLiveActivity.swift (in target 'SpektoWatch2WidgetExtension' from project 'SpektoWatch2')

SwiftCompile normal arm64 /Users/simeonbrandt/SpektoWatch2/SpektoWatch2Widget/SpektoWatch2WidgetLiveActivity.swift (in target 'SpektoWatch2WidgetExtension' from project 'SpektoWatch2')
    cd /Users/simeonbrandt/SpektoWatch2
    

SwiftCompile normal arm64 Compiling\ MeasurementActivityAttributes.swift /Users/simeonbrandt/SpektoWatch2/Shared/MeasurementActivityAttributes.swift (in target 'SpektoWatch2WidgetExtension' from project 'SpektoWatch2')

SwiftCompile normal arm64 /Users/simeonbrandt/SpektoWatch2/Shared/MeasurementActivityAttributes.swift (in target 'SpektoWatch2WidgetExtension' from project 'SpektoWatch2')
    cd /Users/simeonbrandt/SpektoWatch2
    

SwiftCompile normal arm64 Compiling\ SpektoWatch2WidgetBundle.swift /Users/simeonbrandt/SpektoWatch2/SpektoWatch2Widget/SpektoWatch2WidgetBundle.swift (in target 'SpektoWatch2WidgetExtension' from project 'SpektoWatch2')

SwiftCompile normal arm64 /Users/simeonbrandt/SpektoWatch2/SpektoWatch2Widget/SpektoWatch2WidgetBundle.swift (in target 'SpektoWatch2WidgetExtension' from project 'SpektoWatch2')
    cd /Users/simeonbrandt/SpektoWatch2
    

SwiftEmitModule normal arm64 Emitting\ module\ for\ SpektoWatch_Complications (in target 'SpektoWatch Complications' from project 'SpektoWatch2')

EmitSwiftModule normal arm64 (in target 'SpektoWatch Complications' from project 'SpektoWatch2')
    cd /Users/simeonbrandt/SpektoWatch2
    

SwiftCompile normal arm64 Compiling\ WatchComplicationWidget.swift /Users/simeonbrandt/SpektoWatch2/SpektoWatch\ Complications/WatchComplicationWidget.swift (in target 'SpektoWatch Complications' from project 'SpektoWatch2')

SwiftCompile normal arm64 /Users/simeonbrandt/SpektoWatch2/SpektoWatch\ Complications/WatchComplicationWidget.swift (in target 'SpektoWatch Complications' from project 'SpektoWatch2')
    cd /Users/simeonbrandt/SpektoWatch2
    

SwiftCompile normal arm64 Compiling\ WatchComplicationViews.swift /Users/simeonbrandt/SpektoWatch2/SpektoWatch\ Complications/WatchComplicationViews.swift (in target 'SpektoWatch Complications' from project 'SpektoWatch2')

SwiftCompile normal arm64 /Users/simeonbrandt/SpektoWatch2/SpektoWatch\ Complications/WatchComplicationViews.swift (in target 'SpektoWatch Complications' from project 'SpektoWatch2')
    cd /Users/simeonbrandt/SpektoWatch2
    

SwiftEmitModule normal arm64_32 Emitting\ module\ for\ SpektoWatch_Complications (in target 'SpektoWatch Complications' from project 'SpektoWatch2')

EmitSwiftModule normal arm64_32 (in target 'SpektoWatch Complications' from project 'SpektoWatch2')
    cd /Users/simeonbrandt/SpektoWatch2
    

SwiftDriverJobDiscovery normal arm64 Emitting module for SpektoWatch2WidgetExtension (in target 'SpektoWatch2WidgetExtension' from project 'SpektoWatch2')

SwiftCompile normal arm64_32 Compiling\ WatchComplicationViews.swift /Users/simeonbrandt/SpektoWatch2/SpektoWatch\ Complications/WatchComplicationViews.swift (in target 'SpektoWatch Complications' from project 'SpektoWatch2')

SwiftCompile normal arm64_32 /Users/simeonbrandt/SpektoWatch2/SpektoWatch\ Complications/WatchComplicationViews.swift (in target 'SpektoWatch Complications' from project 'SpektoWatch2')
    cd /Users/simeonbrandt/SpektoWatch2
    

SwiftDriverJobDiscovery normal arm64 Emitting module for SpektoWatch_Complications (in target 'SpektoWatch Complications' from project 'SpektoWatch2')

SwiftDriver\ Compilation\ Requirements SpektoWatch2WidgetExtension normal arm64 com.apple.xcode.tools.swift.compiler (in target 'SpektoWatch2WidgetExtension' from project 'SpektoWatch2')
    cd /Users/simeonbrandt/SpektoWatch2
    builtin-Swift-Compilation-Requirements -- /Applications/Xcode.app/Contents/Developer/Toolchains/XcodeDefault.xctoolchain/usr/bin/swiftc -module-name SpektoWatch2WidgetExtension -Onone @/Users/simeonbrandt/SpektoWatch2/.derivedData-watch4/Build/Intermediates.noindex/SpektoWatch2.build/Debug-iphoneos/SpektoWatch2WidgetExtension.build/Objects-normal/arm64/SpektoWatch2WidgetExtension.SwiftFileList -DDEBUG -enable-bare-slash-regex -enable-upcoming-feature DisableOutwardActorInference -enable-upcoming-feature InferSendableFromCaptures -enable-upcoming-feature GlobalActorIsolatedTypesUsability -enable-upcoming-feature MemberImportVisibility -enable-upcoming-feature InferIsolatedConformances -enable-upcoming-feature NonisolatedNonsendingByDefault -enable-experimental-feature DebugDescriptionMacro -sdk /Applications/Xcode.app/Contents/Developer/Platforms/iPhoneOS.platform/Developer/SDKs/iPhoneOS26.5.sdk -target arm64-apple-ios18.0 -g -module-cache-path /Users/simeonbrandt/SpektoWatch2/.derivedData-watch4/ModuleCache.noindex -Xfrontend -serialize-debugging-options -application-extension -profile-coverage-mapping -profile-generate -enable-testing -index-store-path /Users/simeonbrandt/SpektoWatch2/.derivedData-watch4/Index.noindex/DataStore -swift-version 5 -I /Users/simeonbrandt/SpektoWatch2/.derivedData-watch4/Build/Products/Debug-iphoneos -F /Users/simeonbrandt/SpektoWatch2/.derivedData-watch4/Build/Products/Debug-iphoneos -emit-localized-strings -emit-localized-strings-path /Users/simeonbrandt/SpektoWatch2/.derivedData-watch4/Build/Intermediates.noindex/SpektoWatch2.build/Debug-iphoneos/SpektoWatch2WidgetExtension.build/Objects-normal/arm64 -c -j8 -enable-batch-mode -incremental -Xcc -ivfsstatcache -Xcc /Users/simeonbrandt/SpektoWatch2/.derivedData-watch4/SDKStatCaches.noindex/iphoneos26.5-23F73-688ef53f1462e2c8f657fdc38a81448f32daed1954a7d5dd0789fcaf2a9bb78b.sdkstatcache -output-file-map /Users/simeonbrandt/SpektoWatch2/.derivedData-watch4/Build/Intermediates.noindex/SpektoWatch2.build/Debug-iphoneos/SpektoWatch2WidgetExtension.build/Objects-normal/arm64/SpektoWatch2WidgetExtension-OutputFileMap.json -use-frontend-parseable-output -save-temps -no-color-diagnostics -explicit-module-build -module-cache-path /Users/simeonbrandt/SpektoWatch2/.derivedData-watch4/Build/Intermediates.noindex/SwiftExplicitPrecompiledModules -clang-scanner-module-cache-path /Users/simeonbrandt/SpektoWatch2/.derivedData-watch4/ModuleCache.noindex -sdk-module-cache-path /Users/simeonbrandt/SpektoWatch2/.derivedData-watch4/ModuleCache.noindex -serialize-diagnostics -emit-dependencies -emit-module -emit-module-path /Users/simeonbrandt/SpektoWatch2/.derivedData-watch4/Build/Intermediates.noindex/SpektoWatch2.build/Debug-iphoneos/SpektoWatch2WidgetExtension.build/Objects-normal/arm64/SpektoWatch2WidgetExtension.swiftmodule -validate-clang-modules-once -clang-build-session-file /Users/simeonbrandt/SpektoWatch2/.derivedData-watch4/ModuleCache.noindex/Session.modulevalidation -Xcc -I/Users/simeonbrandt/SpektoWatch2/.derivedData-watch4/Build/Intermediates.noindex/SpektoWatch2.build/Debug-iphoneos/SpektoWatch2WidgetExtension.build/swift-overrides.hmap -emit-const-values -Xfrontend -const-gather-protocols-file -Xfrontend /Users/simeonbrandt/SpektoWatch2/.derivedData-watch4/Build/Intermediates.noindex/SpektoWatch2.build/Debug-iphoneos/SpektoWatch2WidgetExtension.build/Objects-normal/arm64/SpektoWatch2WidgetExtension_const_extract_protocols.json -Xcc -iquote -Xcc /Users/simeonbrandt/SpektoWatch2/.derivedData-watch4/Build/Intermediates.noindex/SpektoWatch2.build/Debug-iphoneos/SpektoWatch2WidgetExtension.build/SpektoWatch2WidgetExtension-generated-files.hmap -Xcc -I/Users/simeonbrandt/SpektoWatch2/.derivedData-watch4/Build/Intermediates.noindex/SpektoWatch2.build/Debug-iphoneos/SpektoWatch2WidgetExtension.build/SpektoWatch2WidgetExtension-own-target-headers.hmap -Xcc -I/Users/simeonbrandt/SpektoWatch2/.derivedData-watch4/Build/Intermediates.noindex/SpektoWatch2.build/Debug-iphoneos/SpektoWatch2WidgetExtension.build/SpektoWatch2WidgetExtension-all-target-headers.hmap -Xcc -iquote -Xcc /Users/simeonbrandt/SpektoWatch2/.derivedData-watch4/Build/Intermediates.noindex/SpektoWatch2.build/Debug-iphoneos/SpektoWatch2WidgetExtension.build/SpektoWatch2WidgetExtension-project-headers.hmap -Xcc -I/Users/simeonbrandt/SpektoWatch2/.derivedData-watch4/Build/Products/Debug-iphoneos/include -Xcc -I/Users/simeonbrandt/SpektoWatch2/.derivedData-watch4/Build/Intermediates.noindex/SpektoWatch2.build/Debug-iphoneos/SpektoWatch2WidgetExtension.build/DerivedSources-normal/arm64 -Xcc -I/Users/simeonbrandt/SpektoWatch2/.derivedData-watch4/Build/Intermediates.noindex/SpektoWatch2.build/Debug-iphoneos/SpektoWatch2WidgetExtension.build/DerivedSources/arm64 -Xcc -I/Users/simeonbrandt/SpektoWatch2/.derivedData-watch4/Build/Intermediates.noindex/SpektoWatch2.build/Debug-iphoneos/SpektoWatch2WidgetExtension.build/DerivedSources -Xcc -DDEBUG\=1 -emit-objc-header -emit-objc-header-path /Users/simeonbrandt/SpektoWatch2/.derivedData-watch4/Build/Intermediates.noindex/SpektoWatch2.build/Debug-iphoneos/SpektoWatch2WidgetExtension.build/Objects-normal/arm64/SpektoWatch2WidgetExtension-Swift.h -working-directory /Users/simeonbrandt/SpektoWatch2 -experimental-emit-module-separately -disable-cmo

SwiftDriverJobDiscovery normal arm64 Compiling WatchComplicationWidget.swift (in target 'SpektoWatch Complications' from project 'SpektoWatch2')

SwiftDriver\ Compilation\ Requirements SpektoWatch\ Complications normal arm64 com.apple.xcode.tools.swift.compiler (in target 'SpektoWatch Complications' from project 'SpektoWatch2')
    cd /Users/simeonbrandt/SpektoWatch2
    builtin-Swift-Compilation-Requirements -- /Applications/Xcode.app/Contents/Developer/Toolchains/XcodeDefault.xctoolchain/usr/bin/swiftc -module-name SpektoWatch_Complications -O @/Users/simeonbrandt/SpektoWatch2/.derivedData-watch4/Build/Intermediates.noindex/SpektoWatch2.build/Debug-watchos/SpektoWatch\ Complications.build/Objects-normal/arm64/SpektoWatch\ Complications.SwiftFileList -DDEBUG -enable-bare-slash-regex -enable-upcoming-feature DisableOutwardActorInference -enable-upcoming-feature InferSendableFromCaptures -enable-upcoming-feature GlobalActorIsolatedTypesUsability -enable-upcoming-feature MemberImportVisibility -enable-upcoming-feature InferIsolatedConformances -enable-upcoming-feature NonisolatedNonsendingByDefault -enable-experimental-feature DebugDescriptionMacro -sdk /Applications/Xcode.app/Contents/Developer/Platforms/WatchOS.platform/Developer/SDKs/WatchOS26.5.sdk -target arm64-apple-watchos11.0 -g -module-cache-path /Users/simeonbrandt/SpektoWatch2/.derivedData-watch4/ModuleCache.noindex -Xfrontend -serialize-debugging-options -application-extension -profile-coverage-mapping -profile-generate -enable-testing -swift-version 5 -I /Users/simeonbrandt/SpektoWatch2/.derivedData-watch4/Build/Products/Debug-watchos -F /Users/simeonbrandt/SpektoWatch2/.derivedData-watch4/Build/Products/Debug-watchos -emit-localized-strings -emit-localized-strings-path /Users/simeonbrandt/SpektoWatch2/.derivedData-watch4/Build/Intermediates.noindex/SpektoWatch2.build/Debug-watchos/SpektoWatch\ Complications.build/Objects-normal/arm64 -c -j8 -enable-batch-mode -incremental -Xcc -ivfsstatcache -Xcc /Users/simeonbrandt/SpektoWatch2/.derivedData-watch4/SDKStatCaches.noindex/watchos26.5-23T570-688ef53f1462e2c8f657fdc38a81448f6c525d28bb7368d9e3b927c5b9753508.sdkstatcache -output-file-map /Users/simeonbrandt/SpektoWatch2/.derivedData-watch4/Build/Intermediates.noindex/SpektoWatch2.build/Debug-watchos/SpektoWatch\ Complications.build/Objects-normal/arm64/SpektoWatch\ Complications-OutputFileMap.json -use-frontend-parseable-output -save-temps -no-color-diagnostics -explicit-module-build -module-cache-path /Users/simeonbrandt/SpektoWatch2/.derivedData-watch4/Build/Intermediates.noindex/SwiftExplicitPrecompiledModules -clang-scanner-module-cache-path /Users/simeonbrandt/SpektoWatch2/.derivedData-watch4/ModuleCache.noindex -sdk-module-cache-path /Users/simeonbrandt/SpektoWatch2/.derivedData-watch4/ModuleCache.noindex -serialize-diagnostics -emit-dependencies -emit-module -emit-module-path /Users/simeonbrandt/SpektoWatch2/.derivedData-watch4/Build/Intermediates.noindex/SpektoWatch2.build/Debug-watchos/SpektoWatch\ Complications.build/Objects-normal/arm64/SpektoWatch_Complications.swiftmodule -validate-clang-modules-once -clang-build-session-file /Users/simeonbrandt/SpektoWatch2/.derivedData-watch4/ModuleCache.noindex/Session.modulevalidation -Xcc -I/Users/simeonbrandt/SpektoWatch2/.derivedData-watch4/Build/Intermediates.noindex/SpektoWatch2.build/Debug-watchos/SpektoWatch\ Complications.build/swift-overrides.hmap -emit-const-values -Xfrontend -const-gather-protocols-file -Xfrontend /Users/simeonbrandt/SpektoWatch2/.derivedData-watch4/Build/Intermediates.noindex/SpektoWatch2.build/Debug-watchos/SpektoWatch\ Complications.build/Objects-normal/arm64/SpektoWatch\ Complications_const_extract_protocols.json -Xcc -iquote -Xcc /Users/simeonbrandt/SpektoWatch2/.derivedData-watch4/Build/Intermediates.noindex/SpektoWatch2.build/Debug-watchos/SpektoWatch\ Complications.build/SpektoWatch\ Complications-generated-files.hmap -Xcc -I/Users/simeonbrandt/SpektoWatch2/.derivedData-watch4/Build/Intermediates.noindex/SpektoWatch2.build/Debug-watchos/SpektoWatch\ Complications.build/SpektoWatch\ Complications-own-target-headers.hmap -Xcc -I/Users/simeonbrandt/SpektoWatch2/.derivedData-watch4/Build/Intermediates.noindex/SpektoWatch2.build/Debug-watchos/SpektoWatch\ Complications.build/SpektoWatch\ Complications-all-target-headers.hmap -Xcc -iquote -Xcc /Users/simeonbrandt/SpektoWatch2/.derivedData-watch4/Build/Intermediates.noindex/SpektoWatch2.build/Debug-watchos/SpektoWatch\ Complications.build/SpektoWatch\ Complications-project-headers.hmap -Xcc -I/Users/simeonbrandt/SpektoWatch2/.derivedData-watch4/Build/Products/Debug-watchos/include -Xcc -I/Users/simeonbrandt/SpektoWatch2/.derivedData-watch4/Build/Intermediates.noindex/SpektoWatch2.build/Debug-watchos/SpektoWatch\ Complications.build/DerivedSources-normal/arm64 -Xcc -I/Users/simeonbrandt/SpektoWatch2/.derivedData-watch4/Build/Intermediates.noindex/SpektoWatch2.build/Debug-watchos/SpektoWatch\ Complications.build/DerivedSources/arm64 -Xcc -I/Users/simeonbrandt/SpektoWatch2/.derivedData-watch4/Build/Intermediates.noindex/SpektoWatch2.build/Debug-watchos/SpektoWatch\ Complications.build/DerivedSources -Xcc -DDEBUG\=1 -emit-objc-header -emit-objc-header-path /Users/simeonbrandt/SpektoWatch2/.derivedData-watch4/Build/Intermediates.noindex/SpektoWatch2.build/Debug-watchos/SpektoWatch\ Complications.build/Objects-normal/arm64/SpektoWatch_Complications-Swift.h -working-directory /Users/simeonbrandt/SpektoWatch2 -experimental-emit-module-separately -disable-cmo

SwiftCompile normal arm64_32 Compiling\ WatchComplicationEntry.swift /Users/simeonbrandt/SpektoWatch2/SpektoWatch\ Complications/WatchComplicationEntry.swift (in target 'SpektoWatch Complications' from project 'SpektoWatch2')

SwiftCompile normal arm64_32 /Users/simeonbrandt/SpektoWatch2/SpektoWatch\ Complications/WatchComplicationEntry.swift (in target 'SpektoWatch Complications' from project 'SpektoWatch2')
    cd /Users/simeonbrandt/SpektoWatch2
    

SwiftMergeGeneratedHeaders /Users/simeonbrandt/SpektoWatch2/.derivedData-watch4/Build/Intermediates.noindex/SpektoWatch2.build/Debug-iphoneos/SpektoWatch2WidgetExtension.build/DerivedSources/SpektoWatch2WidgetExtension-Swift.h /Users/simeonbrandt/SpektoWatch2/.derivedData-watch4/Build/Intermediates.noindex/SpektoWatch2.build/Debug-iphoneos/SpektoWatch2WidgetExtension.build/Objects-normal/arm64/SpektoWatch2WidgetExtension-Swift.h (in target 'SpektoWatch2WidgetExtension' from project 'SpektoWatch2')
    cd /Users/simeonbrandt/SpektoWatch2
    builtin-swiftHeaderTool -arch arm64 /Users/simeonbrandt/SpektoWatch2/.derivedData-watch4/Build/Intermediates.noindex/SpektoWatch2.build/Debug-iphoneos/SpektoWatch2WidgetExtension.build/Objects-normal/arm64/SpektoWatch2WidgetExtension-Swift.h -o /Users/simeonbrandt/SpektoWatch2/.derivedData-watch4/Build/Intermediates.noindex/SpektoWatch2.build/Debug-iphoneos/SpektoWatch2WidgetExtension.build/DerivedSources/SpektoWatch2WidgetExtension-Swift.h

Copy /Users/simeonbrandt/SpektoWatch2/.derivedData-watch4/Build/Products/Debug-iphoneos/SpektoWatch2WidgetExtension.swiftmodule/arm64-apple-ios.swiftmodule /Users/simeonbrandt/SpektoWatch2/.derivedData-watch4/Build/Intermediates.noindex/SpektoWatch2.build/Debug-iphoneos/SpektoWatch2WidgetExtension.build/Objects-normal/arm64/SpektoWatch2WidgetExtension.swiftmodule (in target 'SpektoWatch2WidgetExtension' from project 'SpektoWatch2')
    cd /Users/simeonbrandt/SpektoWatch2
    builtin-copy -exclude .DS_Store -exclude CVS -exclude .svn -exclude .git -exclude .hg -resolve-src-symlinks -rename /Users/simeonbrandt/SpektoWatch2/.derivedData-watch4/Build/Intermediates.noindex/SpektoWatch2.build/Debug-iphoneos/SpektoWatch2WidgetExtension.build/Objects-normal/arm64/SpektoWatch2WidgetExtension.swiftmodule /Users/simeonbrandt/SpektoWatch2/.derivedData-watch4/Build/Products/Debug-iphoneos/SpektoWatch2WidgetExtension.swiftmodule/arm64-apple-ios.swiftmodule

SwiftDriverJobDiscovery normal arm64_32 Emitting module for SpektoWatch_Complications (in target 'SpektoWatch Complications' from project 'SpektoWatch2')

Copy /Users/simeonbrandt/SpektoWatch2/.derivedData-watch4/Build/Products/Debug-iphoneos/SpektoWatch2WidgetExtension.swiftmodule/arm64-apple-ios.swiftdoc /Users/simeonbrandt/SpektoWatch2/.derivedData-watch4/Build/Intermediates.noindex/SpektoWatch2.build/Debug-iphoneos/SpektoWatch2WidgetExtension.build/Objects-normal/arm64/SpektoWatch2WidgetExtension.swiftdoc (in target 'SpektoWatch2WidgetExtension' from project 'SpektoWatch2')
    cd /Users/simeonbrandt/SpektoWatch2
    builtin-copy -exclude .DS_Store -exclude CVS -exclude .svn -exclude .git -exclude .hg -resolve-src-symlinks -rename /Users/simeonbrandt/SpektoWatch2/.derivedData-watch4/Build/Intermediates.noindex/SpektoWatch2.build/Debug-iphoneos/SpektoWatch2WidgetExtension.build/Objects-normal/arm64/SpektoWatch2WidgetExtension.swiftdoc /Users/simeonbrandt/SpektoWatch2/.derivedData-watch4/Build/Products/Debug-iphoneos/SpektoWatch2WidgetExtension.swiftmodule/arm64-apple-ios.swiftdoc

Copy /Users/simeonbrandt/SpektoWatch2/.derivedData-watch4/Build/Products/Debug-iphoneos/SpektoWatch2WidgetExtension.swiftmodule/arm64-apple-ios.abi.json /Users/simeonbrandt/SpektoWatch2/.derivedData-watch4/Build/Intermediates.noindex/SpektoWatch2.build/Debug-iphoneos/SpektoWatch2WidgetExtension.build/Objects-normal/arm64/SpektoWatch2WidgetExtension.abi.json (in target 'SpektoWatch2WidgetExtension' from project 'SpektoWatch2')
    cd /Users/simeonbrandt/SpektoWatch2
    builtin-copy -exclude .DS_Store -exclude CVS -exclude .svn -exclude .git -exclude .hg -resolve-src-symlinks -rename /Users/simeonbrandt/SpektoWatch2/.derivedData-watch4/Build/Intermediates.noindex/SpektoWatch2.build/Debug-iphoneos/SpektoWatch2WidgetExtension.build/Objects-normal/arm64/SpektoWatch2WidgetExtension.abi.json /Users/simeonbrandt/SpektoWatch2/.derivedData-watch4/Build/Products/Debug-iphoneos/SpektoWatch2WidgetExtension.swiftmodule/arm64-apple-ios.abi.json

Copy /Users/simeonbrandt/SpektoWatch2/.derivedData-watch4/Build/Products/Debug-iphoneos/SpektoWatch2WidgetExtension.swiftmodule/Project/arm64-apple-ios.swiftsourceinfo /Users/simeonbrandt/SpektoWatch2/.derivedData-watch4/Build/Intermediates.noindex/SpektoWatch2.build/Debug-iphoneos/SpektoWatch2WidgetExtension.build/Objects-normal/arm64/SpektoWatch2WidgetExtension.swiftsourceinfo (in target 'SpektoWatch2WidgetExtension' from project 'SpektoWatch2')
    cd /Users/simeonbrandt/SpektoWatch2
    builtin-copy -exclude .DS_Store -exclude CVS -exclude .svn -exclude .git -exclude .hg -resolve-src-symlinks -rename /Users/simeonbrandt/SpektoWatch2/.derivedData-watch4/Build/Intermediates.noindex/SpektoWatch2.build/Debug-iphoneos/SpektoWatch2WidgetExtension.build/Objects-normal/arm64/SpektoWatch2WidgetExtension.swiftsourceinfo /Users/simeonbrandt/SpektoWatch2/.derivedData-watch4/Build/Products/Debug-iphoneos/SpektoWatch2WidgetExtension.swiftmodule/Project/arm64-apple-ios.swiftsourceinfo

SwiftDriver\ Compilation\ Requirements SpektoWatch\ Complications normal arm64_32 com.apple.xcode.tools.swift.compiler (in target 'SpektoWatch Complications' from project 'SpektoWatch2')
    cd /Users/simeonbrandt/SpektoWatch2
    builtin-Swift-Compilation-Requirements -- /Applications/Xcode.app/Contents/Developer/Toolchains/XcodeDefault.xctoolchain/usr/bin/swiftc -module-name SpektoWatch_Complications -O @/Users/simeonbrandt/SpektoWatch2/.derivedData-watch4/Build/Intermediates.noindex/SpektoWatch2.build/Debug-watchos/SpektoWatch\ Complications.build/Objects-normal/arm64_32/SpektoWatch\ Complications.SwiftFileList -DDEBUG -enable-bare-slash-regex -enable-upcoming-feature DisableOutwardActorInference -enable-upcoming-feature InferSendableFromCaptures -enable-upcoming-feature GlobalActorIsolatedTypesUsability -enable-upcoming-feature MemberImportVisibility -enable-upcoming-feature InferIsolatedConformances -enable-upcoming-feature NonisolatedNonsendingByDefault -enable-experimental-feature DebugDescriptionMacro -sdk /Applications/Xcode.app/Contents/Developer/Platforms/WatchOS.platform/Developer/SDKs/WatchOS26.5.sdk -target arm64_32-apple-watchos11.0 -g -module-cache-path /Users/simeonbrandt/SpektoWatch2/.derivedData-watch4/ModuleCache.noindex -Xfrontend -serialize-debugging-options -application-extension -profile-coverage-mapping -profile-generate -enable-testing -swift-version 5 -I /Users/simeonbrandt/SpektoWatch2/.derivedData-watch4/Build/Products/Debug-watchos -F /Users/simeonbrandt/SpektoWatch2/.derivedData-watch4/Build/Products/Debug-watchos -emit-localized-strings -emit-localized-strings-path /Users/simeonbrandt/SpektoWatch2/.derivedData-watch4/Build/Intermediates.noindex/SpektoWatch2.build/Debug-watchos/SpektoWatch\ Complications.build/Objects-normal/arm64_32 -c -j8 -enable-batch-mode -incremental -Xcc -ivfsstatcache -Xcc /Users/simeonbrandt/SpektoWatch2/.derivedData-watch4/SDKStatCaches.noindex/watchos26.5-23T570-688ef53f1462e2c8f657fdc38a81448f6c525d28bb7368d9e3b927c5b9753508.sdkstatcache -output-file-map /Users/simeonbrandt/SpektoWatch2/.derivedData-watch4/Build/Intermediates.noindex/SpektoWatch2.build/Debug-watchos/SpektoWatch\ Complications.build/Objects-normal/arm64_32/SpektoWatch\ Complications-OutputFileMap.json -use-frontend-parseable-output -save-temps -no-color-diagnostics -explicit-module-build -module-cache-path /Users/simeonbrandt/SpektoWatch2/.derivedData-watch4/Build/Intermediates.noindex/SwiftExplicitPrecompiledModules -clang-scanner-module-cache-path /Users/simeonbrandt/SpektoWatch2/.derivedData-watch4/ModuleCache.noindex -sdk-module-cache-path /Users/simeonbrandt/SpektoWatch2/.derivedData-watch4/ModuleCache.noindex -serialize-diagnostics -emit-dependencies -emit-module -emit-module-path /Users/simeonbrandt/SpektoWatch2/.derivedData-watch4/Build/Intermediates.noindex/SpektoWatch2.build/Debug-watchos/SpektoWatch\ Complications.build/Objects-normal/arm64_32/SpektoWatch_Complications.swiftmodule -validate-clang-modules-once -clang-build-session-file /Users/simeonbrandt/SpektoWatch2/.derivedData-watch4/ModuleCache.noindex/Session.modulevalidation -Xcc -I/Users/simeonbrandt/SpektoWatch2/.derivedData-watch4/Build/Intermediates.noindex/SpektoWatch2.build/Debug-watchos/SpektoWatch\ Complications.build/swift-overrides.hmap -emit-const-values -Xfrontend -const-gather-protocols-file -Xfrontend /Users/simeonbrandt/SpektoWatch2/.derivedData-watch4/Build/Intermediates.noindex/SpektoWatch2.build/Debug-watchos/SpektoWatch\ Complications.build/Objects-normal/arm64_32/SpektoWatch\ Complications_const_extract_protocols.json -Xcc -iquote -Xcc /Users/simeonbrandt/SpektoWatch2/.derivedData-watch4/Build/Intermediates.noindex/SpektoWatch2.build/Debug-watchos/SpektoWatch\ Complications.build/SpektoWatch\ Complications-generated-files.hmap -Xcc -I/Users/simeonbrandt/SpektoWatch2/.derivedData-watch4/Build/Intermediates.noindex/SpektoWatch2.build/Debug-watchos/SpektoWatch\ Complications.build/SpektoWatch\ Complications-own-target-headers.hmap -Xcc -I/Users/simeonbrandt/SpektoWatch2/.derivedData-watch4/Build/Intermediates.noindex/SpektoWatch2.build/Debug-watchos/SpektoWatch\ Complications.build/SpektoWatch\ Complications-all-target-headers.hmap -Xcc -iquote -Xcc /Users/simeonbrandt/SpektoWatch2/.derivedData-watch4/Build/Intermediates.noindex/SpektoWatch2.build/Debug-watchos/SpektoWatch\ Complications.build/SpektoWatch\ Complications-project-headers.hmap -Xcc -I/Users/simeonbrandt/SpektoWatch2/.derivedData-watch4/Build/Products/Debug-watchos/include -Xcc -I/Users/simeonbrandt/SpektoWatch2/.derivedData-watch4/Build/Intermediates.noindex/SpektoWatch2.build/Debug-watchos/SpektoWatch\ Complications.build/DerivedSources-normal/arm64_32 -Xcc -I/Users/simeonbrandt/SpektoWatch2/.derivedData-watch4/Build/Intermediates.noindex/SpektoWatch2.build/Debug-watchos/SpektoWatch\ Complications.build/DerivedSources/arm64_32 -Xcc -I/Users/simeonbrandt/SpektoWatch2/.derivedData-watch4/Build/Intermediates.noindex/SpektoWatch2.build/Debug-watchos/SpektoWatch\ Complications.build/DerivedSources -Xcc -DDEBUG\=1 -emit-objc-header -emit-objc-header-path /Users/simeonbrandt/SpektoWatch2/.derivedData-watch4/Build/Intermediates.noindex/SpektoWatch2.build/Debug-watchos/SpektoWatch\ Complications.build/Objects-normal/arm64_32/SpektoWatch_Complications-Swift.h -working-directory /Users/simeonbrandt/SpektoWatch2 -experimental-emit-module-separately -disable-cmo

Copy /Users/simeonbrandt/SpektoWatch2/.derivedData-watch4/Build/Products/Debug-watchos/SpektoWatch_Complications.swiftmodule/arm64-apple-watchos.swiftmodule /Users/simeonbrandt/SpektoWatch2/.derivedData-watch4/Build/Intermediates.noindex/SpektoWatch2.build/Debug-watchos/SpektoWatch\ Complications.build/Objects-normal/arm64/SpektoWatch_Complications.swiftmodule (in target 'SpektoWatch Complications' from project 'SpektoWatch2')
    cd /Users/simeonbrandt/SpektoWatch2
    builtin-copy -exclude .DS_Store -exclude CVS -exclude .svn -exclude .git -exclude .hg -resolve-src-symlinks -rename /Users/simeonbrandt/SpektoWatch2/.derivedData-watch4/Build/Intermediates.noindex/SpektoWatch2.build/Debug-watchos/SpektoWatch\ Complications.build/Objects-normal/arm64/SpektoWatch_Complications.swiftmodule /Users/simeonbrandt/SpektoWatch2/.derivedData-watch4/Build/Products/Debug-watchos/SpektoWatch_Complications.swiftmodule/arm64-apple-watchos.swiftmodule

SwiftMergeGeneratedHeaders /Users/simeonbrandt/SpektoWatch2/.derivedData-watch4/Build/Intermediates.noindex/SpektoWatch2.build/Debug-watchos/SpektoWatch\ Complications.build/DerivedSources/SpektoWatch_Complications-Swift.h /Users/simeonbrandt/SpektoWatch2/.derivedData-watch4/Build/Intermediates.noindex/SpektoWatch2.build/Debug-watchos/SpektoWatch\ Complications.build/Objects-normal/arm64/SpektoWatch_Complications-Swift.h /Users/simeonbrandt/SpektoWatch2/.derivedData-watch4/Build/Intermediates.noindex/SpektoWatch2.build/Debug-watchos/SpektoWatch\ Complications.build/Objects-normal/arm64_32/SpektoWatch_Complications-Swift.h (in target 'SpektoWatch Complications' from project 'SpektoWatch2')
    cd /Users/simeonbrandt/SpektoWatch2
    builtin-swiftHeaderTool -arch arm64 /Users/simeonbrandt/SpektoWatch2/.derivedData-watch4/Build/Intermediates.noindex/SpektoWatch2.build/Debug-watchos/SpektoWatch\ Complications.build/Objects-normal/arm64/SpektoWatch_Complications-Swift.h -arch arm64_32 /Users/simeonbrandt/SpektoWatch2/.derivedData-watch4/Build/Intermediates.noindex/SpektoWatch2.build/Debug-watchos/SpektoWatch\ Complications.build/Objects-normal/arm64_32/SpektoWatch_Complications-Swift.h -o /Users/simeonbrandt/SpektoWatch2/.derivedData-watch4/Build/Intermediates.noindex/SpektoWatch2.build/Debug-watchos/SpektoWatch\ Complications.build/DerivedSources/SpektoWatch_Complications-Swift.h

Copy /Users/simeonbrandt/SpektoWatch2/.derivedData-watch4/Build/Products/Debug-watchos/SpektoWatch_Complications.swiftmodule/arm64_32-apple-watchos.swiftmodule /Users/simeonbrandt/SpektoWatch2/.derivedData-watch4/Build/Intermediates.noindex/SpektoWatch2.build/Debug-watchos/SpektoWatch\ Complications.build/Objects-normal/arm64_32/SpektoWatch_Complications.swiftmodule (in target 'SpektoWatch Complications' from project 'SpektoWatch2')
    cd /Users/simeonbrandt/SpektoWatch2
    builtin-copy -exclude .DS_Store -exclude CVS -exclude .svn -exclude .git -exclude .hg -resolve-src-symlinks -rename /Users/simeonbrandt/SpektoWatch2/.derivedData-watch4/Build/Intermediates.noindex/SpektoWatch2.build/Debug-watchos/SpektoWatch\ Complications.build/Objects-normal/arm64_32/SpektoWatch_Complications.swiftmodule /Users/simeonbrandt/SpektoWatch2/.derivedData-watch4/Build/Products/Debug-watchos/SpektoWatch_Complications.swiftmodule/arm64_32-apple-watchos.swiftmodule

Copy /Users/simeonbrandt/SpektoWatch2/.derivedData-watch4/Build/Products/Debug-watchos/SpektoWatch_Complications.swiftmodule/arm64_32-apple-watchos.swiftdoc /Users/simeonbrandt/SpektoWatch2/.derivedData-watch4/Build/Intermediates.noindex/SpektoWatch2.build/Debug-watchos/SpektoWatch\ Complications.build/Objects-normal/arm64_32/SpektoWatch_Complications.swiftdoc (in target 'SpektoWatch Complications' from project 'SpektoWatch2')
    cd /Users/simeonbrandt/SpektoWatch2
    builtin-copy -exclude .DS_Store -exclude CVS -exclude .svn -exclude .git -exclude .hg -resolve-src-symlinks -rename /Users/simeonbrandt/SpektoWatch2/.derivedData-watch4/Build/Intermediates.noindex/SpektoWatch2.build/Debug-watchos/SpektoWatch\ Complications.build/Objects-normal/arm64_32/SpektoWatch_Complications.swiftdoc /Users/simeonbrandt/SpektoWatch2/.derivedData-watch4/Build/Products/Debug-watchos/SpektoWatch_Complications.swiftmodule/arm64_32-apple-watchos.swiftdoc

Copy /Users/simeonbrandt/SpektoWatch2/.derivedData-watch4/Build/Products/Debug-watchos/SpektoWatch_Complications.swiftmodule/arm64_32-apple-watchos.abi.json /Users/simeonbrandt/SpektoWatch2/.derivedData-watch4/Build/Intermediates.noindex/SpektoWatch2.build/Debug-watchos/SpektoWatch\ Complications.build/Objects-normal/arm64_32/SpektoWatch_Complications.abi.json (in target 'SpektoWatch Complications' from project 'SpektoWatch2')
    cd /Users/simeonbrandt/SpektoWatch2
    builtin-copy -exclude .DS_Store -exclude CVS -exclude .svn -exclude .git -exclude .hg -resolve-src-symlinks -rename /Users/simeonbrandt/SpektoWatch2/.derivedData-watch4/Build/Intermediates.noindex/SpektoWatch2.build/Debug-watchos/SpektoWatch\ Complications.build/Objects-normal/arm64_32/SpektoWatch_Complications.abi.json /Users/simeonbrandt/SpektoWatch2/.derivedData-watch4/Build/Products/Debug-watchos/SpektoWatch_Complications.swiftmodule/arm64_32-apple-watchos.abi.json

Copy /Users/simeonbrandt/SpektoWatch2/.derivedData-watch4/Build/Products/Debug-watchos/SpektoWatch_Complications.swiftmodule/arm64-apple-watchos.swiftdoc /Users/simeonbrandt/SpektoWatch2/.derivedData-watch4/Build/Intermediates.noindex/SpektoWatch2.build/Debug-watchos/SpektoWatch\ Complications.build/Objects-normal/arm64/SpektoWatch_Complications.swiftdoc (in target 'SpektoWatch Complications' from project 'SpektoWatch2')
    cd /Users/simeonbrandt/SpektoWatch2
    builtin-copy -exclude .DS_Store -exclude CVS -exclude .svn -exclude .git -exclude .hg -resolve-src-symlinks -rename /Users/simeonbrandt/SpektoWatch2/.derivedData-watch4/Build/Intermediates.noindex/SpektoWatch2.build/Debug-watchos/SpektoWatch\ Complications.build/Objects-normal/arm64/SpektoWatch_Complications.swiftdoc /Users/simeonbrandt/SpektoWatch2/.derivedData-watch4/Build/Products/Debug-watchos/SpektoWatch_Complications.swiftmodule/arm64-apple-watchos.swiftdoc

Copy /Users/simeonbrandt/SpektoWatch2/.derivedData-watch4/Build/Products/Debug-watchos/SpektoWatch_Complications.swiftmodule/arm64-apple-watchos.abi.json /Users/simeonbrandt/SpektoWatch2/.derivedData-watch4/Build/Intermediates.noindex/SpektoWatch2.build/Debug-watchos/SpektoWatch\ Complications.build/Objects-normal/arm64/SpektoWatch_Complications.abi.json (in target 'SpektoWatch Complications' from project 'SpektoWatch2')
    cd /Users/simeonbrandt/SpektoWatch2
    builtin-copy -exclude .DS_Store -exclude CVS -exclude .svn -exclude .git -exclude .hg -resolve-src-symlinks -rename /Users/simeonbrandt/SpektoWatch2/.derivedData-watch4/Build/Intermediates.noindex/SpektoWatch2.build/Debug-watchos/SpektoWatch\ Complications.build/Objects-normal/arm64/SpektoWatch_Complications.abi.json /Users/simeonbrandt/SpektoWatch2/.derivedData-watch4/Build/Products/Debug-watchos/SpektoWatch_Complications.swiftmodule/arm64-apple-watchos.abi.json

Copy /Users/simeonbrandt/SpektoWatch2/.derivedData-watch4/Build/Products/Debug-watchos/SpektoWatch_Complications.swiftmodule/Project/arm64_32-apple-watchos.swiftsourceinfo /Users/simeonbrandt/SpektoWatch2/.derivedData-watch4/Build/Intermediates.noindex/SpektoWatch2.build/Debug-watchos/SpektoWatch\ Complications.build/Objects-normal/arm64_32/SpektoWatch_Complications.swiftsourceinfo (in target 'SpektoWatch Complications' from project 'SpektoWatch2')
    cd /Users/simeonbrandt/SpektoWatch2
    builtin-copy -exclude .DS_Store -exclude CVS -exclude .svn -exclude .git -exclude .hg -resolve-src-symlinks -rename /Users/simeonbrandt/SpektoWatch2/.derivedData-watch4/Build/Intermediates.noindex/SpektoWatch2.build/Debug-watchos/SpektoWatch\ Complications.build/Objects-normal/arm64_32/SpektoWatch_Complications.swiftsourceinfo /Users/simeonbrandt/SpektoWatch2/.derivedData-watch4/Build/Products/Debug-watchos/SpektoWatch_Complications.swiftmodule/Project/arm64_32-apple-watchos.swiftsourceinfo

Copy /Users/simeonbrandt/SpektoWatch2/.derivedData-watch4/Build/Products/Debug-watchos/SpektoWatch_Complications.swiftmodule/Project/arm64-apple-watchos.swiftsourceinfo /Users/simeonbrandt/SpektoWatch2/.derivedData-watch4/Build/Intermediates.noindex/SpektoWatch2.build/Debug-watchos/SpektoWatch\ Complications.build/Objects-normal/arm64/SpektoWatch_Complications.swiftsourceinfo (in target 'SpektoWatch Complications' from project 'SpektoWatch2')
    cd /Users/simeonbrandt/SpektoWatch2
    builtin-copy -exclude .DS_Store -exclude CVS -exclude .svn -exclude .git -exclude .hg -resolve-src-symlinks -rename /Users/simeonbrandt/SpektoWatch2/.derivedData-watch4/Build/Intermediates.noindex/SpektoWatch2.build/Debug-watchos/SpektoWatch\ Complications.build/Objects-normal/arm64/SpektoWatch_Complications.swiftsourceinfo /Users/simeonbrandt/SpektoWatch2/.derivedData-watch4/Build/Products/Debug-watchos/SpektoWatch_Complications.swiftmodule/Project/arm64-apple-watchos.swiftsourceinfo

SwiftCompile normal arm64 Compiling\ WatchComplicationProvider.swift /Users/simeonbrandt/SpektoWatch2/SpektoWatch\ Complications/WatchComplicationProvider.swift (in target 'SpektoWatch Complications' from project 'SpektoWatch2')

SwiftCompile normal arm64 /Users/simeonbrandt/SpektoWatch2/SpektoWatch\ Complications/WatchComplicationProvider.swift (in target 'SpektoWatch Complications' from project 'SpektoWatch2')
    cd /Users/simeonbrandt/SpektoWatch2
    

SwiftCompile normal arm64_32 Compiling\ WatchComplicationProvider.swift /Users/simeonbrandt/SpektoWatch2/SpektoWatch\ Complications/WatchComplicationProvider.swift (in target 'SpektoWatch Complications' from project 'SpektoWatch2')

SwiftCompile normal arm64_32 /Users/simeonbrandt/SpektoWatch2/SpektoWatch\ Complications/WatchComplicationProvider.swift (in target 'SpektoWatch Complications' from project 'SpektoWatch2')
    cd /Users/simeonbrandt/SpektoWatch2
    

SwiftDriverJobDiscovery normal arm64 Compiling WatchComplicationViews.swift (in target 'SpektoWatch Complications' from project 'SpektoWatch2')

SwiftCompile normal arm64_32 Compiling\ WatchComplicationWidget.swift /Users/simeonbrandt/SpektoWatch2/SpektoWatch\ Complications/WatchComplicationWidget.swift (in target 'SpektoWatch Complications' from project 'SpektoWatch2')

SwiftCompile normal arm64_32 /Users/simeonbrandt/SpektoWatch2/SpektoWatch\ Complications/WatchComplicationWidget.swift (in target 'SpektoWatch Complications' from project 'SpektoWatch2')
    cd /Users/simeonbrandt/SpektoWatch2
    

SwiftCompile normal arm64_32 Compiling\ SpektoWatchComplications.swift /Users/simeonbrandt/SpektoWatch2/SpektoWatch\ Complications/SpektoWatchComplications.swift (in target 'SpektoWatch Complications' from project 'SpektoWatch2')

SwiftCompile normal arm64_32 /Users/simeonbrandt/SpektoWatch2/SpektoWatch\ Complications/SpektoWatchComplications.swift (in target 'SpektoWatch Complications' from project 'SpektoWatch2')
    cd /Users/simeonbrandt/SpektoWatch2
    

SwiftDriverJobDiscovery normal arm64_32 Compiling WatchComplicationViews.swift (in target 'SpektoWatch Complications' from project 'SpektoWatch2')

SwiftDriverJobDiscovery normal arm64_32 Compiling WatchComplicationEntry.swift (in target 'SpektoWatch Complications' from project 'SpektoWatch2')

SwiftDriverJobDiscovery normal arm64 Compiling WatchComplicationProvider.swift (in target 'SpektoWatch Complications' from project 'SpektoWatch2')

SwiftCompile normal arm64_32 Compiling\ AppGroup.swift /Users/simeonbrandt/SpektoWatch2/Shared/AppGroup.swift (in target 'SpektoWatch Complications' from project 'SpektoWatch2')

SwiftCompile normal arm64_32 /Users/simeonbrandt/SpektoWatch2/Shared/AppGroup.swift (in target 'SpektoWatch Complications' from project 'SpektoWatch2')
    cd /Users/simeonbrandt/SpektoWatch2
    

SwiftCompile normal arm64 Compiling\ AppGroup.swift /Users/simeonbrandt/SpektoWatch2/Shared/AppGroup.swift (in target 'SpektoWatch Complications' from project 'SpektoWatch2')

SwiftCompile normal arm64 /Users/simeonbrandt/SpektoWatch2/Shared/AppGroup.swift (in target 'SpektoWatch Complications' from project 'SpektoWatch2')
    cd /Users/simeonbrandt/SpektoWatch2
    

SwiftDriverJobDiscovery normal arm64_32 Compiling SpektoWatchComplications.swift (in target 'SpektoWatch Complications' from project 'SpektoWatch2')

SwiftCompile normal arm64 Compiling\ WatchComplicationEntry.swift /Users/simeonbrandt/SpektoWatch2/SpektoWatch\ Complications/WatchComplicationEntry.swift (in target 'SpektoWatch Complications' from project 'SpektoWatch2')

SwiftCompile normal arm64 /Users/simeonbrandt/SpektoWatch2/SpektoWatch\ Complications/WatchComplicationEntry.swift (in target 'SpektoWatch Complications' from project 'SpektoWatch2')
    cd /Users/simeonbrandt/SpektoWatch2
    

SwiftDriverJobDiscovery normal arm64_32 Compiling WatchComplicationProvider.swift (in target 'SpektoWatch Complications' from project 'SpektoWatch2')

SwiftCompile normal arm64 Compiling\ SpektoWatchComplications.swift /Users/simeonbrandt/SpektoWatch2/SpektoWatch\ Complications/SpektoWatchComplications.swift (in target 'SpektoWatch Complications' from project 'SpektoWatch2')

SwiftCompile normal arm64 /Users/simeonbrandt/SpektoWatch2/SpektoWatch\ Complications/SpektoWatchComplications.swift (in target 'SpektoWatch Complications' from project 'SpektoWatch2')
    cd /Users/simeonbrandt/SpektoWatch2
    

SwiftDriverJobDiscovery normal arm64_32 Compiling AppGroup.swift (in target 'SpektoWatch Complications' from project 'SpektoWatch2')

SwiftDriverJobDiscovery normal arm64_32 Compiling WatchComplicationWidget.swift (in target 'SpektoWatch Complications' from project 'SpektoWatch2')

SwiftDriver\ Compilation SpektoWatch\ Complications normal arm64_32 com.apple.xcode.tools.swift.compiler (in target 'SpektoWatch Complications' from project 'SpektoWatch2')
    cd /Users/simeonbrandt/SpektoWatch2
    builtin-Swift-Compilation -- /Applications/Xcode.app/Contents/Developer/Toolchains/XcodeDefault.xctoolchain/usr/bin/swiftc -module-name SpektoWatch_Complications -O @/Users/simeonbrandt/SpektoWatch2/.derivedData-watch4/Build/Intermediates.noindex/SpektoWatch2.build/Debug-watchos/SpektoWatch\ Complications.build/Objects-normal/arm64_32/SpektoWatch\ Complications.SwiftFileList -DDEBUG -enable-bare-slash-regex -enable-upcoming-feature DisableOutwardActorInference -enable-upcoming-feature InferSendableFromCaptures -enable-upcoming-feature GlobalActorIsolatedTypesUsability -enable-upcoming-feature MemberImportVisibility -enable-upcoming-feature InferIsolatedConformances -enable-upcoming-feature NonisolatedNonsendingByDefault -enable-experimental-feature DebugDescriptionMacro -sdk /Applications/Xcode.app/Contents/Developer/Platforms/WatchOS.platform/Developer/SDKs/WatchOS26.5.sdk -target arm64_32-apple-watchos11.0 -g -module-cache-path /Users/simeonbrandt/SpektoWatch2/.derivedData-watch4/ModuleCache.noindex -Xfrontend -serialize-debugging-options -application-extension -profile-coverage-mapping -profile-generate -enable-testing -swift-version 5 -I /Users/simeonbrandt/SpektoWatch2/.derivedData-watch4/Build/Products/Debug-watchos -F /Users/simeonbrandt/SpektoWatch2/.derivedData-watch4/Build/Products/Debug-watchos -emit-localized-strings -emit-localized-strings-path /Users/simeonbrandt/SpektoWatch2/.derivedData-watch4/Build/Intermediates.noindex/SpektoWatch2.build/Debug-watchos/SpektoWatch\ Complications.build/Objects-normal/arm64_32 -c -j8 -enable-batch-mode -incremental -Xcc -ivfsstatcache -Xcc /Users/simeonbrandt/SpektoWatch2/.derivedData-watch4/SDKStatCaches.noindex/watchos26.5-23T570-688ef53f1462e2c8f657fdc38a81448f6c525d28bb7368d9e3b927c5b9753508.sdkstatcache -output-file-map /Users/simeonbrandt/SpektoWatch2/.derivedData-watch4/Build/Intermediates.noindex/SpektoWatch2.build/Debug-watchos/SpektoWatch\ Complications.build/Objects-normal/arm64_32/SpektoWatch\ Complications-OutputFileMap.json -use-frontend-parseable-output -save-temps -no-color-diagnostics -explicit-module-build -module-cache-path /Users/simeonbrandt/SpektoWatch2/.derivedData-watch4/Build/Intermediates.noindex/SwiftExplicitPrecompiledModules -clang-scanner-module-cache-path /Users/simeonbrandt/SpektoWatch2/.derivedData-watch4/ModuleCache.noindex -sdk-module-cache-path /Users/simeonbrandt/SpektoWatch2/.derivedData-watch4/ModuleCache.noindex -serialize-diagnostics -emit-dependencies -emit-module -emit-module-path /Users/simeonbrandt/SpektoWatch2/.derivedData-watch4/Build/Intermediates.noindex/SpektoWatch2.build/Debug-watchos/SpektoWatch\ Complications.build/Objects-normal/arm64_32/SpektoWatch_Complications.swiftmodule -validate-clang-modules-once -clang-build-session-file /Users/simeonbrandt/SpektoWatch2/.derivedData-watch4/ModuleCache.noindex/Session.modulevalidation -Xcc -I/Users/simeonbrandt/SpektoWatch2/.derivedData-watch4/Build/Intermediates.noindex/SpektoWatch2.build/Debug-watchos/SpektoWatch\ Complications.build/swift-overrides.hmap -emit-const-values -Xfrontend -const-gather-protocols-file -Xfrontend /Users/simeonbrandt/SpektoWatch2/.derivedData-watch4/Build/Intermediates.noindex/SpektoWatch2.build/Debug-watchos/SpektoWatch\ Complications.build/Objects-normal/arm64_32/SpektoWatch\ Complications_const_extract_protocols.json -Xcc -iquote -Xcc /Users/simeonbrandt/SpektoWatch2/.derivedData-watch4/Build/Intermediates.noindex/SpektoWatch2.build/Debug-watchos/SpektoWatch\ Complications.build/SpektoWatch\ Complications-generated-files.hmap -Xcc -I/Users/simeonbrandt/SpektoWatch2/.derivedData-watch4/Build/Intermediates.noindex/SpektoWatch2.build/Debug-watchos/SpektoWatch\ Complications.build/SpektoWatch\ Complications-own-target-headers.hmap -Xcc -I/Users/simeonbrandt/SpektoWatch2/.derivedData-watch4/Build/Intermediates.noindex/SpektoWatch2.build/Debug-watchos/SpektoWatch\ Complications.build/SpektoWatch\ Complications-all-target-headers.hmap -Xcc -iquote -Xcc /Users/simeonbrandt/SpektoWatch2/.derivedData-watch4/Build/Intermediates.noindex/SpektoWatch2.build/Debug-watchos/SpektoWatch\ Complications.build/SpektoWatch\ Complications-project-headers.hmap -Xcc -I/Users/simeonbrandt/SpektoWatch2/.derivedData-watch4/Build/Products/Debug-watchos/include -Xcc -I/Users/simeonbrandt/SpektoWatch2/.derivedData-watch4/Build/Intermediates.noindex/SpektoWatch2.build/Debug-watchos/SpektoWatch\ Complications.build/DerivedSources-normal/arm64_32 -Xcc -I/Users/simeonbrandt/SpektoWatch2/.derivedData-watch4/Build/Intermediates.noindex/SpektoWatch2.build/Debug-watchos/SpektoWatch\ Complications.build/DerivedSources/arm64_32 -Xcc -I/Users/simeonbrandt/SpektoWatch2/.derivedData-watch4/Build/Intermediates.noindex/SpektoWatch2.build/Debug-watchos/SpektoWatch\ Complications.build/DerivedSources -Xcc -DDEBUG\=1 -emit-objc-header -emit-objc-header-path /Users/simeonbrandt/SpektoWatch2/.derivedData-watch4/Build/Intermediates.noindex/SpektoWatch2.build/Debug-watchos/SpektoWatch\ Complications.build/Objects-normal/arm64_32/SpektoWatch_Complications-Swift.h -working-directory /Users/simeonbrandt/SpektoWatch2 -experimental-emit-module-separately -disable-cmo

ProcessProductPackaging /Users/simeonbrandt/SpektoWatch2/SpektoWatch\ Watch\ App/SpektoWatchWatchApp.entitlements /Users/simeonbrandt/SpektoWatch2/.derivedData-watch4/Build/Intermediates.noindex/SpektoWatch2.build/Debug-watchos/SpektoWatch\ Watch\ App.build/SpektoWatch\ Watch\ App.app.xcent (in target 'SpektoWatch Watch App' from project 'SpektoWatch2')
    cd /Users/simeonbrandt/SpektoWatch2
    
    Entitlements:
    
    {
    "application-identifier" = "L22A8M5245.BrandtAcoustics.SpektoWatch2.watchkitapp";
    "com.apple.developer.team-identifier" = L22A8M5245;
    "com.apple.security.application-groups" =     (
        "group.BrandtAcoustics.SpektoWatch2.shared"
    );
    "get-task-allow" = 1;
}
    
    builtin-productPackagingUtility /Users/simeonbrandt/SpektoWatch2/SpektoWatch\ Watch\ App/SpektoWatchWatchApp.entitlements -entitlements -format xml -o /Users/simeonbrandt/SpektoWatch2/.derivedData-watch4/Build/Intermediates.noindex/SpektoWatch2.build/Debug-watchos/SpektoWatch\ Watch\ App.build/SpektoWatch\ Watch\ App.app.xcent

Ld /Users/simeonbrandt/SpektoWatch2/.derivedData-watch4/Build/Intermediates.noindex/SpektoWatch2.build/Debug-watchos/SpektoWatch\ Complications.build/Objects-normal/arm64_32/Binary/SpektoWatch\ Complications normal arm64_32 (in target 'SpektoWatch Complications' from project 'SpektoWatch2')
    cd /Users/simeonbrandt/SpektoWatch2
    /Applications/Xcode.app/Contents/Developer/Toolchains/XcodeDefault.xctoolchain/usr/bin/clang -Xlinker -reproducible -target arm64_32-apple-watchos11.0 -isysroot /Applications/Xcode.app/Contents/Developer/Platforms/WatchOS.platform/Developer/SDKs/WatchOS26.5.sdk -O1 -L/Users/simeonbrandt/SpektoWatch2/.derivedData-watch4/Build/Intermediates.noindex/EagerLinkingTBDs/Debug-watchos -L/Users/simeonbrandt/SpektoWatch2/.derivedData-watch4/Build/Products/Debug-watchos -F/Users/simeonbrandt/SpektoWatch2/.derivedData-watch4/Build/Intermediates.noindex/EagerLinkingTBDs/Debug-watchos -F/Users/simeonbrandt/SpektoWatch2/.derivedData-watch4/Build/Products/Debug-watchos -filelist /Users/simeonbrandt/SpektoWatch2/.derivedData-watch4/Build/Intermediates.noindex/SpektoWatch2.build/Debug-watchos/SpektoWatch\ Complications.build/Objects-normal/arm64_32/SpektoWatch\ Complications.LinkFileList -Xlinker -rpath -Xlinker /usr/lib/swift -Xlinker -rpath -Xlinker @executable_path/Frameworks -Xlinker -rpath -Xlinker @executable_path/../../Frameworks -Xlinker -dead_strip -Xlinker -object_path_lto -Xlinker /Users/simeonbrandt/SpektoWatch2/.derivedData-watch4/Build/Intermediates.noindex/SpektoWatch2.build/Debug-watchos/SpektoWatch\ Complications.build/Objects-normal/arm64_32/SpektoWatch\ Complications_lto.o -rdynamic -Xlinker -debug_variant -Xlinker -dependency_info -Xlinker /Users/simeonbrandt/SpektoWatch2/.derivedData-watch4/Build/Intermediates.noindex/SpektoWatch2.build/Debug-watchos/SpektoWatch\ Complications.build/Objects-normal/arm64_32/SpektoWatch\ Complications_dependency_info.dat -e _NSExtensionMain -fapplication-extension -fobjc-link-runtime -fprofile-instr-generate -L/Applications/Xcode.app/Contents/Developer/Toolchains/XcodeDefault.xctoolchain/usr/lib/swift/watchos -L/usr/lib/swift -Xlinker -add_ast_path -Xlinker /Users/simeonbrandt/SpektoWatch2/.derivedData-watch4/Build/Intermediates.noindex/SpektoWatch2.build/Debug-watchos/SpektoWatch\ Complications.build/Objects-normal/arm64_32/SpektoWatch_Complications.swiftmodule @/Users/simeonbrandt/SpektoWatch2/.derivedData-watch4/Build/Intermediates.noindex/SpektoWatch2.build/Debug-watchos/SpektoWatch\ Complications.build/Objects-normal/arm64_32/SpektoWatch_Complications-linker-args.resp -Xlinker -no_adhoc_codesign -o /Users/simeonbrandt/SpektoWatch2/.derivedData-watch4/Build/Intermediates.noindex/SpektoWatch2.build/Debug-watchos/SpektoWatch\ Complications.build/Objects-normal/arm64_32/Binary/SpektoWatch\ Complications

ProcessProductPackagingDER /Users/simeonbrandt/SpektoWatch2/.derivedData-watch4/Build/Intermediates.noindex/SpektoWatch2.build/Debug-watchos/SpektoWatch\ Watch\ App.build/SpektoWatch\ Watch\ App.app.xcent /Users/simeonbrandt/SpektoWatch2/.derivedData-watch4/Build/Intermediates.noindex/SpektoWatch2.build/Debug-watchos/SpektoWatch\ Watch\ App.build/SpektoWatch\ Watch\ App.app.xcent.der (in target 'SpektoWatch Watch App' from project 'SpektoWatch2')
    cd /Users/simeonbrandt/SpektoWatch2
    /usr/bin/derq query -f xml -i /Users/simeonbrandt/SpektoWatch2/.derivedData-watch4/Build/Intermediates.noindex/SpektoWatch2.build/Debug-watchos/SpektoWatch\ Watch\ App.build/SpektoWatch\ Watch\ App.app.xcent -o /Users/simeonbrandt/SpektoWatch2/.derivedData-watch4/Build/Intermediates.noindex/SpektoWatch2.build/Debug-watchos/SpektoWatch\ Watch\ App.build/SpektoWatch\ Watch\ App.app.xcent.der --raw

SwiftDriverJobDiscovery normal arm64 Compiling SpektoWatchComplications.swift (in target 'SpektoWatch Complications' from project 'SpektoWatch2')

ProcessProductPackaging /Users/simeonbrandt/Library/Developer/Xcode/UserData/Provisioning\ Profiles/a0247a52-ae38-456f-85e8-255e2685f7a6.mobileprovision /Users/simeonbrandt/SpektoWatch2/.derivedData-watch4/Build/Products/Debug-watchos/SpektoWatch\ Watch\ App.app/embedded.mobileprovision (in target 'SpektoWatch Watch App' from project 'SpektoWatch2')
    cd /Users/simeonbrandt/SpektoWatch2
    builtin-productPackagingUtility /Users/simeonbrandt/Library/Developer/Xcode/UserData/Provisioning\ Profiles/a0247a52-ae38-456f-85e8-255e2685f7a6.mobileprovision -o /Users/simeonbrandt/SpektoWatch2/.derivedData-watch4/Build/Products/Debug-watchos/SpektoWatch\ Watch\ App.app/embedded.mobileprovision

MkDir /Users/simeonbrandt/SpektoWatch2/.derivedData-watch4/Build/Intermediates.noindex/SpektoWatch2.build/Debug-watchos/SpektoWatch\ Watch\ App.build/assetcatalog_output/unthinned (in target 'SpektoWatch Watch App' from project 'SpektoWatch2')
    cd /Users/simeonbrandt/SpektoWatch2
    /bin/mkdir -p /Users/simeonbrandt/SpektoWatch2/.derivedData-watch4/Build/Intermediates.noindex/SpektoWatch2.build/Debug-watchos/SpektoWatch\ Watch\ App.build/assetcatalog_output/unthinned

MkDir /Users/simeonbrandt/SpektoWatch2/.derivedData-watch4/Build/Intermediates.noindex/SpektoWatch2.build/Debug-watchos/SpektoWatch\ Watch\ App.build/assetcatalog_output/thinned (in target 'SpektoWatch Watch App' from project 'SpektoWatch2')
    cd /Users/simeonbrandt/SpektoWatch2
    /bin/mkdir -p /Users/simeonbrandt/SpektoWatch2/.derivedData-watch4/Build/Intermediates.noindex/SpektoWatch2.build/Debug-watchos/SpektoWatch\ Watch\ App.build/assetcatalog_output/thinned

GenerateAssetSymbols /Users/simeonbrandt/SpektoWatch2/SpektoWatch\ Watch\ App/Assets.xcassets (in target 'SpektoWatch Watch App' from project 'SpektoWatch2')
    cd /Users/simeonbrandt/SpektoWatch2
    /Applications/Xcode.app/Contents/Developer/usr/bin/actool /Users/simeonbrandt/SpektoWatch2/SpektoWatch\ Watch\ App/Assets.xcassets --compile /Users/simeonbrandt/SpektoWatch2/.derivedData-watch4/Build/Products/Debug-watchos/SpektoWatch\ Watch\ App.app --output-format human-readable-text --notices --warnings --export-dependency-info /Users/simeonbrandt/SpektoWatch2/.derivedData-watch4/Build/Intermediates.noindex/SpektoWatch2.build/Debug-watchos/SpektoWatch\ Watch\ App.build/assetcatalog_dependencies --output-partial-info-plist /Users/simeonbrandt/SpektoWatch2/.derivedData-watch4/Build/Intermediates.noindex/SpektoWatch2.build/Debug-watchos/SpektoWatch\ Watch\ App.build/assetcatalog_generated_info.plist --app-icon AppIcon --accent-color AccentColor --compress-pngs --enable-on-demand-resources YES --development-region en --target-device watch --minimum-deployment-target 11.0 --platform watchos --bundle-identifier BrandtAcoustics.SpektoWatch2.watchkitapp --generate-swift-asset-symbols /Users/simeonbrandt/SpektoWatch2/.derivedData-watch4/Build/Intermediates.noindex/SpektoWatch2.build/Debug-watchos/SpektoWatch\ Watch\ App.build/DerivedSources/GeneratedAssetSymbols.swift --generate-objc-asset-symbols /Users/simeonbrandt/SpektoWatch2/.derivedData-watch4/Build/Intermediates.noindex/SpektoWatch2.build/Debug-watchos/SpektoWatch\ Watch\ App.build/DerivedSources/GeneratedAssetSymbols.h --generate-asset-symbol-index /Users/simeonbrandt/SpektoWatch2/.derivedData-watch4/Build/Intermediates.noindex/SpektoWatch2.build/Debug-watchos/SpektoWatch\ Watch\ App.build/DerivedSources/GeneratedAssetSymbols-Index.plist
/* com.apple.actool.compilation-results */
/Users/simeonbrandt/SpektoWatch2/.derivedData-watch4/Build/Intermediates.noindex/SpektoWatch2.build/Debug-watchos/SpektoWatch Watch App.build/DerivedSources/GeneratedAssetSymbols-Index.plist
/Users/simeonbrandt/SpektoWatch2/.derivedData-watch4/Build/Intermediates.noindex/SpektoWatch2.build/Debug-watchos/SpektoWatch Watch App.build/DerivedSources/GeneratedAssetSymbols.h
/Users/simeonbrandt/SpektoWatch2/.derivedData-watch4/Build/Intermediates.noindex/SpektoWatch2.build/Debug-watchos/SpektoWatch Watch App.build/DerivedSources/GeneratedAssetSymbols.swift


CompileAssetCatalogVariant thinned /Users/simeonbrandt/SpektoWatch2/.derivedData-watch4/Build/Products/Debug-watchos/SpektoWatch\ Watch\ App.app /Users/simeonbrandt/SpektoWatch2/SpektoWatch\ Watch\ App/Assets.xcassets (in target 'SpektoWatch Watch App' from project 'SpektoWatch2')
    cd /Users/simeonbrandt/SpektoWatch2
    /Applications/Xcode.app/Contents/Developer/usr/bin/actool /Users/simeonbrandt/SpektoWatch2/SpektoWatch\ Watch\ App/Assets.xcassets --compile /Users/simeonbrandt/SpektoWatch2/.derivedData-watch4/Build/Intermediates.noindex/SpektoWatch2.build/Debug-watchos/SpektoWatch\ Watch\ App.build/assetcatalog_output/thinned --output-format human-readable-text --notices --warnings --export-dependency-info /Users/simeonbrandt/SpektoWatch2/.derivedData-watch4/Build/Intermediates.noindex/SpektoWatch2.build/Debug-watchos/SpektoWatch\ Watch\ App.build/assetcatalog_dependencies_thinned --output-partial-info-plist /Users/simeonbrandt/SpektoWatch2/.derivedData-watch4/Build/Intermediates.noindex/SpektoWatch2.build/Debug-watchos/SpektoWatch\ Watch\ App.build/assetcatalog_generated_info.plist_thinned --app-icon AppIcon --accent-color AccentColor --compress-pngs --enable-on-demand-resources YES --development-region en --target-device watch --minimum-deployment-target 11.0 --platform watchos
/* com.apple.actool.compilation-results */
/Users/simeonbrandt/SpektoWatch2/.derivedData-watch4/Build/Intermediates.noindex/SpektoWatch2.build/Debug-watchos/SpektoWatch Watch App.build/assetcatalog_generated_info.plist_thinned
/Users/simeonbrandt/SpektoWatch2/.derivedData-watch4/Build/Intermediates.noindex/SpektoWatch2.build/Debug-watchos/SpektoWatch Watch App.build/assetcatalog_output/thinned/Assets.car


SwiftDriverJobDiscovery normal arm64 Compiling AppGroup.swift (in target 'SpektoWatch Complications' from project 'SpektoWatch2')

SwiftDriver SpektoWatch\ Watch\ App normal arm64 com.apple.xcode.tools.swift.compiler (in target 'SpektoWatch Watch App' from project 'SpektoWatch2')
    cd /Users/simeonbrandt/SpektoWatch2
    builtin-SwiftDriver -- /Applications/Xcode.app/Contents/Developer/Toolchains/XcodeDefault.xctoolchain/usr/bin/swiftc -module-name SpektoWatch_Watch_App -O @/Users/simeonbrandt/SpektoWatch2/.derivedData-watch4/Build/Intermediates.noindex/SpektoWatch2.build/Debug-watchos/SpektoWatch\ Watch\ App.build/Objects-normal/arm64/SpektoWatch\ Watch\ App.SwiftFileList -DDEBUG -enable-bare-slash-regex -enable-upcoming-feature DisableOutwardActorInference -enable-upcoming-feature InferSendableFromCaptures -enable-upcoming-feature GlobalActorIsolatedTypesUsability -enable-upcoming-feature MemberImportVisibility -enable-upcoming-feature InferIsolatedConformances -enable-upcoming-feature NonisolatedNonsendingByDefault -enable-experimental-feature DebugDescriptionMacro -sdk /Applications/Xcode.app/Contents/Developer/Platforms/WatchOS.platform/Developer/SDKs/WatchOS26.5.sdk -target arm64-apple-watchos11.0 -g -module-cache-path /Users/simeonbrandt/SpektoWatch2/.derivedData-watch4/ModuleCache.noindex -Xfrontend -serialize-debugging-options -profile-coverage-mapping -profile-generate -enable-testing -swift-version 5 -I /Users/simeonbrandt/SpektoWatch2/.derivedData-watch4/Build/Products/Debug-watchos -F /Users/simeonbrandt/SpektoWatch2/.derivedData-watch4/Build/Products/Debug-watchos -emit-localized-strings -emit-localized-strings-path /Users/simeonbrandt/SpektoWatch2/.derivedData-watch4/Build/Intermediates.noindex/SpektoWatch2.build/Debug-watchos/SpektoWatch\ Watch\ App.build/Objects-normal/arm64 -c -j8 -enable-batch-mode -incremental -Xcc -ivfsstatcache -Xcc /Users/simeonbrandt/SpektoWatch2/.derivedData-watch4/SDKStatCaches.noindex/watchos26.5-23T570-688ef53f1462e2c8f657fdc38a81448f6c525d28bb7368d9e3b927c5b9753508.sdkstatcache -output-file-map /Users/simeonbrandt/SpektoWatch2/.derivedData-watch4/Build/Intermediates.noindex/SpektoWatch2.build/Debug-watchos/SpektoWatch\ Watch\ App.build/Objects-normal/arm64/SpektoWatch\ Watch\ App-OutputFileMap.json -use-frontend-parseable-output -save-temps -no-color-diagnostics -explicit-module-build -module-cache-path /Users/simeonbrandt/SpektoWatch2/.derivedData-watch4/Build/Intermediates.noindex/SwiftExplicitPrecompiledModules -clang-scanner-module-cache-path /Users/simeonbrandt/SpektoWatch2/.derivedData-watch4/ModuleCache.noindex -sdk-module-cache-path /Users/simeonbrandt/SpektoWatch2/.derivedData-watch4/ModuleCache.noindex -serialize-diagnostics -emit-dependencies -emit-module -emit-module-path /Users/simeonbrandt/SpektoWatch2/.derivedData-watch4/Build/Intermediates.noindex/SpektoWatch2.build/Debug-watchos/SpektoWatch\ Watch\ App.build/Objects-normal/arm64/SpektoWatch_Watch_App.swiftmodule -validate-clang-modules-once -clang-build-session-file /Users/simeonbrandt/SpektoWatch2/.derivedData-watch4/ModuleCache.noindex/Session.modulevalidation -Xcc -I/Users/simeonbrandt/SpektoWatch2/.derivedData-watch4/Build/Intermediates.noindex/SpektoWatch2.build/Debug-watchos/SpektoWatch\ Watch\ App.build/swift-overrides.hmap -emit-const-values -Xfrontend -const-gather-protocols-file -Xfrontend /Users/simeonbrandt/SpektoWatch2/.derivedData-watch4/Build/Intermediates.noindex/SpektoWatch2.build/Debug-watchos/SpektoWatch\ Watch\ App.build/Objects-normal/arm64/SpektoWatch\ Watch\ App_const_extract_protocols.json -Xcc -iquote -Xcc /Users/simeonbrandt/SpektoWatch2/.derivedData-watch4/Build/Intermediates.noindex/SpektoWatch2.build/Debug-watchos/SpektoWatch\ Watch\ App.build/SpektoWatch\ Watch\ App-generated-files.hmap -Xcc -I/Users/simeonbrandt/SpektoWatch2/.derivedData-watch4/Build/Intermediates.noindex/SpektoWatch2.build/Debug-watchos/SpektoWatch\ Watch\ App.build/SpektoWatch\ Watch\ App-own-target-headers.hmap -Xcc -I/Users/simeonbrandt/SpektoWatch2/.derivedData-watch4/Build/Intermediates.noindex/SpektoWatch2.build/Debug-watchos/SpektoWatch\ Watch\ App.build/SpektoWatch\ Watch\ App-all-target-headers.hmap -Xcc -iquote -Xcc /Users/simeonbrandt/SpektoWatch2/.derivedData-watch4/Build/Intermediates.noindex/SpektoWatch2.build/Debug-watchos/SpektoWatch\ Watch\ App.build/SpektoWatch\ Watch\ App-project-headers.hmap -Xcc -I/Users/simeonbrandt/SpektoWatch2/.derivedData-watch4/Build/Products/Debug-watchos/include -Xcc -I/Users/simeonbrandt/SpektoWatch2/.derivedData-watch4/Build/Intermediates.noindex/SpektoWatch2.build/Debug-watchos/SpektoWatch\ Watch\ App.build/DerivedSources-normal/arm64 -Xcc -I/Users/simeonbrandt/SpektoWatch2/.derivedData-watch4/Build/Intermediates.noindex/SpektoWatch2.build/Debug-watchos/SpektoWatch\ Watch\ App.build/DerivedSources/arm64 -Xcc -I/Users/simeonbrandt/SpektoWatch2/.derivedData-watch4/Build/Intermediates.noindex/SpektoWatch2.build/Debug-watchos/SpektoWatch\ Watch\ App.build/DerivedSources -Xcc -DDEBUG\=1 -emit-objc-header -emit-objc-header-path /Users/simeonbrandt/SpektoWatch2/.derivedData-watch4/Build/Intermediates.noindex/SpektoWatch2.build/Debug-watchos/SpektoWatch\ Watch\ App.build/Objects-normal/arm64/SpektoWatch_Watch_App-Swift.h -working-directory /Users/simeonbrandt/SpektoWatch2 -experimental-emit-module-separately -disable-cmo

SwiftDriver SpektoWatch\ Watch\ App normal arm64_32 com.apple.xcode.tools.swift.compiler (in target 'SpektoWatch Watch App' from project 'SpektoWatch2')
    cd /Users/simeonbrandt/SpektoWatch2
    builtin-SwiftDriver -- /Applications/Xcode.app/Contents/Developer/Toolchains/XcodeDefault.xctoolchain/usr/bin/swiftc -module-name SpektoWatch_Watch_App -O @/Users/simeonbrandt/SpektoWatch2/.derivedData-watch4/Build/Intermediates.noindex/SpektoWatch2.build/Debug-watchos/SpektoWatch\ Watch\ App.build/Objects-normal/arm64_32/SpektoWatch\ Watch\ App.SwiftFileList -DDEBUG -enable-bare-slash-regex -enable-upcoming-feature DisableOutwardActorInference -enable-upcoming-feature InferSendableFromCaptures -enable-upcoming-feature GlobalActorIsolatedTypesUsability -enable-upcoming-feature MemberImportVisibility -enable-upcoming-feature InferIsolatedConformances -enable-upcoming-feature NonisolatedNonsendingByDefault -enable-experimental-feature DebugDescriptionMacro -sdk /Applications/Xcode.app/Contents/Developer/Platforms/WatchOS.platform/Developer/SDKs/WatchOS26.5.sdk -target arm64_32-apple-watchos11.0 -g -module-cache-path /Users/simeonbrandt/SpektoWatch2/.derivedData-watch4/ModuleCache.noindex -Xfrontend -serialize-debugging-options -profile-coverage-mapping -profile-generate -enable-testing -swift-version 5 -I /Users/simeonbrandt/SpektoWatch2/.derivedData-watch4/Build/Products/Debug-watchos -F /Users/simeonbrandt/SpektoWatch2/.derivedData-watch4/Build/Products/Debug-watchos -emit-localized-strings -emit-localized-strings-path /Users/simeonbrandt/SpektoWatch2/.derivedData-watch4/Build/Intermediates.noindex/SpektoWatch2.build/Debug-watchos/SpektoWatch\ Watch\ App.build/Objects-normal/arm64_32 -c -j8 -enable-batch-mode -incremental -Xcc -ivfsstatcache -Xcc /Users/simeonbrandt/SpektoWatch2/.derivedData-watch4/SDKStatCaches.noindex/watchos26.5-23T570-688ef53f1462e2c8f657fdc38a81448f6c525d28bb7368d9e3b927c5b9753508.sdkstatcache -output-file-map /Users/simeonbrandt/SpektoWatch2/.derivedData-watch4/Build/Intermediates.noindex/SpektoWatch2.build/Debug-watchos/SpektoWatch\ Watch\ App.build/Objects-normal/arm64_32/SpektoWatch\ Watch\ App-OutputFileMap.json -use-frontend-parseable-output -save-temps -no-color-diagnostics -explicit-module-build -module-cache-path /Users/simeonbrandt/SpektoWatch2/.derivedData-watch4/Build/Intermediates.noindex/SwiftExplicitPrecompiledModules -clang-scanner-module-cache-path /Users/simeonbrandt/SpektoWatch2/.derivedData-watch4/ModuleCache.noindex -sdk-module-cache-path /Users/simeonbrandt/SpektoWatch2/.derivedData-watch4/ModuleCache.noindex -serialize-diagnostics -emit-dependencies -emit-module -emit-module-path /Users/simeonbrandt/SpektoWatch2/.derivedData-watch4/Build/Intermediates.noindex/SpektoWatch2.build/Debug-watchos/SpektoWatch\ Watch\ App.build/Objects-normal/arm64_32/SpektoWatch_Watch_App.swiftmodule -validate-clang-modules-once -clang-build-session-file /Users/simeonbrandt/SpektoWatch2/.derivedData-watch4/ModuleCache.noindex/Session.modulevalidation -Xcc -I/Users/simeonbrandt/SpektoWatch2/.derivedData-watch4/Build/Intermediates.noindex/SpektoWatch2.build/Debug-watchos/SpektoWatch\ Watch\ App.build/swift-overrides.hmap -emit-const-values -Xfrontend -const-gather-protocols-file -Xfrontend /Users/simeonbrandt/SpektoWatch2/.derivedData-watch4/Build/Intermediates.noindex/SpektoWatch2.build/Debug-watchos/SpektoWatch\ Watch\ App.build/Objects-normal/arm64_32/SpektoWatch\ Watch\ App_const_extract_protocols.json -Xcc -iquote -Xcc /Users/simeonbrandt/SpektoWatch2/.derivedData-watch4/Build/Intermediates.noindex/SpektoWatch2.build/Debug-watchos/SpektoWatch\ Watch\ App.build/SpektoWatch\ Watch\ App-generated-files.hmap -Xcc -I/Users/simeonbrandt/SpektoWatch2/.derivedData-watch4/Build/Intermediates.noindex/SpektoWatch2.build/Debug-watchos/SpektoWatch\ Watch\ App.build/SpektoWatch\ Watch\ App-own-target-headers.hmap -Xcc -I/Users/simeonbrandt/SpektoWatch2/.derivedData-watch4/Build/Intermediates.noindex/SpektoWatch2.build/Debug-watchos/SpektoWatch\ Watch\ App.build/SpektoWatch\ Watch\ App-all-target-headers.hmap -Xcc -iquote -Xcc /Users/simeonbrandt/SpektoWatch2/.derivedData-watch4/Build/Intermediates.noindex/SpektoWatch2.build/Debug-watchos/SpektoWatch\ Watch\ App.build/SpektoWatch\ Watch\ App-project-headers.hmap -Xcc -I/Users/simeonbrandt/SpektoWatch2/.derivedData-watch4/Build/Products/Debug-watchos/include -Xcc -I/Users/simeonbrandt/SpektoWatch2/.derivedData-watch4/Build/Intermediates.noindex/SpektoWatch2.build/Debug-watchos/SpektoWatch\ Watch\ App.build/DerivedSources-normal/arm64_32 -Xcc -I/Users/simeonbrandt/SpektoWatch2/.derivedData-watch4/Build/Intermediates.noindex/SpektoWatch2.build/Debug-watchos/SpektoWatch\ Watch\ App.build/DerivedSources/arm64_32 -Xcc -I/Users/simeonbrandt/SpektoWatch2/.derivedData-watch4/Build/Intermediates.noindex/SpektoWatch2.build/Debug-watchos/SpektoWatch\ Watch\ App.build/DerivedSources -Xcc -DDEBUG\=1 -emit-objc-header -emit-objc-header-path /Users/simeonbrandt/SpektoWatch2/.derivedData-watch4/Build/Intermediates.noindex/SpektoWatch2.build/Debug-watchos/SpektoWatch\ Watch\ App.build/Objects-normal/arm64_32/SpektoWatch_Watch_App-Swift.h -working-directory /Users/simeonbrandt/SpektoWatch2 -experimental-emit-module-separately -disable-cmo

SwiftDriverJobDiscovery normal arm64 Compiling WatchComplicationEntry.swift (in target 'SpektoWatch Complications' from project 'SpektoWatch2')

SwiftDriver\ Compilation SpektoWatch\ Complications normal arm64 com.apple.xcode.tools.swift.compiler (in target 'SpektoWatch Complications' from project 'SpektoWatch2')
    cd /Users/simeonbrandt/SpektoWatch2
    builtin-Swift-Compilation -- /Applications/Xcode.app/Contents/Developer/Toolchains/XcodeDefault.xctoolchain/usr/bin/swiftc -module-name SpektoWatch_Complications -O @/Users/simeonbrandt/SpektoWatch2/.derivedData-watch4/Build/Intermediates.noindex/SpektoWatch2.build/Debug-watchos/SpektoWatch\ Complications.build/Objects-normal/arm64/SpektoWatch\ Complications.SwiftFileList -DDEBUG -enable-bare-slash-regex -enable-upcoming-feature DisableOutwardActorInference -enable-upcoming-feature InferSendableFromCaptures -enable-upcoming-feature GlobalActorIsolatedTypesUsability -enable-upcoming-feature MemberImportVisibility -enable-upcoming-feature InferIsolatedConformances -enable-upcoming-feature NonisolatedNonsendingByDefault -enable-experimental-feature DebugDescriptionMacro -sdk /Applications/Xcode.app/Contents/Developer/Platforms/WatchOS.platform/Developer/SDKs/WatchOS26.5.sdk -target arm64-apple-watchos11.0 -g -module-cache-path /Users/simeonbrandt/SpektoWatch2/.derivedData-watch4/ModuleCache.noindex -Xfrontend -serialize-debugging-options -application-extension -profile-coverage-mapping -profile-generate -enable-testing -swift-version 5 -I /Users/simeonbrandt/SpektoWatch2/.derivedData-watch4/Build/Products/Debug-watchos -F /Users/simeonbrandt/SpektoWatch2/.derivedData-watch4/Build/Products/Debug-watchos -emit-localized-strings -emit-localized-strings-path /Users/simeonbrandt/SpektoWatch2/.derivedData-watch4/Build/Intermediates.noindex/SpektoWatch2.build/Debug-watchos/SpektoWatch\ Complications.build/Objects-normal/arm64 -c -j8 -enable-batch-mode -incremental -Xcc -ivfsstatcache -Xcc /Users/simeonbrandt/SpektoWatch2/.derivedData-watch4/SDKStatCaches.noindex/watchos26.5-23T570-688ef53f1462e2c8f657fdc38a81448f6c525d28bb7368d9e3b927c5b9753508.sdkstatcache -output-file-map /Users/simeonbrandt/SpektoWatch2/.derivedData-watch4/Build/Intermediates.noindex/SpektoWatch2.build/Debug-watchos/SpektoWatch\ Complications.build/Objects-normal/arm64/SpektoWatch\ Complications-OutputFileMap.json -use-frontend-parseable-output -save-temps -no-color-diagnostics -explicit-module-build -module-cache-path /Users/simeonbrandt/SpektoWatch2/.derivedData-watch4/Build/Intermediates.noindex/SwiftExplicitPrecompiledModules -clang-scanner-module-cache-path /Users/simeonbrandt/SpektoWatch2/.derivedData-watch4/ModuleCache.noindex -sdk-module-cache-path /Users/simeonbrandt/SpektoWatch2/.derivedData-watch4/ModuleCache.noindex -serialize-diagnostics -emit-dependencies -emit-module -emit-module-path /Users/simeonbrandt/SpektoWatch2/.derivedData-watch4/Build/Intermediates.noindex/SpektoWatch2.build/Debug-watchos/SpektoWatch\ Complications.build/Objects-normal/arm64/SpektoWatch_Complications.swiftmodule -validate-clang-modules-once -clang-build-session-file /Users/simeonbrandt/SpektoWatch2/.derivedData-watch4/ModuleCache.noindex/Session.modulevalidation -Xcc -I/Users/simeonbrandt/SpektoWatch2/.derivedData-watch4/Build/Intermediates.noindex/SpektoWatch2.build/Debug-watchos/SpektoWatch\ Complications.build/swift-overrides.hmap -emit-const-values -Xfrontend -const-gather-protocols-file -Xfrontend /Users/simeonbrandt/SpektoWatch2/.derivedData-watch4/Build/Intermediates.noindex/SpektoWatch2.build/Debug-watchos/SpektoWatch\ Complications.build/Objects-normal/arm64/SpektoWatch\ Complications_const_extract_protocols.json -Xcc -iquote -Xcc /Users/simeonbrandt/SpektoWatch2/.derivedData-watch4/Build/Intermediates.noindex/SpektoWatch2.build/Debug-watchos/SpektoWatch\ Complications.build/SpektoWatch\ Complications-generated-files.hmap -Xcc -I/Users/simeonbrandt/SpektoWatch2/.derivedData-watch4/Build/Intermediates.noindex/SpektoWatch2.build/Debug-watchos/SpektoWatch\ Complications.build/SpektoWatch\ Complications-own-target-headers.hmap -Xcc -I/Users/simeonbrandt/SpektoWatch2/.derivedData-watch4/Build/Intermediates.noindex/SpektoWatch2.build/Debug-watchos/SpektoWatch\ Complications.build/SpektoWatch\ Complications-all-target-headers.hmap -Xcc -iquote -Xcc /Users/simeonbrandt/SpektoWatch2/.derivedData-watch4/Build/Intermediates.noindex/SpektoWatch2.build/Debug-watchos/SpektoWatch\ Complications.build/SpektoWatch\ Complications-project-headers.hmap -Xcc -I/Users/simeonbrandt/SpektoWatch2/.derivedData-watch4/Build/Products/Debug-watchos/include -Xcc -I/Users/simeonbrandt/SpektoWatch2/.derivedData-watch4/Build/Intermediates.noindex/SpektoWatch2.build/Debug-watchos/SpektoWatch\ Complications.build/DerivedSources-normal/arm64 -Xcc -I/Users/simeonbrandt/SpektoWatch2/.derivedData-watch4/Build/Intermediates.noindex/SpektoWatch2.build/Debug-watchos/SpektoWatch\ Complications.build/DerivedSources/arm64 -Xcc -I/Users/simeonbrandt/SpektoWatch2/.derivedData-watch4/Build/Intermediates.noindex/SpektoWatch2.build/Debug-watchos/SpektoWatch\ Complications.build/DerivedSources -Xcc -DDEBUG\=1 -emit-objc-header -emit-objc-header-path /Users/simeonbrandt/SpektoWatch2/.derivedData-watch4/Build/Intermediates.noindex/SpektoWatch2.build/Debug-watchos/SpektoWatch\ Complications.build/Objects-normal/arm64/SpektoWatch_Complications-Swift.h -working-directory /Users/simeonbrandt/SpektoWatch2 -experimental-emit-module-separately -disable-cmo

Ld /Users/simeonbrandt/SpektoWatch2/.derivedData-watch4/Build/Intermediates.noindex/SpektoWatch2.build/Debug-watchos/SpektoWatch\ Complications.build/Objects-normal/arm64/Binary/SpektoWatch\ Complications normal arm64 (in target 'SpektoWatch Complications' from project 'SpektoWatch2')
    cd /Users/simeonbrandt/SpektoWatch2
    /Applications/Xcode.app/Contents/Developer/Toolchains/XcodeDefault.xctoolchain/usr/bin/clang -Xlinker -reproducible -target arm64-apple-watchos11.0 -isysroot /Applications/Xcode.app/Contents/Developer/Platforms/WatchOS.platform/Developer/SDKs/WatchOS26.5.sdk -O1 -L/Users/simeonbrandt/SpektoWatch2/.derivedData-watch4/Build/Intermediates.noindex/EagerLinkingTBDs/Debug-watchos -L/Users/simeonbrandt/SpektoWatch2/.derivedData-watch4/Build/Products/Debug-watchos -F/Users/simeonbrandt/SpektoWatch2/.derivedData-watch4/Build/Intermediates.noindex/EagerLinkingTBDs/Debug-watchos -F/Users/simeonbrandt/SpektoWatch2/.derivedData-watch4/Build/Products/Debug-watchos -filelist /Users/simeonbrandt/SpektoWatch2/.derivedData-watch4/Build/Intermediates.noindex/SpektoWatch2.build/Debug-watchos/SpektoWatch\ Complications.build/Objects-normal/arm64/SpektoWatch\ Complications.LinkFileList -Xlinker -rpath -Xlinker /usr/lib/swift -Xlinker -rpath -Xlinker @executable_path/Frameworks -Xlinker -rpath -Xlinker @executable_path/../../Frameworks -Xlinker -dead_strip -Xlinker -object_path_lto -Xlinker /Users/simeonbrandt/SpektoWatch2/.derivedData-watch4/Build/Intermediates.noindex/SpektoWatch2.build/Debug-watchos/SpektoWatch\ Complications.build/Objects-normal/arm64/SpektoWatch\ Complications_lto.o -rdynamic -Xlinker -debug_variant -Xlinker -dependency_info -Xlinker /Users/simeonbrandt/SpektoWatch2/.derivedData-watch4/Build/Intermediates.noindex/SpektoWatch2.build/Debug-watchos/SpektoWatch\ Complications.build/Objects-normal/arm64/SpektoWatch\ Complications_dependency_info.dat -e _NSExtensionMain -fapplication-extension -fobjc-link-runtime -fprofile-instr-generate -L/Applications/Xcode.app/Contents/Developer/Toolchains/XcodeDefault.xctoolchain/usr/lib/swift/watchos -L/usr/lib/swift -Xlinker -add_ast_path -Xlinker /Users/simeonbrandt/SpektoWatch2/.derivedData-watch4/Build/Intermediates.noindex/SpektoWatch2.build/Debug-watchos/SpektoWatch\ Complications.build/Objects-normal/arm64/SpektoWatch_Complications.swiftmodule @/Users/simeonbrandt/SpektoWatch2/.derivedData-watch4/Build/Intermediates.noindex/SpektoWatch2.build/Debug-watchos/SpektoWatch\ Complications.build/Objects-normal/arm64/SpektoWatch_Complications-linker-args.resp -Xlinker -no_adhoc_codesign -o /Users/simeonbrandt/SpektoWatch2/.derivedData-watch4/Build/Intermediates.noindex/SpektoWatch2.build/Debug-watchos/SpektoWatch\ Complications.build/Objects-normal/arm64/Binary/SpektoWatch\ Complications

SwiftExplicitDependencyGeneratePcm arm64 /Users/simeonbrandt/SpektoWatch2/.derivedData-watch4/ModuleCache.noindex/_Builtin_stdbool-30I3VOUC6JNKQITQ1OATBC8N.pcm

SwiftExplicitDependencyGeneratePcm arm64 /Users/simeonbrandt/SpektoWatch2/.derivedData-watch4/ModuleCache.noindex/_Builtin_stdarg-1WCLA8GU09GYOF5YCQRNZ0ZSE.pcm

SwiftExplicitDependencyGeneratePcm arm64 /Users/simeonbrandt/SpektoWatch2/.derivedData-watch4/ModuleCache.noindex/_AvailabilityInternal-72XABFBVRSJBKQYWUJY2QXPCB.pcm

SwiftExplicitDependencyGeneratePcm arm64_32 /Users/simeonbrandt/SpektoWatch2/.derivedData-watch4/ModuleCache.noindex/_SwiftConcurrencyShims-2S0LPHZHKMF8Q0AO2L1PO8ET8.pcm

SwiftExplicitDependencyGeneratePcm arm64_32 /Users/simeonbrandt/SpektoWatch2/.derivedData-watch4/ModuleCache.noindex/_Builtin_stddef-2F1KCSDH2PPWR823PH28MHBCT.pcm

SwiftExplicitDependencyGeneratePcm arm64_32 /Users/simeonbrandt/SpektoWatch2/.derivedData-watch4/ModuleCache.noindex/_Builtin_float-9CMTKVQMK7UG60P2HPY5H3LUM.pcm

CreateUniversalBinary /Users/simeonbrandt/SpektoWatch2/.derivedData-watch4/Build/Products/Debug-watchos/SpektoWatch\ Complications.appex/SpektoWatch\ Complications normal arm64\ arm64_32 (in target 'SpektoWatch Complications' from project 'SpektoWatch2')
    cd /Users/simeonbrandt/SpektoWatch2
    /Applications/Xcode.app/Contents/Developer/Toolchains/XcodeDefault.xctoolchain/usr/bin/lipo -create /Users/simeonbrandt/SpektoWatch2/.derivedData-watch4/Build/Intermediates.noindex/SpektoWatch2.build/Debug-watchos/SpektoWatch\ Complications.build/Objects-normal/arm64/Binary/SpektoWatch\ Complications /Users/simeonbrandt/SpektoWatch2/.derivedData-watch4/Build/Intermediates.noindex/SpektoWatch2.build/Debug-watchos/SpektoWatch\ Complications.build/Objects-normal/arm64_32/Binary/SpektoWatch\ Complications -output /Users/simeonbrandt/SpektoWatch2/.derivedData-watch4/Build/Products/Debug-watchos/SpektoWatch\ Complications.appex/SpektoWatch\ Complications

SwiftExplicitDependencyGeneratePcm arm64_32 /Users/simeonbrandt/SpektoWatch2/.derivedData-watch4/ModuleCache.noindex/_Builtin_stdbool-D0JFW5XJXKYDGA1T49GSL620I.pcm

SwiftExplicitDependencyGeneratePcm arm64_32 /Users/simeonbrandt/SpektoWatch2/.derivedData-watch4/ModuleCache.noindex/_Builtin_stdarg-AMWCVW11K9LVXMGA1TZ57AUX8.pcm

SwiftExplicitDependencyGeneratePcm arm64_32 /Users/simeonbrandt/SpektoWatch2/.derivedData-watch4/ModuleCache.noindex/SwiftShims-CDLWNC730HR1MMDHDQCOOTTRQ.pcm

SwiftExplicitDependencyGeneratePcm arm64 /Users/simeonbrandt/SpektoWatch2/.derivedData-watch4/ModuleCache.noindex/_Builtin_float-BAOO087GKAXPMYA5APYOUHY3Z.pcm

SwiftExplicitDependencyGeneratePcm arm64_32 /Users/simeonbrandt/SpektoWatch2/.derivedData-watch4/ModuleCache.noindex/ptrcheck-5D14IISTAF62FAGIT62QC8875.pcm

SwiftExplicitDependencyGeneratePcm arm64 /Users/simeonbrandt/SpektoWatch2/.derivedData-watch4/ModuleCache.noindex/ptrauth-D61ELNUO32IU1WE73PYKXEZU5.pcm

SwiftExplicitDependencyGeneratePcm arm64 /Users/simeonbrandt/SpektoWatch2/.derivedData-watch4/ModuleCache.noindex/_Builtin_stddef-31XG891G0625OL3A93S8DDUE2.pcm

SwiftExplicitDependencyGeneratePcm arm64 /Users/simeonbrandt/SpektoWatch2/.derivedData-watch4/ModuleCache.noindex/_SwiftConcurrencyShims-74U0OCFUO2B7SUHSRB3P6CF1Q.pcm

SwiftExplicitDependencyGeneratePcm arm64_32 /Users/simeonbrandt/SpektoWatch2/.derivedData-watch4/ModuleCache.noindex/ptrauth-6LS8HDYEQ13OE8RIY03AJO3VC.pcm

SwiftExplicitDependencyGeneratePcm arm64_32 /Users/simeonbrandt/SpektoWatch2/.derivedData-watch4/ModuleCache.noindex/_AvailabilityInternal-E7C2AAM9U55T4ZJ6KXFWQHP00.pcm

SwiftExplicitDependencyGeneratePcm arm64_32 /Users/simeonbrandt/SpektoWatch2/.derivedData-watch4/ModuleCache.noindex/DeveloperToolsSupport-8IFIKUBNEFWRZ3SW1T2SQYEKT.pcm

SwiftExplicitDependencyGeneratePcm arm64 /Users/simeonbrandt/SpektoWatch2/.derivedData-watch4/ModuleCache.noindex/DeveloperToolsSupport-6K4WPVXY24VF731TPDAQPZQQI.pcm

SwiftExplicitDependencyGeneratePcm arm64 /Users/simeonbrandt/SpektoWatch2/.derivedData-watch4/ModuleCache.noindex/SwiftShims-D73677ZFHRGQM0YYGUTS1957H.pcm

SwiftExplicitDependencyGeneratePcm arm64 /Users/simeonbrandt/SpektoWatch2/.derivedData-watch4/ModuleCache.noindex/ptrcheck-6SPB383EZMW60H9U86AEBB0GK.pcm

SwiftExplicitDependencyGeneratePcm arm64_32 /Users/simeonbrandt/SpektoWatch2/.derivedData-watch4/ModuleCache.noindex/_DarwinFoundation1-A43DNAW7MFTFUWOEFUM4TCBN7.pcm

SwiftExplicitDependencyGeneratePcm arm64 /Users/simeonbrandt/SpektoWatch2/.derivedData-watch4/ModuleCache.noindex/_DarwinFoundation1-57SSDR9KBTTBFQDJTP3ATF2QJ.pcm

ExtractAppIntentsMetadata (in target 'SpektoWatch Complications' from project 'SpektoWatch2')
    cd /Users/simeonbrandt/SpektoWatch2
    /Applications/Xcode.app/Contents/Developer/Toolchains/XcodeDefault.xctoolchain/usr/bin/appintentsmetadataprocessor --toolchain-dir /var/run/com.apple.security.cryptexd/mnt/com.apple.MobileAsset.MetalToolchain-v17.6.42.0.h7YNAA/Metal.xctoolchain --module-name SpektoWatch_Complications --sdk-root /Applications/Xcode.app/Contents/Developer/Platforms/WatchOS.platform/Developer/SDKs/WatchOS26.5.sdk --xcode-version 17F42 --platform-family watchOS --deployment-target 11.0 --bundle-identifier BrandtAcoustics.SpektoWatch2.watchkitapp.complications --output /Users/simeonbrandt/SpektoWatch2/.derivedData-watch4/Build/Products/Debug-watchos/SpektoWatch\ Complications.appex --target-triple arm64-apple-watchos11.0 --target-triple arm64_32-apple-watchos11.0 --binary-file /Users/simeonbrandt/SpektoWatch2/.derivedData-watch4/Build/Products/Debug-watchos/SpektoWatch\ Complications.appex/SpektoWatch\ Complications --dependency-file /Users/simeonbrandt/SpektoWatch2/.derivedData-watch4/Build/Intermediates.noindex/SpektoWatch2.build/Debug-watchos/SpektoWatch\ Complications.build/Objects-normal/arm64/SpektoWatch\ Complications_dependency_info.dat --dependency-file /Users/simeonbrandt/SpektoWatch2/.derivedData-watch4/Build/Intermediates.noindex/SpektoWatch2.build/Debug-watchos/SpektoWatch\ Complications.build/Objects-normal/arm64_32/SpektoWatch\ Complications_dependency_info.dat --stringsdata-file /Users/simeonbrandt/SpektoWatch2/.derivedData-watch4/Build/Intermediates.noindex/SpektoWatch2.build/Debug-watchos/SpektoWatch\ Complications.build/Objects-normal/arm64/ExtractedAppShortcutsMetadata.stringsdata --stringsdata-file /Users/simeonbrandt/SpektoWatch2/.derivedData-watch4/Build/Intermediates.noindex/SpektoWatch2.build/Debug-watchos/SpektoWatch\ Complications.build/Objects-normal/arm64_32/ExtractedAppShortcutsMetadata.stringsdata --source-file-list /Users/simeonbrandt/SpektoWatch2/.derivedData-watch4/Build/Intermediates.noindex/SpektoWatch2.build/Debug-watchos/SpektoWatch\ Complications.build/Objects-normal/arm64/SpektoWatch\ Complications.SwiftFileList --source-file-list /Users/simeonbrandt/SpektoWatch2/.derivedData-watch4/Build/Intermediates.noindex/SpektoWatch2.build/Debug-watchos/SpektoWatch\ Complications.build/Objects-normal/arm64_32/SpektoWatch\ Complications.SwiftFileList --metadata-file-list /Users/simeonbrandt/SpektoWatch2/.derivedData-watch4/Build/Intermediates.noindex/SpektoWatch2.build/Debug-watchos/SpektoWatch\ Complications.build/SpektoWatch\ Complications.DependencyMetadataFileList --static-metadata-file-list /Users/simeonbrandt/SpektoWatch2/.derivedData-watch4/Build/Intermediates.noindex/SpektoWatch2.build/Debug-watchos/SpektoWatch\ Complications.build/SpektoWatch\ Complications.DependencyStaticMetadataFileList --swift-const-vals-list /Users/simeonbrandt/SpektoWatch2/.derivedData-watch4/Build/Intermediates.noindex/SpektoWatch2.build/Debug-watchos/SpektoWatch\ Complications.build/Objects-normal/arm64/SpektoWatch\ Complications.SwiftConstValuesFileList --swift-const-vals-list /Users/simeonbrandt/SpektoWatch2/.derivedData-watch4/Build/Intermediates.noindex/SpektoWatch2.build/Debug-watchos/SpektoWatch\ Complications.build/Objects-normal/arm64_32/SpektoWatch\ Complications.SwiftConstValuesFileList --compile-time-extraction --deployment-aware-processing --validate-assistant-intents --no-app-shortcuts-localization
2026-06-04 22:03:42.227 appintentsmetadataprocessor[35390:1861651] Starting appintentsmetadataprocessor export
2026-06-04 22:03:42.656 appintentsmetadataprocessor[35390:1861651] Extracted no relevant App Intents symbols, skipping writing output

SwiftExplicitDependencyGeneratePcm arm64_32 /Users/simeonbrandt/SpektoWatch2/.derivedData-watch4/ModuleCache.noindex/ExtensionFoundation-80RGDMC4PGEF7HNFH4LW5GXH5.pcm

SwiftExplicitDependencyGeneratePcm arm64_32 /Users/simeonbrandt/SpektoWatch2/.derivedData-watch4/ModuleCache.noindex/_DarwinFoundation2-B84VTZVWZ869S1PYQIJ5IW070.pcm

SwiftExplicitDependencyGeneratePcm arm64_32 /Users/simeonbrandt/SpektoWatch2/.derivedData-watch4/ModuleCache.noindex/_Builtin_limits-8LIH14QTBFVDO3LP6K9UD52WE.pcm

SwiftExplicitDependencyGeneratePcm arm64 /Users/simeonbrandt/SpektoWatch2/.derivedData-watch4/ModuleCache.noindex/ExtensionFoundation-7R34KANA8W20Q19KP95001QV1.pcm

SwiftExplicitDependencyGeneratePcm arm64 /Users/simeonbrandt/SpektoWatch2/.derivedData-watch4/ModuleCache.noindex/_DarwinFoundation2-1GN9U6N41CNX1O7B9R8POX7R5.pcm

SwiftDriverJobDiscovery normal arm64 Compiling MeasurementActivityAttributes.swift (in target 'SpektoWatch2WidgetExtension' from project 'SpektoWatch2')

SwiftExplicitDependencyGeneratePcm arm64 /Users/simeonbrandt/SpektoWatch2/.derivedData-watch4/ModuleCache.noindex/_Builtin_limits-DKFJNGN59XHE4MDUXFISMCFC1.pcm

CodeSign /Users/simeonbrandt/SpektoWatch2/.derivedData-watch4/Build/Products/Debug-watchos/SpektoWatch\ Complications.appex (in target 'SpektoWatch Complications' from project 'SpektoWatch2')
    cd /Users/simeonbrandt/SpektoWatch2
    
    Signing Identity:     "Apple Development: Samuel Brandt (M3F7D9UGS5)"
    Provisioning Profile: "iOS Team Provisioning Profile: BrandtAcoustics.SpektoWatch2.watchkitapp.complications"
                          (5c663692-6d93-476f-a799-bb9bf4bea423)
    
    /usr/bin/codesign --force --sign 47F9ACCFF4825284D0C58F24F6E156B7F34CDADC --entitlements /Users/simeonbrandt/SpektoWatch2/.derivedData-watch4/Build/Intermediates.noindex/SpektoWatch2.build/Debug-watchos/SpektoWatch\ Complications.build/SpektoWatch\ Complications.appex.xcent --timestamp\=none --generate-entitlement-der /Users/simeonbrandt/SpektoWatch2/.derivedData-watch4/Build/Products/Debug-watchos/SpektoWatch\ Complications.appex

SwiftExplicitDependencyGeneratePcm arm64_32 /Users/simeonbrandt/SpektoWatch2/.derivedData-watch4/ModuleCache.noindex/_Builtin_tgmath-2V1H6S9LPSCS2YFKBSBVEM2GR.pcm

SwiftExplicitDependencyGeneratePcm arm64_32 /Users/simeonbrandt/SpektoWatch2/.derivedData-watch4/ModuleCache.noindex/_Builtin_stdint-CHTYSONSOG5ANTZVEW6DPPNDW.pcm

SwiftExplicitDependencyGeneratePcm arm64_32 /Users/simeonbrandt/SpektoWatch2/.derivedData-watch4/ModuleCache.noindex/sys_types-4G9GT0EIC6HFQAOK3B4S13VXF.pcm

SwiftExplicitDependencyGeneratePcm arm64 /Users/simeonbrandt/SpektoWatch2/.derivedData-watch4/ModuleCache.noindex/sys_types-5C48WNUF1CH0OE096INKQ8P9X.pcm

SwiftExplicitDependencyGeneratePcm arm64 /Users/simeonbrandt/SpektoWatch2/.derivedData-watch4/ModuleCache.noindex/_Builtin_tgmath-D25PADHHHS4IOVGTTGI6IX6EN.pcm

SwiftExplicitDependencyGeneratePcm arm64_32 /Users/simeonbrandt/SpektoWatch2/.derivedData-watch4/ModuleCache.noindex/_DarwinFoundation3-93JIL83O1RBC50HFUHZJUUH95.pcm

SwiftExplicitDependencyGeneratePcm arm64_32 /Users/simeonbrandt/SpektoWatch2/.derivedData-watch4/ModuleCache.noindex/_Builtin_stdatomic-KPKJJYK7H07QMX6LJID1D4NK.pcm

SwiftExplicitDependencyGeneratePcm arm64_32 /Users/simeonbrandt/SpektoWatch2/.derivedData-watch4/ModuleCache.noindex/_Builtin_intrinsics-4SINJRUO0D7U7IGCRXHZ2HB5D.pcm

SwiftExplicitDependencyGeneratePcm arm64 /Users/simeonbrandt/SpektoWatch2/.derivedData-watch4/ModuleCache.noindex/_Builtin_stdint-5PJGT9PQAS2NYMVW9AUNLK7VR.pcm

RegisterExecutionPolicyException /Users/simeonbrandt/SpektoWatch2/.derivedData-watch4/Build/Products/Debug-watchos/SpektoWatch\ Complications.appex (in target 'SpektoWatch Complications' from project 'SpektoWatch2')
    cd /Users/simeonbrandt/SpektoWatch2
    builtin-RegisterExecutionPolicyException /Users/simeonbrandt/SpektoWatch2/.derivedData-watch4/Build/Products/Debug-watchos/SpektoWatch\ Complications.appex

Touch /Users/simeonbrandt/SpektoWatch2/.derivedData-watch4/Build/Products/Debug-watchos/SpektoWatch\ Complications.appex (in target 'SpektoWatch Complications' from project 'SpektoWatch2')
    cd /Users/simeonbrandt/SpektoWatch2
    /usr/bin/touch -c /Users/simeonbrandt/SpektoWatch2/.derivedData-watch4/Build/Products/Debug-watchos/SpektoWatch\ Complications.appex

CpResource /Users/simeonbrandt/SpektoWatch2/.derivedData-watch4/Build/Products/Debug-watchos/SpektoWatch\ Watch\ App.app/Contents.json /Users/simeonbrandt/SpektoWatch2/SpektoWatch\ Watch\ App/Contents.json (in target 'SpektoWatch Watch App' from project 'SpektoWatch2')
    cd /Users/simeonbrandt/SpektoWatch2
    builtin-copy -exclude .DS_Store -exclude CVS -exclude .svn -exclude .git -exclude .hg -resolve-src-symlinks /Users/simeonbrandt/SpektoWatch2/SpektoWatch\ Watch\ App/Contents.json /Users/simeonbrandt/SpektoWatch2/.derivedData-watch4/Build/Products/Debug-watchos/SpektoWatch\ Watch\ App.app

CopyPlistFile /Users/simeonbrandt/SpektoWatch2/.derivedData-watch4/Build/Products/Debug-watchos/SpektoWatch\ Watch\ App.app/Watch-Info.plist /Users/simeonbrandt/SpektoWatch2/SpektoWatch\ Watch\ App/Watch-Info.plist (in target 'SpektoWatch Watch App' from project 'SpektoWatch2')
    cd /Users/simeonbrandt/SpektoWatch2
    builtin-copyPlist --convert binary1 --outdir /Users/simeonbrandt/SpektoWatch2/.derivedData-watch4/Build/Products/Debug-watchos/SpektoWatch\ Watch\ App.app -- /Users/simeonbrandt/SpektoWatch2/SpektoWatch\ Watch\ App/Watch-Info.plist

SwiftExplicitDependencyGeneratePcm arm64 /Users/simeonbrandt/SpektoWatch2/.derivedData-watch4/ModuleCache.noindex/_DarwinFoundation3-BZJV5MI4RJKC1AN7C320J9DFC.pcm

SwiftExplicitDependencyGeneratePcm arm64 /Users/simeonbrandt/SpektoWatch2/.derivedData-watch4/ModuleCache.noindex/_Builtin_intrinsics-9F900KIIPCY7NAV1K1CE2ZIDO.pcm

SwiftExplicitDependencyGeneratePcm arm64 /Users/simeonbrandt/SpektoWatch2/.derivedData-watch4/ModuleCache.noindex/_Builtin_stdatomic-4CMFI38WOQDFETQCSZVP4QZDM.pcm

SwiftExplicitDependencyGeneratePcm arm64_32 /Users/simeonbrandt/SpektoWatch2/.derivedData-watch4/ModuleCache.noindex/_Builtin_inttypes-5YIADQN11CX6SJMPALPFV70GK.pcm

SwiftExplicitDependencyGeneratePcm arm64_32 /Users/simeonbrandt/SpektoWatch2/.derivedData-watch4/ModuleCache.noindex/Darwin-3EVLXQC67MJROZEC7IP3LRIN4.pcm

SwiftExplicitDependencyGeneratePcm arm64 /Users/simeonbrandt/SpektoWatch2/.derivedData-watch4/ModuleCache.noindex/_Builtin_inttypes-DK21EY37JRC7GOGY5Y0U0MFBW.pcm

SwiftExplicitDependencyGeneratePcm arm64 /Users/simeonbrandt/SpektoWatch2/.derivedData-watch4/ModuleCache.noindex/Darwin-EPAR2LYN1PFJLRM9D6IQ6C3HH.pcm

SwiftExplicitDependencyGeneratePcm arm64_32 /Users/simeonbrandt/SpektoWatch2/.derivedData-watch4/ModuleCache.noindex/simd-C7CX9BAU5ZPMC6FI7Z18ABV6U.pcm

SwiftExplicitDependencyGeneratePcm arm64 /Users/simeonbrandt/SpektoWatch2/.derivedData-watch4/ModuleCache.noindex/simd-DGF3IT1MXQPBYKO7V17CCMKGZ.pcm

SwiftExplicitDependencyGeneratePcm arm64 /Users/simeonbrandt/SpektoWatch2/.derivedData-watch4/ModuleCache.noindex/ObjectiveC-1LC48O866NKXX76DPOF11OHUX.pcm

SwiftExplicitDependencyGeneratePcm arm64 /Users/simeonbrandt/SpektoWatch2/.derivedData-watch4/ModuleCache.noindex/MachO-AAGPSSO8KAA1GA1G236I3FK2K.pcm

SwiftExplicitDependencyGeneratePcm arm64_32 /Users/simeonbrandt/SpektoWatch2/.derivedData-watch4/ModuleCache.noindex/MachO-176UEQGA5OTS2ZRBSBWN4NGSP.pcm

SwiftExplicitDependencyGeneratePcm arm64_32 /Users/simeonbrandt/SpektoWatch2/.derivedData-watch4/ModuleCache.noindex/ObjectiveC-DD96CNHJJC0F8B2EHCBFJFZVJ.pcm

SwiftExplicitDependencyGeneratePcm arm64 /Users/simeonbrandt/SpektoWatch2/.derivedData-watch4/ModuleCache.noindex/os_object-BJ48Z4S54P6DYDKO4G7LSFDDT.pcm

SwiftExplicitDependencyGeneratePcm arm64_32 /Users/simeonbrandt/SpektoWatch2/.derivedData-watch4/ModuleCache.noindex/os_object-AAJZGGC2FVKDCNVZ9BE9CTBBR.pcm

SwiftExplicitDependencyGeneratePcm arm64_32 /Users/simeonbrandt/SpektoWatch2/.derivedData-watch4/ModuleCache.noindex/Spatial-2BYCES9PZPGZL13EZVUQ0VV1F.pcm

SwiftExplicitDependencyGeneratePcm arm64 /Users/simeonbrandt/SpektoWatch2/.derivedData-watch4/ModuleCache.noindex/os_workgroup-5ZMEEX6HR5MFCJJM7BJIRE67P.pcm

SwiftExplicitDependencyGeneratePcm arm64_32 /Users/simeonbrandt/SpektoWatch2/.derivedData-watch4/ModuleCache.noindex/os_workgroup-3OPW657E9TW09WYEJ11IWXU2.pcm

SwiftExplicitDependencyGeneratePcm arm64 /Users/simeonbrandt/SpektoWatch2/.derivedData-watch4/ModuleCache.noindex/Dispatch-AHPEG8Z4EHKYY2EGH8MF14N4M.pcm

SwiftExplicitDependencyGeneratePcm arm64 /Users/simeonbrandt/SpektoWatch2/.derivedData-watch4/ModuleCache.noindex/Spatial-8KB2FBBQL4NL7CPYGGCP9NE4B.pcm

SwiftExplicitDependencyGeneratePcm arm64_32 /Users/simeonbrandt/SpektoWatch2/.derivedData-watch4/ModuleCache.noindex/Dispatch-6S0JU6IIJNSMK6ZBLKFNXXQD5.pcm

SwiftExplicitDependencyGeneratePcm arm64 /Users/simeonbrandt/SpektoWatch2/.derivedData-watch4/ModuleCache.noindex/XPC-2KZVYA1TLZ0IOHX3262QZZFZP.pcm

SwiftExplicitDependencyGeneratePcm arm64 /Users/simeonbrandt/SpektoWatch2/.derivedData-watch4/ModuleCache.noindex/CoreFoundation-A9TN1R4U4IPF94JV2H347TKQS.pcm

SwiftExplicitDependencyGeneratePcm arm64_32 /Users/simeonbrandt/SpektoWatch2/.derivedData-watch4/ModuleCache.noindex/CoreFoundation-D5BXMWQ90L8E3LNLJALD7GVYI.pcm

SwiftExplicitDependencyGeneratePcm arm64 /Users/simeonbrandt/SpektoWatch2/.derivedData-watch4/ModuleCache.noindex/dnssd-3NH78USWAHG6QPFWXV8TDZSPV.pcm

SwiftExplicitDependencyGeneratePcm arm64_32 /Users/simeonbrandt/SpektoWatch2/.derivedData-watch4/ModuleCache.noindex/XPC-VTP12NJ689ZS950HU94QWHZR.pcm

SwiftExplicitDependencyGeneratePcm arm64_32 /Users/simeonbrandt/SpektoWatch2/.derivedData-watch4/ModuleCache.noindex/dnssd-EEC5PD18VFQABF9IWT811SUJR.pcm

SwiftExplicitDependencyGeneratePcm arm64 /Users/simeonbrandt/SpektoWatch2/.derivedData-watch4/ModuleCache.noindex/CoreGraphics-CFCJ0SII72DUB4WD5UFUAUXNK.pcm

SwiftExplicitDependencyGeneratePcm arm64 /Users/simeonbrandt/SpektoWatch2/.derivedData-watch4/ModuleCache.noindex/CoreAudioTypes-7470M6JN1OCL5VV8DYEXIGP92.pcm

SwiftExplicitDependencyGeneratePcm arm64 /Users/simeonbrandt/SpektoWatch2/.derivedData-watch4/ModuleCache.noindex/Security-ERDLTY5OIVAA7WXXY1MWYNJMS.pcm

SwiftExplicitDependencyGeneratePcm arm64_32 /Users/simeonbrandt/SpektoWatch2/.derivedData-watch4/ModuleCache.noindex/os-AW83FBGQRUDK24V1X2L2BY0KT.pcm

SwiftExplicitDependencyGeneratePcm arm64_32 /Users/simeonbrandt/SpektoWatch2/.derivedData-watch4/ModuleCache.noindex/CoreGraphics-CXX06VIBI4E9YWA0QQ80MOKRQ.pcm

SwiftExplicitDependencyGeneratePcm arm64_32 /Users/simeonbrandt/SpektoWatch2/.derivedData-watch4/ModuleCache.noindex/Security-D5Q7WXK99YU43PM2PIC6E6BDS.pcm

SwiftExplicitDependencyGeneratePcm arm64 /Users/simeonbrandt/SpektoWatch2/.derivedData-watch4/ModuleCache.noindex/Foundation-8EOX6CI363SCULHV98DWTP5YB.pcm

SwiftExplicitDependencyGeneratePcm arm64 /Users/simeonbrandt/SpektoWatch2/.derivedData-watch4/ModuleCache.noindex/CoreText-YBD2HGIVY98ADVGS01C39SX5.pcm

SwiftExplicitDependencyGeneratePcm arm64 /Users/simeonbrandt/SpektoWatch2/.derivedData-watch4/ModuleCache.noindex/CoreVideo-3GTUMP4IMUH7FIWF82VIK2S0Y.pcm

SwiftExplicitDependencyGeneratePcm arm64_32 /Users/simeonbrandt/SpektoWatch2/.derivedData-watch4/ModuleCache.noindex/CoreText-LMQ4DDIR76R0RRR64955P1KS.pcm

SwiftExplicitDependencyGeneratePcm arm64_32 /Users/simeonbrandt/SpektoWatch2/.derivedData-watch4/ModuleCache.noindex/Foundation-6XRBY6U4HMFKF4RS6IOGOPE8M.pcm

SwiftExplicitDependencyGeneratePcm arm64_32 /Users/simeonbrandt/SpektoWatch2/.derivedData-watch4/ModuleCache.noindex/ImageIO-772CMXMQRE1OVYJMH8V3D6ZNJ.pcm

SwiftExplicitDependencyGeneratePcm arm64 /Users/simeonbrandt/SpektoWatch2/.derivedData-watch4/ModuleCache.noindex/ImageIO-52FTUY54LD5B4JJPXNPQSB5ZR.pcm

SwiftExplicitDependencyGeneratePcm arm64_32 /Users/simeonbrandt/SpektoWatch2/.derivedData-watch4/ModuleCache.noindex/CoreAudioTypes-1HP97BUV7FZAOBU9YDL5GZRRE.pcm

SwiftExplicitDependencyGeneratePcm arm64_32 /Users/simeonbrandt/SpektoWatch2/.derivedData-watch4/ModuleCache.noindex/CoreVideo-8EAU4OLOFM8HC4BGCARY42HK8.pcm

SwiftExplicitDependencyGeneratePcm arm64 /Users/simeonbrandt/SpektoWatch2/.derivedData-watch4/ModuleCache.noindex/CoreAudio-4M9R4N6A48WZVHUGSZIF5I90Y.pcm

SwiftExplicitDependencyGeneratePcm arm64_32 /Users/simeonbrandt/SpektoWatch2/.derivedData-watch4/ModuleCache.noindex/CoreAudio-UODIKE6DJ7NUZJIXPGQC5126.pcm

SwiftExplicitDependencyGeneratePcm arm64_32 /Users/simeonbrandt/SpektoWatch2/.derivedData-watch4/ModuleCache.noindex/Accelerate-6WPBIX8K30SG84ZCSS9YST0WT.pcm

SwiftExplicitDependencyGeneratePcm arm64 /Users/simeonbrandt/SpektoWatch2/.derivedData-watch4/ModuleCache.noindex/CoreMedia-CHXDQHATL9URF4T3YXDJA8SQ7.pcm

SwiftExplicitDependencyGeneratePcm arm64 /Users/simeonbrandt/SpektoWatch2/.derivedData-watch4/ModuleCache.noindex/CoreTransferable-XEVEEKNKM30VDDU6LGQAHSRQ.pcm

SwiftExplicitDependencyGeneratePcm arm64 /Users/simeonbrandt/SpektoWatch2/.derivedData-watch4/ModuleCache.noindex/UIUtilities-5IHH727GJ3U7XNW7NRZJQL1N7.pcm

SwiftExplicitDependencyGeneratePcm arm64_32 /Users/simeonbrandt/SpektoWatch2/.derivedData-watch4/ModuleCache.noindex/WatchConnectivity-45ES3JIKF44RWP746IBZMC6FJ.pcm

SwiftExplicitDependencyGeneratePcm arm64 /Users/simeonbrandt/SpektoWatch2/.derivedData-watch4/ModuleCache.noindex/SceneKit-10BDKP8PK13MQTERSQLELE60U.pcm

SwiftExplicitDependencyGeneratePcm arm64_32 /Users/simeonbrandt/SpektoWatch2/.derivedData-watch4/ModuleCache.noindex/Accessibility-8B1NTR74YYPRXS92UVWTTYOHW.pcm

SwiftExplicitDependencyGeneratePcm arm64_32 /Users/simeonbrandt/SpektoWatch2/.derivedData-watch4/ModuleCache.noindex/CoreTransferable-7KUZ5UEP5Q67ZG91LR2M9M9YI.pcm

SwiftExplicitDependencyGeneratePcm arm64 /Users/simeonbrandt/SpektoWatch2/.derivedData-watch4/ModuleCache.noindex/WidgetKit-1QPYYGNT42OSGL20WJXD15ON.pcm

SwiftExplicitDependencyGeneratePcm arm64 /Users/simeonbrandt/SpektoWatch2/.derivedData-watch4/ModuleCache.noindex/AppIntents-5KBCJNYC00WQTDACQ5PU3XJU9.pcm

SwiftExplicitDependencyGeneratePcm arm64_32 /Users/simeonbrandt/SpektoWatch2/.derivedData-watch4/ModuleCache.noindex/OSLog-2UDYK2PS0M0JK71EKP5M19JM6.pcm

SwiftExplicitDependencyGeneratePcm arm64_32 /Users/simeonbrandt/SpektoWatch2/.derivedData-watch4/ModuleCache.noindex/UniformTypeIdentifiers-7ZIZT0LJCH2JEKE6LHAJSFYSW.pcm

SwiftExplicitDependencyGeneratePcm arm64 /Users/simeonbrandt/SpektoWatch2/.derivedData-watch4/ModuleCache.noindex/UniformTypeIdentifiers-151DYK2QY3TZRM1YADMV1B816.pcm

SwiftExplicitDependencyGeneratePcm arm64_32 /Users/simeonbrandt/SpektoWatch2/.derivedData-watch4/ModuleCache.noindex/QuartzCore-10LLE5UP4XXEV37PLCW708QZE.pcm

SwiftExplicitDependencyGeneratePcm arm64_32 /Users/simeonbrandt/SpektoWatch2/.derivedData-watch4/ModuleCache.noindex/Symbols-562H04LPWJY0UK5XFXX9QYHZ1.pcm

SwiftExplicitDependencyGeneratePcm arm64 /Users/simeonbrandt/SpektoWatch2/.derivedData-watch4/ModuleCache.noindex/Accessibility-7X2MC59W1D77RDJBYUUY25TK5.pcm

SwiftExplicitDependencyGeneratePcm arm64_32 /Users/simeonbrandt/SpektoWatch2/.derivedData-watch4/ModuleCache.noindex/CoreMedia-9QOWK9CH5JJFA7SDX6ALKLY3N.pcm

SwiftExplicitDependencyGeneratePcm arm64 /Users/simeonbrandt/SpektoWatch2/.derivedData-watch4/ModuleCache.noindex/DataDetection-8ZK2FBAAWH357DH56N1F1MA7U.pcm

SwiftExplicitDependencyGeneratePcm arm64_32 /Users/simeonbrandt/SpektoWatch2/.derivedData-watch4/ModuleCache.noindex/_LocationEssentials-6EFYT86US3CSXHKKHBDE0TGWW.pcm

SwiftExplicitDependencyGeneratePcm arm64_32 /Users/simeonbrandt/SpektoWatch2/.derivedData-watch4/ModuleCache.noindex/Network-E1NUN3DTQJZ9SJL3DPCWRDQNS.pcm

SwiftExplicitDependencyGeneratePcm arm64_32 /Users/simeonbrandt/SpektoWatch2/.derivedData-watch4/ModuleCache.noindex/CoreMIDI-5DWV058K1PIRQ2QYLSU930EBT.pcm

SwiftExplicitDependencyGeneratePcm arm64 /Users/simeonbrandt/SpektoWatch2/.derivedData-watch4/ModuleCache.noindex/Symbols-3WXRKGEMNHY2AMJBYN6J45PUC.pcm

SwiftExplicitDependencyGeneratePcm arm64 /Users/simeonbrandt/SpektoWatch2/.derivedData-watch4/ModuleCache.noindex/CoreMIDI-E9EZ6XPLDTO4A3I7GI5GDJ4UL.pcm

SwiftExplicitDependencyGeneratePcm arm64_32 /Users/simeonbrandt/SpektoWatch2/.derivedData-watch4/ModuleCache.noindex/CoreLocation-EDT7NHBID4K1ZA8231E4K4E6K.pcm

SwiftExplicitDependencyGeneratePcm arm64_32 /Users/simeonbrandt/SpektoWatch2/.derivedData-watch4/ModuleCache.noindex/AppIntents-BBRY68L506QFX16JAQ4V16WN.pcm

SwiftExplicitDependencyGeneratePcm arm64 /Users/simeonbrandt/SpektoWatch2/.derivedData-watch4/ModuleCache.noindex/UserNotifications-CH9YGQHYA06EGR7NZITZKFFRV.pcm

SwiftExplicitDependencyGeneratePcm arm64_32 /Users/simeonbrandt/SpektoWatch2/.derivedData-watch4/ModuleCache.noindex/AVFAudio-828FB39JM9TREE13F2BRQOG4M.pcm

SwiftExplicitDependencyGeneratePcm arm64 /Users/simeonbrandt/SpektoWatch2/.derivedData-watch4/ModuleCache.noindex/WatchConnectivity-3CTQEQCGWW5QI1ZHE4CGH1IR5.pcm

SwiftExplicitDependencyGeneratePcm arm64 /Users/simeonbrandt/SpektoWatch2/.derivedData-watch4/ModuleCache.noindex/AVFAudio-F5G1GTLQRR0QHDEKZNBR7O0ZH.pcm

SwiftExplicitDependencyGeneratePcm arm64 /Users/simeonbrandt/SpektoWatch2/.derivedData-watch4/ModuleCache.noindex/_LocationEssentials-B6KHHGRL8ZI39YTOGSTIZ6IU5.pcm

SwiftExplicitDependencyGeneratePcm arm64_32 /Users/simeonbrandt/SpektoWatch2/.derivedData-watch4/ModuleCache.noindex/DataDetection-52ZT1GORJRUJK9DZPSSRLMQZ0.pcm

SwiftExplicitDependencyGeneratePcm arm64 /Users/simeonbrandt/SpektoWatch2/.derivedData-watch4/ModuleCache.noindex/QuartzCore-1442RCW07B42OWJW8NS8ZAVF0.pcm

SwiftExplicitDependencyGeneratePcm arm64 /Users/simeonbrandt/SpektoWatch2/.derivedData-watch4/ModuleCache.noindex/Network-25EFDI7F3GL8THRSINMWSLMNB.pcm

SwiftExplicitDependencyGeneratePcm arm64 /Users/simeonbrandt/SpektoWatch2/.derivedData-watch4/ModuleCache.noindex/CoreLocation-4I2NSK1O71AX77UAWFNKK90K0.pcm

SwiftExplicitDependencyGeneratePcm arm64_32 /Users/simeonbrandt/SpektoWatch2/.derivedData-watch4/ModuleCache.noindex/UserNotifications-TFAGE7H70MP5OAVZDJQ1D5LF.pcm

SwiftExplicitDependencyGeneratePcm arm64 /Users/simeonbrandt/SpektoWatch2/.derivedData-watch4/ModuleCache.noindex/RelevanceKit-3BBX7UCDGBMKW6VF6JSJI7C2W.pcm

SwiftExplicitDependencyGeneratePcm arm64 /Users/simeonbrandt/SpektoWatch2/.derivedData-watch4/ModuleCache.noindex/Intents-7QTTFQQE7PF61J9KGGM8OO80F.pcm

SwiftExplicitDependencyGeneratePcm arm64_32 /Users/simeonbrandt/SpektoWatch2/.derivedData-watch4/ModuleCache.noindex/RelevanceKit-CLYB6X957Y0JUY425QQ1D2ND7.pcm

SwiftExplicitDependencyGeneratePcm arm64 /Users/simeonbrandt/SpektoWatch2/.derivedData-watch4/ModuleCache.noindex/CoreData-E33LNJ9N7CWYH2HO33EBY9PMO.pcm

SwiftExplicitDependencyGeneratePcm arm64 /Users/simeonbrandt/SpektoWatch2/.derivedData-watch4/ModuleCache.noindex/AVFoundation-9W8U0FZMWHNMRLG2U8DWG3T8Q.pcm

SwiftExplicitDependencyGeneratePcm arm64 /Users/simeonbrandt/SpektoWatch2/.derivedData-watch4/ModuleCache.noindex/SwiftUICore-AAUR98W80YK0J8X1H6TPWYZER.pcm

SwiftExplicitDependencyGeneratePcm arm64_32 /Users/simeonbrandt/SpektoWatch2/.derivedData-watch4/ModuleCache.noindex/Intents-F48A0KAIZUHSGXU3DQ5TQYMVL.pcm

SwiftExplicitDependencyGeneratePcm arm64_32 /Users/simeonbrandt/SpektoWatch2/.derivedData-watch4/ModuleCache.noindex/SwiftUICore-693W9QF51EA30HM0UO77KNRFS.pcm

SwiftExplicitDependencyGeneratePcm arm64_32 /Users/simeonbrandt/SpektoWatch2/.derivedData-watch4/ModuleCache.noindex/AVFoundation-X68C4XEXVL8LY6AF1ZX4OGIR.pcm

SwiftExplicitDependencyGeneratePcm arm64_32 /Users/simeonbrandt/SpektoWatch2/.derivedData-watch4/ModuleCache.noindex/SceneKit-APX81L3DMG49WF5GJYD2D051H.pcm

SwiftExplicitDependencyGeneratePcm arm64_32 /Users/simeonbrandt/SpektoWatch2/.derivedData-watch4/ModuleCache.noindex/WidgetKit-6MWLIXHMDMI5D8T5C6ENKRWUM.pcm

SwiftExplicitDependencyGeneratePcm arm64_32 /Users/simeonbrandt/SpektoWatch2/.derivedData-watch4/ModuleCache.noindex/UIUtilities-DYA4S5SEN2IM1R0OPJJCC0JT8.pcm

SwiftExplicitDependencyGeneratePcm arm64 /Users/simeonbrandt/SpektoWatch2/.derivedData-watch4/ModuleCache.noindex/UIKit-8YQZZC3XLRF5WJXJGWPZQ1I0I.pcm

SwiftExplicitDependencyGeneratePcm arm64 /Users/simeonbrandt/SpektoWatch2/.derivedData-watch4/ModuleCache.noindex/os-8JF84CHIYXGH3YGAAARMO0MYM.pcm

SwiftExplicitDependencyGeneratePcm arm64_32 /Users/simeonbrandt/SpektoWatch2/.derivedData-watch4/ModuleCache.noindex/UIKit-448TYZCGKM00QUCSNNWG8UO7Z.pcm

SwiftExplicitDependencyGeneratePcm arm64_32 /Users/simeonbrandt/SpektoWatch2/.derivedData-watch4/ModuleCache.noindex/CoreData-7P4H72LCCW2H3QUX0UUES03ST.pcm

SwiftExplicitDependencyGeneratePcm arm64 /Users/simeonbrandt/SpektoWatch2/.derivedData-watch4/ModuleCache.noindex/Accelerate-D5CP3TWGRWY0ER3HLBMQIAYDR.pcm

SwiftExplicitDependencyGeneratePcm arm64 /Users/simeonbrandt/SpektoWatch2/.derivedData-watch4/ModuleCache.noindex/OSLog-3SQUM46Y2HMJED5NYBYWHFNAQ.pcm

SwiftExplicitDependencyGeneratePcm arm64 /Users/simeonbrandt/SpektoWatch2/.derivedData-watch4/ModuleCache.noindex/MapKit-BH2FMDXYWBM1IU5D3DF8H8KBW.pcm

SwiftExplicitDependencyGeneratePcm arm64 /Users/simeonbrandt/SpektoWatch2/.derivedData-watch4/ModuleCache.noindex/HomeKit-CVJ2714W831HFRBHOI312AIWQ.pcm

SwiftExplicitDependencyGeneratePcm arm64_32 /Users/simeonbrandt/SpektoWatch2/.derivedData-watch4/ModuleCache.noindex/MapKit-3V7LJP132X0OTJ4CXLJJS0TZH.pcm

SwiftExplicitDependencyGeneratePcm arm64_32 /Users/simeonbrandt/SpektoWatch2/.derivedData-watch4/ModuleCache.noindex/HomeKit-3BE877CCTUTPRYGIYR4RWMCYK.pcm

SwiftExplicitDependencyGeneratePcm arm64_32 /Users/simeonbrandt/SpektoWatch2/.derivedData-watch4/ModuleCache.noindex/WatchKit-DE8QHLJN89722SPUK6YL3KSRU.pcm

SwiftExplicitDependencyGeneratePcm arm64 /Users/simeonbrandt/SpektoWatch2/.derivedData-watch4/ModuleCache.noindex/WatchKit-DWPNYMJM58B202KMOHORP0TUC.pcm

SwiftExplicitDependencyGeneratePcm arm64 /Users/simeonbrandt/SpektoWatch2/.derivedData-watch4/ModuleCache.noindex/SwiftUI-BSUH1SMLFETR85NQ3OWNO4TLY.pcm

SwiftExplicitDependencyGeneratePcm arm64_32 /Users/simeonbrandt/SpektoWatch2/.derivedData-watch4/ModuleCache.noindex/SwiftUI-A5AH9LF7P98XY8NCWTU3A5HBM.pcm

SwiftEmitModule normal arm64 Emitting\ module\ for\ SpektoWatch_Watch_App (in target 'SpektoWatch Watch App' from project 'SpektoWatch2')

EmitSwiftModule normal arm64 (in target 'SpektoWatch Watch App' from project 'SpektoWatch2')
    cd /Users/simeonbrandt/SpektoWatch2
    

SwiftEmitModule normal arm64_32 Emitting\ module\ for\ SpektoWatch_Watch_App (in target 'SpektoWatch Watch App' from project 'SpektoWatch2')

EmitSwiftModule normal arm64_32 (in target 'SpektoWatch Watch App' from project 'SpektoWatch2')
    cd /Users/simeonbrandt/SpektoWatch2
    

SwiftCompile normal arm64 Compiling\ WatchSpectrogramWidget.swift,\ SpektoWatchApp.swift,\ WatchAudioEngine.swift,\ WatchContentView.swift,\ WatchCustomMeterView.swift,\ WatchDashboardLayoutSettingsView.swift,\ WatchDashboardView.swift,\ WatchLevelGraphTabView.swift /Users/simeonbrandt/SpektoWatch2/SpektoWatch\ Watch\ App/WatchWidgets/WatchSpectrogramWidget.swift /Users/simeonbrandt/SpektoWatch2/SpektoWatch\ Watch\ App/SpektoWatchApp.swift /Users/simeonbrandt/SpektoWatch2/SpektoWatch\ Watch\ App/WatchAudioEngine.swift /Users/simeonbrandt/SpektoWatch2/SpektoWatch\ Watch\ App/WatchContentView.swift /Users/simeonbrandt/SpektoWatch2/SpektoWatch\ Watch\ App/WatchCustomMeterView.swift /Users/simeonbrandt/SpektoWatch2/SpektoWatch\ Watch\ App/WatchDashboardLayoutSettingsView.swift /Users/simeonbrandt/SpektoWatch2/SpektoWatch\ Watch\ App/WatchDashboardView.swift /Users/simeonbrandt/SpektoWatch2/SpektoWatch\ Watch\ App/WatchLevelGraphTabView.swift (in target 'SpektoWatch Watch App' from project 'SpektoWatch2')

SwiftCompile normal arm64 /Users/simeonbrandt/SpektoWatch2/SpektoWatch\ Watch\ App/WatchWidgets/WatchSpectrogramWidget.swift (in target 'SpektoWatch Watch App' from project 'SpektoWatch2')
    cd /Users/simeonbrandt/SpektoWatch2
    

SwiftCompile normal arm64 /Users/simeonbrandt/SpektoWatch2/SpektoWatch\ Watch\ App/SpektoWatchApp.swift (in target 'SpektoWatch Watch App' from project 'SpektoWatch2')
    cd /Users/simeonbrandt/SpektoWatch2
    

SwiftCompile normal arm64 /Users/simeonbrandt/SpektoWatch2/SpektoWatch\ Watch\ App/WatchAudioEngine.swift (in target 'SpektoWatch Watch App' from project 'SpektoWatch2')
    cd /Users/simeonbrandt/SpektoWatch2
    

SwiftCompile normal arm64 /Users/simeonbrandt/SpektoWatch2/SpektoWatch\ Watch\ App/WatchContentView.swift (in target 'SpektoWatch Watch App' from project 'SpektoWatch2')
    cd /Users/simeonbrandt/SpektoWatch2
    

SwiftCompile normal arm64 /Users/simeonbrandt/SpektoWatch2/SpektoWatch\ Watch\ App/WatchCustomMeterView.swift (in target 'SpektoWatch Watch App' from project 'SpektoWatch2')
    cd /Users/simeonbrandt/SpektoWatch2
    

SwiftCompile normal arm64 /Users/simeonbrandt/SpektoWatch2/SpektoWatch\ Watch\ App/WatchDashboardLayoutSettingsView.swift (in target 'SpektoWatch Watch App' from project 'SpektoWatch2')
    cd /Users/simeonbrandt/SpektoWatch2
    

SwiftCompile normal arm64 /Users/simeonbrandt/SpektoWatch2/SpektoWatch\ Watch\ App/WatchDashboardView.swift (in target 'SpektoWatch Watch App' from project 'SpektoWatch2')
    cd /Users/simeonbrandt/SpektoWatch2
    

SwiftCompile normal arm64 /Users/simeonbrandt/SpektoWatch2/SpektoWatch\ Watch\ App/WatchLevelGraphTabView.swift (in target 'SpektoWatch Watch App' from project 'SpektoWatch2')
    cd /Users/simeonbrandt/SpektoWatch2
    

SwiftCompile normal arm64 Compiling\ WatchMeasurementSourcePreference.swift,\ WatchOperatingMode.swift,\ WatchRecordingMetadata.swift,\ WatchValueMapping.swift,\ WatchWidgetConfiguration.swift,\ WaterfallSpectrogramBins.swift,\ GeneratedAssetSymbols.swift /Users/simeonbrandt/SpektoWatch2/Shared/WatchMeasurementSourcePreference.swift /Users/simeonbrandt/SpektoWatch2/Shared/WatchOperatingMode.swift /Users/simeonbrandt/SpektoWatch2/Shared/WatchRecordingMetadata.swift /Users/simeonbrandt/SpektoWatch2/Shared/WatchValueMapping.swift /Users/simeonbrandt/SpektoWatch2/Shared/WatchWidgetConfiguration.swift /Users/simeonbrandt/SpektoWatch2/Shared/WaterfallSpectrogramBins.swift /Users/simeonbrandt/SpektoWatch2/.derivedData-watch4/Build/Intermediates.noindex/SpektoWatch2.build/Debug-watchos/SpektoWatch\ Watch\ App.build/DerivedSources/GeneratedAssetSymbols.swift (in target 'SpektoWatch Watch App' from project 'SpektoWatch2')

SwiftCompile normal arm64 /Users/simeonbrandt/SpektoWatch2/Shared/WatchMeasurementSourcePreference.swift (in target 'SpektoWatch Watch App' from project 'SpektoWatch2')
    cd /Users/simeonbrandt/SpektoWatch2
    

SwiftCompile normal arm64 /Users/simeonbrandt/SpektoWatch2/Shared/WatchOperatingMode.swift (in target 'SpektoWatch Watch App' from project 'SpektoWatch2')
    cd /Users/simeonbrandt/SpektoWatch2
    

SwiftCompile normal arm64 /Users/simeonbrandt/SpektoWatch2/Shared/WatchRecordingMetadata.swift (in target 'SpektoWatch Watch App' from project 'SpektoWatch2')
    cd /Users/simeonbrandt/SpektoWatch2
    

SwiftCompile normal arm64 /Users/simeonbrandt/SpektoWatch2/Shared/WatchValueMapping.swift (in target 'SpektoWatch Watch App' from project 'SpektoWatch2')
    cd /Users/simeonbrandt/SpektoWatch2
    

SwiftCompile normal arm64 /Users/simeonbrandt/SpektoWatch2/Shared/WatchWidgetConfiguration.swift (in target 'SpektoWatch Watch App' from project 'SpektoWatch2')
    cd /Users/simeonbrandt/SpektoWatch2
    

SwiftCompile normal arm64 /Users/simeonbrandt/SpektoWatch2/Shared/WaterfallSpectrogramBins.swift (in target 'SpektoWatch Watch App' from project 'SpektoWatch2')
    cd /Users/simeonbrandt/SpektoWatch2
    

SwiftCompile normal arm64 /Users/simeonbrandt/SpektoWatch2/.derivedData-watch4/Build/Intermediates.noindex/SpektoWatch2.build/Debug-watchos/SpektoWatch\ Watch\ App.build/DerivedSources/GeneratedAssetSymbols.swift (in target 'SpektoWatch Watch App' from project 'SpektoWatch2')
    cd /Users/simeonbrandt/SpektoWatch2
    

SwiftCompile normal arm64_32 Compiling\ WatchToneGenerator.swift,\ WatchTonegeneratorFace.swift,\ LoudnessCalculator.swift,\ LoudnessCalculatorView.swift,\ MeasurementActivityAttributes.swift,\ MeasurementDataFormat.swift,\ MeasurementDataReader.swift /Users/simeonbrandt/SpektoWatch2/SpektoWatch\ Watch\ App/WatchToneGenerator.swift /Users/simeonbrandt/SpektoWatch2/SpektoWatch\ Watch\ App/WatchTonegeneratorFace.swift /Users/simeonbrandt/SpektoWatch2/Shared/LoudnessCalculator.swift /Users/simeonbrandt/SpektoWatch2/Shared/LoudnessCalculatorView.swift /Users/simeonbrandt/SpektoWatch2/Shared/MeasurementActivityAttributes.swift /Users/simeonbrandt/SpektoWatch2/Shared/MeasurementDataFormat.swift /Users/simeonbrandt/SpektoWatch2/Shared/MeasurementDataReader.swift (in target 'SpektoWatch Watch App' from project 'SpektoWatch2')

SwiftCompile normal arm64_32 /Users/simeonbrandt/SpektoWatch2/SpektoWatch\ Watch\ App/WatchToneGenerator.swift (in target 'SpektoWatch Watch App' from project 'SpektoWatch2')
    cd /Users/simeonbrandt/SpektoWatch2
    

SwiftCompile normal arm64_32 /Users/simeonbrandt/SpektoWatch2/SpektoWatch\ Watch\ App/WatchTonegeneratorFace.swift (in target 'SpektoWatch Watch App' from project 'SpektoWatch2')
    cd /Users/simeonbrandt/SpektoWatch2
    

SwiftCompile normal arm64_32 /Users/simeonbrandt/SpektoWatch2/Shared/LoudnessCalculator.swift (in target 'SpektoWatch Watch App' from project 'SpektoWatch2')
    cd /Users/simeonbrandt/SpektoWatch2
    

SwiftCompile normal arm64_32 /Users/simeonbrandt/SpektoWatch2/Shared/LoudnessCalculatorView.swift (in target 'SpektoWatch Watch App' from project 'SpektoWatch2')
    cd /Users/simeonbrandt/SpektoWatch2
    

SwiftCompile normal arm64_32 /Users/simeonbrandt/SpektoWatch2/Shared/MeasurementActivityAttributes.swift (in target 'SpektoWatch Watch App' from project 'SpektoWatch2')
    cd /Users/simeonbrandt/SpektoWatch2
    

SwiftCompile normal arm64_32 /Users/simeonbrandt/SpektoWatch2/Shared/MeasurementDataFormat.swift (in target 'SpektoWatch Watch App' from project 'SpektoWatch2')
    cd /Users/simeonbrandt/SpektoWatch2
    

SwiftCompile normal arm64_32 /Users/simeonbrandt/SpektoWatch2/Shared/MeasurementDataReader.swift (in target 'SpektoWatch Watch App' from project 'SpektoWatch2')
    cd /Users/simeonbrandt/SpektoWatch2
    

SwiftDriverJobDiscovery normal arm64 Emitting module for SpektoWatch_Watch_App (in target 'SpektoWatch Watch App' from project 'SpektoWatch2')

SwiftDriver\ Compilation\ Requirements SpektoWatch\ Watch\ App normal arm64 com.apple.xcode.tools.swift.compiler (in target 'SpektoWatch Watch App' from project 'SpektoWatch2')
    cd /Users/simeonbrandt/SpektoWatch2
    builtin-Swift-Compilation-Requirements -- /Applications/Xcode.app/Contents/Developer/Toolchains/XcodeDefault.xctoolchain/usr/bin/swiftc -module-name SpektoWatch_Watch_App -O @/Users/simeonbrandt/SpektoWatch2/.derivedData-watch4/Build/Intermediates.noindex/SpektoWatch2.build/Debug-watchos/SpektoWatch\ Watch\ App.build/Objects-normal/arm64/SpektoWatch\ Watch\ App.SwiftFileList -DDEBUG -enable-bare-slash-regex -enable-upcoming-feature DisableOutwardActorInference -enable-upcoming-feature InferSendableFromCaptures -enable-upcoming-feature GlobalActorIsolatedTypesUsability -enable-upcoming-feature MemberImportVisibility -enable-upcoming-feature InferIsolatedConformances -enable-upcoming-feature NonisolatedNonsendingByDefault -enable-experimental-feature DebugDescriptionMacro -sdk /Applications/Xcode.app/Contents/Developer/Platforms/WatchOS.platform/Developer/SDKs/WatchOS26.5.sdk -target arm64-apple-watchos11.0 -g -module-cache-path /Users/simeonbrandt/SpektoWatch2/.derivedData-watch4/ModuleCache.noindex -Xfrontend -serialize-debugging-options -profile-coverage-mapping -profile-generate -enable-testing -swift-version 5 -I /Users/simeonbrandt/SpektoWatch2/.derivedData-watch4/Build/Products/Debug-watchos -F /Users/simeonbrandt/SpektoWatch2/.derivedData-watch4/Build/Products/Debug-watchos -emit-localized-strings -emit-localized-strings-path /Users/simeonbrandt/SpektoWatch2/.derivedData-watch4/Build/Intermediates.noindex/SpektoWatch2.build/Debug-watchos/SpektoWatch\ Watch\ App.build/Objects-normal/arm64 -c -j8 -enable-batch-mode -incremental -Xcc -ivfsstatcache -Xcc /Users/simeonbrandt/SpektoWatch2/.derivedData-watch4/SDKStatCaches.noindex/watchos26.5-23T570-688ef53f1462e2c8f657fdc38a81448f6c525d28bb7368d9e3b927c5b9753508.sdkstatcache -output-file-map /Users/simeonbrandt/SpektoWatch2/.derivedData-watch4/Build/Intermediates.noindex/SpektoWatch2.build/Debug-watchos/SpektoWatch\ Watch\ App.build/Objects-normal/arm64/SpektoWatch\ Watch\ App-OutputFileMap.json -use-frontend-parseable-output -save-temps -no-color-diagnostics -explicit-module-build -module-cache-path /Users/simeonbrandt/SpektoWatch2/.derivedData-watch4/Build/Intermediates.noindex/SwiftExplicitPrecompiledModules -clang-scanner-module-cache-path /Users/simeonbrandt/SpektoWatch2/.derivedData-watch4/ModuleCache.noindex -sdk-module-cache-path /Users/simeonbrandt/SpektoWatch2/.derivedData-watch4/ModuleCache.noindex -serialize-diagnostics -emit-dependencies -emit-module -emit-module-path /Users/simeonbrandt/SpektoWatch2/.derivedData-watch4/Build/Intermediates.noindex/SpektoWatch2.build/Debug-watchos/SpektoWatch\ Watch\ App.build/Objects-normal/arm64/SpektoWatch_Watch_App.swiftmodule -validate-clang-modules-once -clang-build-session-file /Users/simeonbrandt/SpektoWatch2/.derivedData-watch4/ModuleCache.noindex/Session.modulevalidation -Xcc -I/Users/simeonbrandt/SpektoWatch2/.derivedData-watch4/Build/Intermediates.noindex/SpektoWatch2.build/Debug-watchos/SpektoWatch\ Watch\ App.build/swift-overrides.hmap -emit-const-values -Xfrontend -const-gather-protocols-file -Xfrontend /Users/simeonbrandt/SpektoWatch2/.derivedData-watch4/Build/Intermediates.noindex/SpektoWatch2.build/Debug-watchos/SpektoWatch\ Watch\ App.build/Objects-normal/arm64/SpektoWatch\ Watch\ App_const_extract_protocols.json -Xcc -iquote -Xcc /Users/simeonbrandt/SpektoWatch2/.derivedData-watch4/Build/Intermediates.noindex/SpektoWatch2.build/Debug-watchos/SpektoWatch\ Watch\ App.build/SpektoWatch\ Watch\ App-generated-files.hmap -Xcc -I/Users/simeonbrandt/SpektoWatch2/.derivedData-watch4/Build/Intermediates.noindex/SpektoWatch2.build/Debug-watchos/SpektoWatch\ Watch\ App.build/SpektoWatch\ Watch\ App-own-target-headers.hmap -Xcc -I/Users/simeonbrandt/SpektoWatch2/.derivedData-watch4/Build/Intermediates.noindex/SpektoWatch2.build/Debug-watchos/SpektoWatch\ Watch\ App.build/SpektoWatch\ Watch\ App-all-target-headers.hmap -Xcc -iquote -Xcc /Users/simeonbrandt/SpektoWatch2/.derivedData-watch4/Build/Intermediates.noindex/SpektoWatch2.build/Debug-watchos/SpektoWatch\ Watch\ App.build/SpektoWatch\ Watch\ App-project-headers.hmap -Xcc -I/Users/simeonbrandt/SpektoWatch2/.derivedData-watch4/Build/Products/Debug-watchos/include -Xcc -I/Users/simeonbrandt/SpektoWatch2/.derivedData-watch4/Build/Intermediates.noindex/SpektoWatch2.build/Debug-watchos/SpektoWatch\ Watch\ App.build/DerivedSources-normal/arm64 -Xcc -I/Users/simeonbrandt/SpektoWatch2/.derivedData-watch4/Build/Intermediates.noindex/SpektoWatch2.build/Debug-watchos/SpektoWatch\ Watch\ App.build/DerivedSources/arm64 -Xcc -I/Users/simeonbrandt/SpektoWatch2/.derivedData-watch4/Build/Intermediates.noindex/SpektoWatch2.build/Debug-watchos/SpektoWatch\ Watch\ App.build/DerivedSources -Xcc -DDEBUG\=1 -emit-objc-header -emit-objc-header-path /Users/simeonbrandt/SpektoWatch2/.derivedData-watch4/Build/Intermediates.noindex/SpektoWatch2.build/Debug-watchos/SpektoWatch\ Watch\ App.build/Objects-normal/arm64/SpektoWatch_Watch_App-Swift.h -working-directory /Users/simeonbrandt/SpektoWatch2 -experimental-emit-module-separately -disable-cmo

SwiftDriverJobDiscovery normal arm64 Compiling WatchMeasurementSourcePreference.swift, WatchOperatingMode.swift, WatchRecordingMetadata.swift, WatchValueMapping.swift, WatchWidgetConfiguration.swift, WaterfallSpectrogramBins.swift, GeneratedAssetSymbols.swift (in target 'SpektoWatch Watch App' from project 'SpektoWatch2')

SwiftCompile normal arm64_32 Compiling\ MeasurementDataWriter.swift,\ MeasurementSpectralAvailability.swift,\ NotificationNames.swift,\ PersistenceKeys.swift,\ PersistenceMigrator.swift,\ RecordingDurationResolver.swift,\ RingBuffer.swift /Users/simeonbrandt/SpektoWatch2/Shared/MeasurementDataWriter.swift /Users/simeonbrandt/SpektoWatch2/Shared/MeasurementSpectralAvailability.swift /Users/simeonbrandt/SpektoWatch2/Shared/NotificationNames.swift /Users/simeonbrandt/SpektoWatch2/Shared/PersistenceKeys.swift /Users/simeonbrandt/SpektoWatch2/Shared/PersistenceMigrator.swift /Users/simeonbrandt/SpektoWatch2/Shared/RecordingDurationResolver.swift /Users/simeonbrandt/SpektoWatch2/Shared/RingBuffer.swift (in target 'SpektoWatch Watch App' from project 'SpektoWatch2')

SwiftCompile normal arm64_32 /Users/simeonbrandt/SpektoWatch2/Shared/MeasurementDataWriter.swift (in target 'SpektoWatch Watch App' from project 'SpektoWatch2')
    cd /Users/simeonbrandt/SpektoWatch2
    

SwiftCompile normal arm64_32 /Users/simeonbrandt/SpektoWatch2/Shared/MeasurementSpectralAvailability.swift (in target 'SpektoWatch Watch App' from project 'SpektoWatch2')
    cd /Users/simeonbrandt/SpektoWatch2
    

SwiftCompile normal arm64_32 /Users/simeonbrandt/SpektoWatch2/Shared/NotificationNames.swift (in target 'SpektoWatch Watch App' from project 'SpektoWatch2')
    cd /Users/simeonbrandt/SpektoWatch2
    

SwiftCompile normal arm64_32 /Users/simeonbrandt/SpektoWatch2/Shared/PersistenceKeys.swift (in target 'SpektoWatch Watch App' from project 'SpektoWatch2')
    cd /Users/simeonbrandt/SpektoWatch2
    

SwiftCompile normal arm64_32 /Users/simeonbrandt/SpektoWatch2/Shared/PersistenceMigrator.swift (in target 'SpektoWatch Watch App' from project 'SpektoWatch2')
    cd /Users/simeonbrandt/SpektoWatch2
    

SwiftCompile normal arm64_32 /Users/simeonbrandt/SpektoWatch2/Shared/RecordingDurationResolver.swift (in target 'SpektoWatch Watch App' from project 'SpektoWatch2')
    cd /Users/simeonbrandt/SpektoWatch2
    

SwiftCompile normal arm64_32 /Users/simeonbrandt/SpektoWatch2/Shared/RingBuffer.swift (in target 'SpektoWatch Watch App' from project 'SpektoWatch2')
    cd /Users/simeonbrandt/SpektoWatch2
    

Copy /Users/simeonbrandt/SpektoWatch2/.derivedData-watch4/Build/Products/Debug-watchos/SpektoWatch_Watch_App.swiftmodule/arm64-apple-watchos.swiftmodule /Users/simeonbrandt/SpektoWatch2/.derivedData-watch4/Build/Intermediates.noindex/SpektoWatch2.build/Debug-watchos/SpektoWatch\ Watch\ App.build/Objects-normal/arm64/SpektoWatch_Watch_App.swiftmodule (in target 'SpektoWatch Watch App' from project 'SpektoWatch2')
    cd /Users/simeonbrandt/SpektoWatch2
    builtin-copy -exclude .DS_Store -exclude CVS -exclude .svn -exclude .git -exclude .hg -resolve-src-symlinks -rename /Users/simeonbrandt/SpektoWatch2/.derivedData-watch4/Build/Intermediates.noindex/SpektoWatch2.build/Debug-watchos/SpektoWatch\ Watch\ App.build/Objects-normal/arm64/SpektoWatch_Watch_App.swiftmodule /Users/simeonbrandt/SpektoWatch2/.derivedData-watch4/Build/Products/Debug-watchos/SpektoWatch_Watch_App.swiftmodule/arm64-apple-watchos.swiftmodule

SwiftDriverJobDiscovery normal arm64_32 Emitting module for SpektoWatch_Watch_App (in target 'SpektoWatch Watch App' from project 'SpektoWatch2')

SwiftDriver\ Compilation\ Requirements SpektoWatch\ Watch\ App normal arm64_32 com.apple.xcode.tools.swift.compiler (in target 'SpektoWatch Watch App' from project 'SpektoWatch2')
    cd /Users/simeonbrandt/SpektoWatch2
    builtin-Swift-Compilation-Requirements -- /Applications/Xcode.app/Contents/Developer/Toolchains/XcodeDefault.xctoolchain/usr/bin/swiftc -module-name SpektoWatch_Watch_App -O @/Users/simeonbrandt/SpektoWatch2/.derivedData-watch4/Build/Intermediates.noindex/SpektoWatch2.build/Debug-watchos/SpektoWatch\ Watch\ App.build/Objects-normal/arm64_32/SpektoWatch\ Watch\ App.SwiftFileList -DDEBUG -enable-bare-slash-regex -enable-upcoming-feature DisableOutwardActorInference -enable-upcoming-feature InferSendableFromCaptures -enable-upcoming-feature GlobalActorIsolatedTypesUsability -enable-upcoming-feature MemberImportVisibility -enable-upcoming-feature InferIsolatedConformances -enable-upcoming-feature NonisolatedNonsendingByDefault -enable-experimental-feature DebugDescriptionMacro -sdk /Applications/Xcode.app/Contents/Developer/Platforms/WatchOS.platform/Developer/SDKs/WatchOS26.5.sdk -target arm64_32-apple-watchos11.0 -g -module-cache-path /Users/simeonbrandt/SpektoWatch2/.derivedData-watch4/ModuleCache.noindex -Xfrontend -serialize-debugging-options -profile-coverage-mapping -profile-generate -enable-testing -swift-version 5 -I /Users/simeonbrandt/SpektoWatch2/.derivedData-watch4/Build/Products/Debug-watchos -F /Users/simeonbrandt/SpektoWatch2/.derivedData-watch4/Build/Products/Debug-watchos -emit-localized-strings -emit-localized-strings-path /Users/simeonbrandt/SpektoWatch2/.derivedData-watch4/Build/Intermediates.noindex/SpektoWatch2.build/Debug-watchos/SpektoWatch\ Watch\ App.build/Objects-normal/arm64_32 -c -j8 -enable-batch-mode -incremental -Xcc -ivfsstatcache -Xcc /Users/simeonbrandt/SpektoWatch2/.derivedData-watch4/SDKStatCaches.noindex/watchos26.5-23T570-688ef53f1462e2c8f657fdc38a81448f6c525d28bb7368d9e3b927c5b9753508.sdkstatcache -output-file-map /Users/simeonbrandt/SpektoWatch2/.derivedData-watch4/Build/Intermediates.noindex/SpektoWatch2.build/Debug-watchos/SpektoWatch\ Watch\ App.build/Objects-normal/arm64_32/SpektoWatch\ Watch\ App-OutputFileMap.json -use-frontend-parseable-output -save-temps -no-color-diagnostics -explicit-module-build -module-cache-path /Users/simeonbrandt/SpektoWatch2/.derivedData-watch4/Build/Intermediates.noindex/SwiftExplicitPrecompiledModules -clang-scanner-module-cache-path /Users/simeonbrandt/SpektoWatch2/.derivedData-watch4/ModuleCache.noindex -sdk-module-cache-path /Users/simeonbrandt/SpektoWatch2/.derivedData-watch4/ModuleCache.noindex -serialize-diagnostics -emit-dependencies -emit-module -emit-module-path /Users/simeonbrandt/SpektoWatch2/.derivedData-watch4/Build/Intermediates.noindex/SpektoWatch2.build/Debug-watchos/SpektoWatch\ Watch\ App.build/Objects-normal/arm64_32/SpektoWatch_Watch_App.swiftmodule -validate-clang-modules-once -clang-build-session-file /Users/simeonbrandt/SpektoWatch2/.derivedData-watch4/ModuleCache.noindex/Session.modulevalidation -Xcc -I/Users/simeonbrandt/SpektoWatch2/.derivedData-watch4/Build/Intermediates.noindex/SpektoWatch2.build/Debug-watchos/SpektoWatch\ Watch\ App.build/swift-overrides.hmap -emit-const-values -Xfrontend -const-gather-protocols-file -Xfrontend /Users/simeonbrandt/SpektoWatch2/.derivedData-watch4/Build/Intermediates.noindex/SpektoWatch2.build/Debug-watchos/SpektoWatch\ Watch\ App.build/Objects-normal/arm64_32/SpektoWatch\ Watch\ App_const_extract_protocols.json -Xcc -iquote -Xcc /Users/simeonbrandt/SpektoWatch2/.derivedData-watch4/Build/Intermediates.noindex/SpektoWatch2.build/Debug-watchos/SpektoWatch\ Watch\ App.build/SpektoWatch\ Watch\ App-generated-files.hmap -Xcc -I/Users/simeonbrandt/SpektoWatch2/.derivedData-watch4/Build/Intermediates.noindex/SpektoWatch2.build/Debug-watchos/SpektoWatch\ Watch\ App.build/SpektoWatch\ Watch\ App-own-target-headers.hmap -Xcc -I/Users/simeonbrandt/SpektoWatch2/.derivedData-watch4/Build/Intermediates.noindex/SpektoWatch2.build/Debug-watchos/SpektoWatch\ Watch\ App.build/SpektoWatch\ Watch\ App-all-target-headers.hmap -Xcc -iquote -Xcc /Users/simeonbrandt/SpektoWatch2/.derivedData-watch4/Build/Intermediates.noindex/SpektoWatch2.build/Debug-watchos/SpektoWatch\ Watch\ App.build/SpektoWatch\ Watch\ App-project-headers.hmap -Xcc -I/Users/simeonbrandt/SpektoWatch2/.derivedData-watch4/Build/Products/Debug-watchos/include -Xcc -I/Users/simeonbrandt/SpektoWatch2/.derivedData-watch4/Build/Intermediates.noindex/SpektoWatch2.build/Debug-watchos/SpektoWatch\ Watch\ App.build/DerivedSources-normal/arm64_32 -Xcc -I/Users/simeonbrandt/SpektoWatch2/.derivedData-watch4/Build/Intermediates.noindex/SpektoWatch2.build/Debug-watchos/SpektoWatch\ Watch\ App.build/DerivedSources/arm64_32 -Xcc -I/Users/simeonbrandt/SpektoWatch2/.derivedData-watch4/Build/Intermediates.noindex/SpektoWatch2.build/Debug-watchos/SpektoWatch\ Watch\ App.build/DerivedSources -Xcc -DDEBUG\=1 -emit-objc-header -emit-objc-header-path /Users/simeonbrandt/SpektoWatch2/.derivedData-watch4/Build/Intermediates.noindex/SpektoWatch2.build/Debug-watchos/SpektoWatch\ Watch\ App.build/Objects-normal/arm64_32/SpektoWatch_Watch_App-Swift.h -working-directory /Users/simeonbrandt/SpektoWatch2 -experimental-emit-module-separately -disable-cmo

Copy /Users/simeonbrandt/SpektoWatch2/.derivedData-watch4/Build/Products/Debug-watchos/SpektoWatch_Watch_App.swiftmodule/arm64-apple-watchos.swiftdoc /Users/simeonbrandt/SpektoWatch2/.derivedData-watch4/Build/Intermediates.noindex/SpektoWatch2.build/Debug-watchos/SpektoWatch\ Watch\ App.build/Objects-normal/arm64/SpektoWatch_Watch_App.swiftdoc (in target 'SpektoWatch Watch App' from project 'SpektoWatch2')
    cd /Users/simeonbrandt/SpektoWatch2
    builtin-copy -exclude .DS_Store -exclude CVS -exclude .svn -exclude .git -exclude .hg -resolve-src-symlinks -rename /Users/simeonbrandt/SpektoWatch2/.derivedData-watch4/Build/Intermediates.noindex/SpektoWatch2.build/Debug-watchos/SpektoWatch\ Watch\ App.build/Objects-normal/arm64/SpektoWatch_Watch_App.swiftdoc /Users/simeonbrandt/SpektoWatch2/.derivedData-watch4/Build/Products/Debug-watchos/SpektoWatch_Watch_App.swiftmodule/arm64-apple-watchos.swiftdoc

Copy /Users/simeonbrandt/SpektoWatch2/.derivedData-watch4/Build/Products/Debug-watchos/SpektoWatch_Watch_App.swiftmodule/arm64-apple-watchos.abi.json /Users/simeonbrandt/SpektoWatch2/.derivedData-watch4/Build/Intermediates.noindex/SpektoWatch2.build/Debug-watchos/SpektoWatch\ Watch\ App.build/Objects-normal/arm64/SpektoWatch_Watch_App.abi.json (in target 'SpektoWatch Watch App' from project 'SpektoWatch2')
    cd /Users/simeonbrandt/SpektoWatch2
    builtin-copy -exclude .DS_Store -exclude CVS -exclude .svn -exclude .git -exclude .hg -resolve-src-symlinks -rename /Users/simeonbrandt/SpektoWatch2/.derivedData-watch4/Build/Intermediates.noindex/SpektoWatch2.build/Debug-watchos/SpektoWatch\ Watch\ App.build/Objects-normal/arm64/SpektoWatch_Watch_App.abi.json /Users/simeonbrandt/SpektoWatch2/.derivedData-watch4/Build/Products/Debug-watchos/SpektoWatch_Watch_App.swiftmodule/arm64-apple-watchos.abi.json

Copy /Users/simeonbrandt/SpektoWatch2/.derivedData-watch4/Build/Products/Debug-watchos/SpektoWatch_Watch_App.swiftmodule/Project/arm64-apple-watchos.swiftsourceinfo /Users/simeonbrandt/SpektoWatch2/.derivedData-watch4/Build/Intermediates.noindex/SpektoWatch2.build/Debug-watchos/SpektoWatch\ Watch\ App.build/Objects-normal/arm64/SpektoWatch_Watch_App.swiftsourceinfo (in target 'SpektoWatch Watch App' from project 'SpektoWatch2')
    cd /Users/simeonbrandt/SpektoWatch2
    builtin-copy -exclude .DS_Store -exclude CVS -exclude .svn -exclude .git -exclude .hg -resolve-src-symlinks -rename /Users/simeonbrandt/SpektoWatch2/.derivedData-watch4/Build/Intermediates.noindex/SpektoWatch2.build/Debug-watchos/SpektoWatch\ Watch\ App.build/Objects-normal/arm64/SpektoWatch_Watch_App.swiftsourceinfo /Users/simeonbrandt/SpektoWatch2/.derivedData-watch4/Build/Products/Debug-watchos/SpektoWatch_Watch_App.swiftmodule/Project/arm64-apple-watchos.swiftsourceinfo

SwiftCompile normal arm64_32 Compiling\ WatchMeasurementSourcePreference.swift,\ WatchOperatingMode.swift,\ WatchRecordingMetadata.swift,\ WatchValueMapping.swift,\ WatchWidgetConfiguration.swift,\ WaterfallSpectrogramBins.swift,\ GeneratedAssetSymbols.swift /Users/simeonbrandt/SpektoWatch2/Shared/WatchMeasurementSourcePreference.swift /Users/simeonbrandt/SpektoWatch2/Shared/WatchOperatingMode.swift /Users/simeonbrandt/SpektoWatch2/Shared/WatchRecordingMetadata.swift /Users/simeonbrandt/SpektoWatch2/Shared/WatchValueMapping.swift /Users/simeonbrandt/SpektoWatch2/Shared/WatchWidgetConfiguration.swift /Users/simeonbrandt/SpektoWatch2/Shared/WaterfallSpectrogramBins.swift /Users/simeonbrandt/SpektoWatch2/.derivedData-watch4/Build/Intermediates.noindex/SpektoWatch2.build/Debug-watchos/SpektoWatch\ Watch\ App.build/DerivedSources/GeneratedAssetSymbols.swift (in target 'SpektoWatch Watch App' from project 'SpektoWatch2')

SwiftCompile normal arm64_32 /Users/simeonbrandt/SpektoWatch2/Shared/WatchMeasurementSourcePreference.swift (in target 'SpektoWatch Watch App' from project 'SpektoWatch2')
    cd /Users/simeonbrandt/SpektoWatch2
    

SwiftCompile normal arm64_32 /Users/simeonbrandt/SpektoWatch2/Shared/WatchOperatingMode.swift (in target 'SpektoWatch Watch App' from project 'SpektoWatch2')
    cd /Users/simeonbrandt/SpektoWatch2
    

SwiftCompile normal arm64_32 /Users/simeonbrandt/SpektoWatch2/Shared/WatchRecordingMetadata.swift (in target 'SpektoWatch Watch App' from project 'SpektoWatch2')
    cd /Users/simeonbrandt/SpektoWatch2
    

SwiftCompile normal arm64_32 /Users/simeonbrandt/SpektoWatch2/Shared/WatchValueMapping.swift (in target 'SpektoWatch Watch App' from project 'SpektoWatch2')
    cd /Users/simeonbrandt/SpektoWatch2
    

SwiftCompile normal arm64_32 /Users/simeonbrandt/SpektoWatch2/Shared/WatchWidgetConfiguration.swift (in target 'SpektoWatch Watch App' from project 'SpektoWatch2')
    cd /Users/simeonbrandt/SpektoWatch2
    

SwiftCompile normal arm64_32 /Users/simeonbrandt/SpektoWatch2/Shared/WaterfallSpectrogramBins.swift (in target 'SpektoWatch Watch App' from project 'SpektoWatch2')
    cd /Users/simeonbrandt/SpektoWatch2
    

SwiftCompile normal arm64_32 /Users/simeonbrandt/SpektoWatch2/.derivedData-watch4/Build/Intermediates.noindex/SpektoWatch2.build/Debug-watchos/SpektoWatch\ Watch\ App.build/DerivedSources/GeneratedAssetSymbols.swift (in target 'SpektoWatch Watch App' from project 'SpektoWatch2')
    cd /Users/simeonbrandt/SpektoWatch2
    

SwiftMergeGeneratedHeaders /Users/simeonbrandt/SpektoWatch2/.derivedData-watch4/Build/Intermediates.noindex/SpektoWatch2.build/Debug-watchos/SpektoWatch\ Watch\ App.build/DerivedSources/SpektoWatch_Watch_App-Swift.h /Users/simeonbrandt/SpektoWatch2/.derivedData-watch4/Build/Intermediates.noindex/SpektoWatch2.build/Debug-watchos/SpektoWatch\ Watch\ App.build/Objects-normal/arm64/SpektoWatch_Watch_App-Swift.h /Users/simeonbrandt/SpektoWatch2/.derivedData-watch4/Build/Intermediates.noindex/SpektoWatch2.build/Debug-watchos/SpektoWatch\ Watch\ App.build/Objects-normal/arm64_32/SpektoWatch_Watch_App-Swift.h (in target 'SpektoWatch Watch App' from project 'SpektoWatch2')
    cd /Users/simeonbrandt/SpektoWatch2
    builtin-swiftHeaderTool -arch arm64 /Users/simeonbrandt/SpektoWatch2/.derivedData-watch4/Build/Intermediates.noindex/SpektoWatch2.build/Debug-watchos/SpektoWatch\ Watch\ App.build/Objects-normal/arm64/SpektoWatch_Watch_App-Swift.h -arch arm64_32 /Users/simeonbrandt/SpektoWatch2/.derivedData-watch4/Build/Intermediates.noindex/SpektoWatch2.build/Debug-watchos/SpektoWatch\ Watch\ App.build/Objects-normal/arm64_32/SpektoWatch_Watch_App-Swift.h -o /Users/simeonbrandt/SpektoWatch2/.derivedData-watch4/Build/Intermediates.noindex/SpektoWatch2.build/Debug-watchos/SpektoWatch\ Watch\ App.build/DerivedSources/SpektoWatch_Watch_App-Swift.h

Copy /Users/simeonbrandt/SpektoWatch2/.derivedData-watch4/Build/Products/Debug-watchos/SpektoWatch_Watch_App.swiftmodule/arm64_32-apple-watchos.swiftmodule /Users/simeonbrandt/SpektoWatch2/.derivedData-watch4/Build/Intermediates.noindex/SpektoWatch2.build/Debug-watchos/SpektoWatch\ Watch\ App.build/Objects-normal/arm64_32/SpektoWatch_Watch_App.swiftmodule (in target 'SpektoWatch Watch App' from project 'SpektoWatch2')
    cd /Users/simeonbrandt/SpektoWatch2
    builtin-copy -exclude .DS_Store -exclude CVS -exclude .svn -exclude .git -exclude .hg -resolve-src-symlinks -rename /Users/simeonbrandt/SpektoWatch2/.derivedData-watch4/Build/Intermediates.noindex/SpektoWatch2.build/Debug-watchos/SpektoWatch\ Watch\ App.build/Objects-normal/arm64_32/SpektoWatch_Watch_App.swiftmodule /Users/simeonbrandt/SpektoWatch2/.derivedData-watch4/Build/Products/Debug-watchos/SpektoWatch_Watch_App.swiftmodule/arm64_32-apple-watchos.swiftmodule

Copy /Users/simeonbrandt/SpektoWatch2/.derivedData-watch4/Build/Products/Debug-watchos/SpektoWatch_Watch_App.swiftmodule/arm64_32-apple-watchos.swiftdoc /Users/simeonbrandt/SpektoWatch2/.derivedData-watch4/Build/Intermediates.noindex/SpektoWatch2.build/Debug-watchos/SpektoWatch\ Watch\ App.build/Objects-normal/arm64_32/SpektoWatch_Watch_App.swiftdoc (in target 'SpektoWatch Watch App' from project 'SpektoWatch2')
    cd /Users/simeonbrandt/SpektoWatch2
    builtin-copy -exclude .DS_Store -exclude CVS -exclude .svn -exclude .git -exclude .hg -resolve-src-symlinks -rename /Users/simeonbrandt/SpektoWatch2/.derivedData-watch4/Build/Intermediates.noindex/SpektoWatch2.build/Debug-watchos/SpektoWatch\ Watch\ App.build/Objects-normal/arm64_32/SpektoWatch_Watch_App.swiftdoc /Users/simeonbrandt/SpektoWatch2/.derivedData-watch4/Build/Products/Debug-watchos/SpektoWatch_Watch_App.swiftmodule/arm64_32-apple-watchos.swiftdoc

Copy /Users/simeonbrandt/SpektoWatch2/.derivedData-watch4/Build/Products/Debug-watchos/SpektoWatch_Watch_App.swiftmodule/arm64_32-apple-watchos.abi.json /Users/simeonbrandt/SpektoWatch2/.derivedData-watch4/Build/Intermediates.noindex/SpektoWatch2.build/Debug-watchos/SpektoWatch\ Watch\ App.build/Objects-normal/arm64_32/SpektoWatch_Watch_App.abi.json (in target 'SpektoWatch Watch App' from project 'SpektoWatch2')
    cd /Users/simeonbrandt/SpektoWatch2
    builtin-copy -exclude .DS_Store -exclude CVS -exclude .svn -exclude .git -exclude .hg -resolve-src-symlinks -rename /Users/simeonbrandt/SpektoWatch2/.derivedData-watch4/Build/Intermediates.noindex/SpektoWatch2.build/Debug-watchos/SpektoWatch\ Watch\ App.build/Objects-normal/arm64_32/SpektoWatch_Watch_App.abi.json /Users/simeonbrandt/SpektoWatch2/.derivedData-watch4/Build/Products/Debug-watchos/SpektoWatch_Watch_App.swiftmodule/arm64_32-apple-watchos.abi.json

Copy /Users/simeonbrandt/SpektoWatch2/.derivedData-watch4/Build/Products/Debug-watchos/SpektoWatch_Watch_App.swiftmodule/Project/arm64_32-apple-watchos.swiftsourceinfo /Users/simeonbrandt/SpektoWatch2/.derivedData-watch4/Build/Intermediates.noindex/SpektoWatch2.build/Debug-watchos/SpektoWatch\ Watch\ App.build/Objects-normal/arm64_32/SpektoWatch_Watch_App.swiftsourceinfo (in target 'SpektoWatch Watch App' from project 'SpektoWatch2')
    cd /Users/simeonbrandt/SpektoWatch2
    builtin-copy -exclude .DS_Store -exclude CVS -exclude .svn -exclude .git -exclude .hg -resolve-src-symlinks -rename /Users/simeonbrandt/SpektoWatch2/.derivedData-watch4/Build/Intermediates.noindex/SpektoWatch2.build/Debug-watchos/SpektoWatch\ Watch\ App.build/Objects-normal/arm64_32/SpektoWatch_Watch_App.swiftsourceinfo /Users/simeonbrandt/SpektoWatch2/.derivedData-watch4/Build/Products/Debug-watchos/SpektoWatch_Watch_App.swiftmodule/Project/arm64_32-apple-watchos.swiftsourceinfo

LinkAssetCatalog /Users/simeonbrandt/SpektoWatch2/SpektoWatch\ Watch\ App/Assets.xcassets (in target 'SpektoWatch Watch App' from project 'SpektoWatch2')
    cd /Users/simeonbrandt/SpektoWatch2
    builtin-linkAssetCatalog --thinned /Users/simeonbrandt/SpektoWatch2/.derivedData-watch4/Build/Intermediates.noindex/SpektoWatch2.build/Debug-watchos/SpektoWatch\ Watch\ App.build/assetcatalog_output/thinned --thinned-dependencies /Users/simeonbrandt/SpektoWatch2/.derivedData-watch4/Build/Intermediates.noindex/SpektoWatch2.build/Debug-watchos/SpektoWatch\ Watch\ App.build/assetcatalog_dependencies_thinned --thinned-info-plist-content /Users/simeonbrandt/SpektoWatch2/.derivedData-watch4/Build/Intermediates.noindex/SpektoWatch2.build/Debug-watchos/SpektoWatch\ Watch\ App.build/assetcatalog_generated_info.plist_thinned --unthinned /Users/simeonbrandt/SpektoWatch2/.derivedData-watch4/Build/Intermediates.noindex/SpektoWatch2.build/Debug-watchos/SpektoWatch\ Watch\ App.build/assetcatalog_output/unthinned --unthinned-dependencies /Users/simeonbrandt/SpektoWatch2/.derivedData-watch4/Build/Intermediates.noindex/SpektoWatch2.build/Debug-watchos/SpektoWatch\ Watch\ App.build/assetcatalog_dependencies_unthinned --unthinned-info-plist-content /Users/simeonbrandt/SpektoWatch2/.derivedData-watch4/Build/Intermediates.noindex/SpektoWatch2.build/Debug-watchos/SpektoWatch\ Watch\ App.build/assetcatalog_generated_info.plist_unthinned --output /Users/simeonbrandt/SpektoWatch2/.derivedData-watch4/Build/Products/Debug-watchos/SpektoWatch\ Watch\ App.app --plist-output /Users/simeonbrandt/SpektoWatch2/.derivedData-watch4/Build/Intermediates.noindex/SpektoWatch2.build/Debug-watchos/SpektoWatch\ Watch\ App.build/assetcatalog_generated_info.plist
note: Emplaced /Users/simeonbrandt/SpektoWatch2/.derivedData-watch4/Build/Products/Debug-watchos/SpektoWatch Watch App.app/Assets.car (in target 'SpektoWatch Watch App' from project 'SpektoWatch2')

SwiftCompile normal arm64_32 Compiling\ SpectrogramData.swift,\ SpectrogramHistoryAxis.swift,\ SpectrogramResolution.swift,\ SpectrumBandAggregator.swift,\ WatchAppSettingsSync.swift,\ WatchAppState.swift,\ WatchConnectivityProtocol.swift /Users/simeonbrandt/SpektoWatch2/Shared/SpectrogramData.swift /Users/simeonbrandt/SpektoWatch2/Shared/SpectrogramHistoryAxis.swift /Users/simeonbrandt/SpektoWatch2/Shared/SpectrogramResolution.swift /Users/simeonbrandt/SpektoWatch2/Shared/SpectrumBandAggregator.swift /Users/simeonbrandt/SpektoWatch2/Shared/WatchAppSettingsSync.swift /Users/simeonbrandt/SpektoWatch2/Shared/WatchAppState.swift /Users/simeonbrandt/SpektoWatch2/Shared/WatchConnectivityProtocol.swift (in target 'SpektoWatch Watch App' from project 'SpektoWatch2')

SwiftCompile normal arm64_32 /Users/simeonbrandt/SpektoWatch2/Shared/SpectrogramData.swift (in target 'SpektoWatch Watch App' from project 'SpektoWatch2')
    cd /Users/simeonbrandt/SpektoWatch2
    

SwiftCompile normal arm64_32 /Users/simeonbrandt/SpektoWatch2/Shared/SpectrogramHistoryAxis.swift (in target 'SpektoWatch Watch App' from project 'SpektoWatch2')
    cd /Users/simeonbrandt/SpektoWatch2
    

SwiftCompile normal arm64_32 /Users/simeonbrandt/SpektoWatch2/Shared/SpectrogramResolution.swift (in target 'SpektoWatch Watch App' from project 'SpektoWatch2')
    cd /Users/simeonbrandt/SpektoWatch2
    

SwiftCompile normal arm64_32 /Users/simeonbrandt/SpektoWatch2/Shared/SpectrumBandAggregator.swift (in target 'SpektoWatch Watch App' from project 'SpektoWatch2')
    cd /Users/simeonbrandt/SpektoWatch2
    

SwiftCompile normal arm64_32 /Users/simeonbrandt/SpektoWatch2/Shared/WatchAppSettingsSync.swift (in target 'SpektoWatch Watch App' from project 'SpektoWatch2')
    cd /Users/simeonbrandt/SpektoWatch2
    

SwiftCompile normal arm64_32 /Users/simeonbrandt/SpektoWatch2/Shared/WatchAppState.swift (in target 'SpektoWatch Watch App' from project 'SpektoWatch2')
    cd /Users/simeonbrandt/SpektoWatch2
    

SwiftCompile normal arm64_32 /Users/simeonbrandt/SpektoWatch2/Shared/WatchConnectivityProtocol.swift (in target 'SpektoWatch Watch App' from project 'SpektoWatch2')
    cd /Users/simeonbrandt/SpektoWatch2
    

SwiftCompile normal arm64 Compiling\ WatchToneGenerator.swift,\ WatchTonegeneratorFace.swift,\ LoudnessCalculator.swift,\ LoudnessCalculatorView.swift,\ MeasurementActivityAttributes.swift,\ MeasurementDataFormat.swift,\ MeasurementDataReader.swift /Users/simeonbrandt/SpektoWatch2/SpektoWatch\ Watch\ App/WatchToneGenerator.swift /Users/simeonbrandt/SpektoWatch2/SpektoWatch\ Watch\ App/WatchTonegeneratorFace.swift /Users/simeonbrandt/SpektoWatch2/Shared/LoudnessCalculator.swift /Users/simeonbrandt/SpektoWatch2/Shared/LoudnessCalculatorView.swift /Users/simeonbrandt/SpektoWatch2/Shared/MeasurementActivityAttributes.swift /Users/simeonbrandt/SpektoWatch2/Shared/MeasurementDataFormat.swift /Users/simeonbrandt/SpektoWatch2/Shared/MeasurementDataReader.swift (in target 'SpektoWatch Watch App' from project 'SpektoWatch2')
SwiftCompile normal arm64 /Users/simeonbrandt/SpektoWatch2/SpektoWatch\ Watch\ App/WatchToneGenerator.swift (in target 'SpektoWatch Watch App' from project 'SpektoWatch2')
    cd /Users/simeonbrandt/SpektoWatch2
    

SwiftCompile normal arm64 /Users/simeonbrandt/SpektoWatch2/SpektoWatch\ Watch\ App/WatchTonegeneratorFace.swift (in target 'SpektoWatch Watch App' from project 'SpektoWatch2')
    cd /Users/simeonbrandt/SpektoWatch2
    

SwiftCompile normal arm64 /Users/simeonbrandt/SpektoWatch2/Shared/LoudnessCalculator.swift (in target 'SpektoWatch Watch App' from project 'SpektoWatch2')
    cd /Users/simeonbrandt/SpektoWatch2
    

SwiftCompile normal arm64 /Users/simeonbrandt/SpektoWatch2/Shared/LoudnessCalculatorView.swift (in target 'SpektoWatch Watch App' from project 'SpektoWatch2')
    cd /Users/simeonbrandt/SpektoWatch2
    

SwiftCompile normal arm64 /Users/simeonbrandt/SpektoWatch2/Shared/MeasurementActivityAttributes.swift (in target 'SpektoWatch Watch App' from project 'SpektoWatch2')
    cd /Users/simeonbrandt/SpektoWatch2
    

SwiftCompile normal arm64 /Users/simeonbrandt/SpektoWatch2/Shared/MeasurementDataFormat.swift (in target 'SpektoWatch Watch App' from project 'SpektoWatch2')
    cd /Users/simeonbrandt/SpektoWatch2
    

SwiftCompile normal arm64 /Users/simeonbrandt/SpektoWatch2/Shared/MeasurementDataReader.swift (in target 'SpektoWatch Watch App' from project 'SpektoWatch2')
    cd /Users/simeonbrandt/SpektoWatch2
    

SwiftDriverJobDiscovery normal arm64_32 Compiling MeasurementDataWriter.swift, MeasurementSpectralAvailability.swift, NotificationNames.swift, PersistenceKeys.swift, PersistenceMigrator.swift, RecordingDurationResolver.swift, RingBuffer.swift (in target 'SpektoWatch Watch App' from project 'SpektoWatch2')

SwiftCompile normal arm64_32 Compiling\ WatchSpectrogramWidget.swift,\ SpektoWatchApp.swift,\ WatchAudioEngine.swift,\ WatchContentView.swift,\ WatchCustomMeterView.swift,\ WatchDashboardLayoutSettingsView.swift,\ WatchDashboardView.swift,\ WatchLevelGraphTabView.swift /Users/simeonbrandt/SpektoWatch2/SpektoWatch\ Watch\ App/WatchWidgets/WatchSpectrogramWidget.swift /Users/simeonbrandt/SpektoWatch2/SpektoWatch\ Watch\ App/SpektoWatchApp.swift /Users/simeonbrandt/SpektoWatch2/SpektoWatch\ Watch\ App/WatchAudioEngine.swift /Users/simeonbrandt/SpektoWatch2/SpektoWatch\ Watch\ App/WatchContentView.swift /Users/simeonbrandt/SpektoWatch2/SpektoWatch\ Watch\ App/WatchCustomMeterView.swift /Users/simeonbrandt/SpektoWatch2/SpektoWatch\ Watch\ App/WatchDashboardLayoutSettingsView.swift /Users/simeonbrandt/SpektoWatch2/SpektoWatch\ Watch\ App/WatchDashboardView.swift /Users/simeonbrandt/SpektoWatch2/SpektoWatch\ Watch\ App/WatchLevelGraphTabView.swift (in target 'SpektoWatch Watch App' from project 'SpektoWatch2')
SwiftCompile normal arm64_32 /Users/simeonbrandt/SpektoWatch2/SpektoWatch\ Watch\ App/WatchWidgets/WatchSpectrogramWidget.swift (in target 'SpektoWatch Watch App' from project 'SpektoWatch2')
    cd /Users/simeonbrandt/SpektoWatch2
    

SwiftCompile normal arm64_32 /Users/simeonbrandt/SpektoWatch2/SpektoWatch\ Watch\ App/SpektoWatchApp.swift (in target 'SpektoWatch Watch App' from project 'SpektoWatch2')
    cd /Users/simeonbrandt/SpektoWatch2
    

SwiftCompile normal arm64_32 /Users/simeonbrandt/SpektoWatch2/SpektoWatch\ Watch\ App/WatchAudioEngine.swift (in target 'SpektoWatch Watch App' from project 'SpektoWatch2')
    cd /Users/simeonbrandt/SpektoWatch2
    

SwiftCompile normal arm64_32 /Users/simeonbrandt/SpektoWatch2/SpektoWatch\ Watch\ App/WatchContentView.swift (in target 'SpektoWatch Watch App' from project 'SpektoWatch2')
    cd /Users/simeonbrandt/SpektoWatch2
    

SwiftCompile normal arm64_32 /Users/simeonbrandt/SpektoWatch2/SpektoWatch\ Watch\ App/WatchCustomMeterView.swift (in target 'SpektoWatch Watch App' from project 'SpektoWatch2')
    cd /Users/simeonbrandt/SpektoWatch2
    

SwiftCompile normal arm64_32 /Users/simeonbrandt/SpektoWatch2/SpektoWatch\ Watch\ App/WatchDashboardLayoutSettingsView.swift (in target 'SpektoWatch Watch App' from project 'SpektoWatch2')
    cd /Users/simeonbrandt/SpektoWatch2
    

SwiftCompile normal arm64_32 /Users/simeonbrandt/SpektoWatch2/SpektoWatch\ Watch\ App/WatchDashboardView.swift (in target 'SpektoWatch Watch App' from project 'SpektoWatch2')
    cd /Users/simeonbrandt/SpektoWatch2
    

SwiftCompile normal arm64_32 /Users/simeonbrandt/SpektoWatch2/SpektoWatch\ Watch\ App/WatchLevelGraphTabView.swift (in target 'SpektoWatch Watch App' from project 'SpektoWatch2')
    cd /Users/simeonbrandt/SpektoWatch2
    

SwiftDriverJobDiscovery normal arm64 Compiling SpektoWatch2WidgetBundle.swift (in target 'SpektoWatch2WidgetExtension' from project 'SpektoWatch2')

SwiftCompile normal arm64 Compiling\ WatchLevelMeterView.swift,\ WatchLiveCaptureFooter.swift,\ WatchMeasurementSourceIndicator.swift,\ WatchMeasurementSourceSettingsView.swift,\ WatchMeterLayoutSettingsView.swift,\ WatchModularFace.swift,\ WatchMoreFacesView.swift,\ WatchPegelmesserFace.swift /Users/simeonbrandt/SpektoWatch2/SpektoWatch\ Watch\ App/WatchLevelMeterView.swift /Users/simeonbrandt/SpektoWatch2/SpektoWatch\ Watch\ App/WatchLiveCaptureFooter.swift /Users/simeonbrandt/SpektoWatch2/SpektoWatch\ Watch\ App/WatchMeasurementSourceIndicator.swift /Users/simeonbrandt/SpektoWatch2/SpektoWatch\ Watch\ App/WatchMeasurementSourceSettingsView.swift /Users/simeonbrandt/SpektoWatch2/SpektoWatch\ Watch\ App/WatchMeterLayoutSettingsView.swift /Users/simeonbrandt/SpektoWatch2/SpektoWatch\ Watch\ App/WatchModularFace.swift /Users/simeonbrandt/SpektoWatch2/SpektoWatch\ Watch\ App/WatchMoreFacesView.swift /Users/simeonbrandt/SpektoWatch2/SpektoWatch\ Watch\ App/WatchPegelmesserFace.swift (in target 'SpektoWatch Watch App' from project 'SpektoWatch2')

SwiftCompile normal arm64 /Users/simeonbrandt/SpektoWatch2/SpektoWatch\ Watch\ App/WatchLevelMeterView.swift (in target 'SpektoWatch Watch App' from project 'SpektoWatch2')
    cd /Users/simeonbrandt/SpektoWatch2
    

SwiftCompile normal arm64 /Users/simeonbrandt/SpektoWatch2/SpektoWatch\ Watch\ App/WatchLiveCaptureFooter.swift (in target 'SpektoWatch Watch App' from project 'SpektoWatch2')
    cd /Users/simeonbrandt/SpektoWatch2
    

SwiftCompile normal arm64 /Users/simeonbrandt/SpektoWatch2/SpektoWatch\ Watch\ App/WatchMeasurementSourceIndicator.swift (in target 'SpektoWatch Watch App' from project 'SpektoWatch2')
    cd /Users/simeonbrandt/SpektoWatch2
    

SwiftCompile normal arm64 /Users/simeonbrandt/SpektoWatch2/SpektoWatch\ Watch\ App/WatchMeasurementSourceSettingsView.swift (in target 'SpektoWatch Watch App' from project 'SpektoWatch2')
    cd /Users/simeonbrandt/SpektoWatch2
    

SwiftCompile normal arm64 /Users/simeonbrandt/SpektoWatch2/SpektoWatch\ Watch\ App/WatchMeterLayoutSettingsView.swift (in target 'SpektoWatch Watch App' from project 'SpektoWatch2')
    cd /Users/simeonbrandt/SpektoWatch2
    

SwiftCompile normal arm64 /Users/simeonbrandt/SpektoWatch2/SpektoWatch\ Watch\ App/WatchModularFace.swift (in target 'SpektoWatch Watch App' from project 'SpektoWatch2')
    cd /Users/simeonbrandt/SpektoWatch2
    

SwiftCompile normal arm64 /Users/simeonbrandt/SpektoWatch2/SpektoWatch\ Watch\ App/WatchMoreFacesView.swift (in target 'SpektoWatch Watch App' from project 'SpektoWatch2')
    cd /Users/simeonbrandt/SpektoWatch2
    

SwiftCompile normal arm64 /Users/simeonbrandt/SpektoWatch2/SpektoWatch\ Watch\ App/WatchPegelmesserFace.swift (in target 'SpektoWatch Watch App' from project 'SpektoWatch2')
    cd /Users/simeonbrandt/SpektoWatch2
    

SwiftDriverJobDiscovery normal arm64 Compiling SpektoWatch2WidgetLiveActivity.swift (in target 'SpektoWatch2WidgetExtension' from project 'SpektoWatch2')

SwiftCompile normal arm64_32 Compiling\ WatchPegelmeterWidget.swift,\ WatchRecordButton.swift,\ WatchRecordingSession.swift,\ WatchRecordingStore.swift,\ WatchRecordingsView.swift,\ WatchSpectrogramTabView.swift,\ WatchSpectrogramView.swift /Users/simeonbrandt/SpektoWatch2/SpektoWatch\ Watch\ App/WatchPegelmeterWidget.swift /Users/simeonbrandt/SpektoWatch2/SpektoWatch\ Watch\ App/WatchRecordButton.swift /Users/simeonbrandt/SpektoWatch2/SpektoWatch\ Watch\ App/WatchRecordingSession.swift /Users/simeonbrandt/SpektoWatch2/SpektoWatch\ Watch\ App/WatchRecordingStore.swift /Users/simeonbrandt/SpektoWatch2/SpektoWatch\ Watch\ App/WatchRecordingsView.swift /Users/simeonbrandt/SpektoWatch2/SpektoWatch\ Watch\ App/WatchSpectrogramTabView.swift /Users/simeonbrandt/SpektoWatch2/SpektoWatch\ Watch\ App/WatchSpectrogramView.swift (in target 'SpektoWatch Watch App' from project 'SpektoWatch2')

SwiftCompile normal arm64_32 /Users/simeonbrandt/SpektoWatch2/SpektoWatch\ Watch\ App/WatchPegelmeterWidget.swift (in target 'SpektoWatch Watch App' from project 'SpektoWatch2')
    cd /Users/simeonbrandt/SpektoWatch2
    

SwiftCompile normal arm64_32 /Users/simeonbrandt/SpektoWatch2/SpektoWatch\ Watch\ App/WatchRecordButton.swift (in target 'SpektoWatch Watch App' from project 'SpektoWatch2')
    cd /Users/simeonbrandt/SpektoWatch2
    

SwiftCompile normal arm64_32 /Users/simeonbrandt/SpektoWatch2/SpektoWatch\ Watch\ App/WatchRecordingSession.swift (in target 'SpektoWatch Watch App' from project 'SpektoWatch2')
    cd /Users/simeonbrandt/SpektoWatch2
    

SwiftCompile normal arm64_32 /Users/simeonbrandt/SpektoWatch2/SpektoWatch\ Watch\ App/WatchRecordingStore.swift (in target 'SpektoWatch Watch App' from project 'SpektoWatch2')
    cd /Users/simeonbrandt/SpektoWatch2
    

SwiftCompile normal arm64_32 /Users/simeonbrandt/SpektoWatch2/SpektoWatch\ Watch\ App/WatchRecordingsView.swift (in target 'SpektoWatch Watch App' from project 'SpektoWatch2')
    cd /Users/simeonbrandt/SpektoWatch2
    

SwiftCompile normal arm64_32 /Users/simeonbrandt/SpektoWatch2/SpektoWatch\ Watch\ App/WatchSpectrogramTabView.swift (in target 'SpektoWatch Watch App' from project 'SpektoWatch2')
    cd /Users/simeonbrandt/SpektoWatch2
    

SwiftCompile normal arm64_32 /Users/simeonbrandt/SpektoWatch2/SpektoWatch\ Watch\ App/WatchSpectrogramView.swift (in target 'SpektoWatch Watch App' from project 'SpektoWatch2')
    cd /Users/simeonbrandt/SpektoWatch2
    

SwiftDriverJobDiscovery normal arm64_32 Compiling WatchMeasurementSourcePreference.swift, WatchOperatingMode.swift, WatchRecordingMetadata.swift, WatchValueMapping.swift, WatchWidgetConfiguration.swift, WaterfallSpectrogramBins.swift, GeneratedAssetSymbols.swift (in target 'SpektoWatch Watch App' from project 'SpektoWatch2')

SwiftCompile normal arm64 Compiling\ AcousticMetricsCalculator.swift,\ AppGroup.swift,\ FrequencyWeightingProcessor.swift,\ Logger+Extensions.swift,\ WatchConnectivityManager.swift,\ WatchLevelMeterWidget.swift,\ WatchLoudnessWidget.swift,\ WatchSingleValueWidget.swift /Users/simeonbrandt/SpektoWatch2/Shared/AcousticMetricsCalculator.swift /Users/simeonbrandt/SpektoWatch2/Shared/AppGroup.swift /Users/simeonbrandt/SpektoWatch2/Shared/FrequencyWeightingProcessor.swift /Users/simeonbrandt/SpektoWatch2/Shared/Logger+Extensions.swift /Users/simeonbrandt/SpektoWatch2/SpektoWatch2/WatchConnectivityManager.swift /Users/simeonbrandt/SpektoWatch2/SpektoWatch\ Watch\ App/WatchWidgets/WatchLevelMeterWidget.swift /Users/simeonbrandt/SpektoWatch2/SpektoWatch\ Watch\ App/WatchWidgets/WatchLoudnessWidget.swift /Users/simeonbrandt/SpektoWatch2/SpektoWatch\ Watch\ App/WatchWidgets/WatchSingleValueWidget.swift (in target 'SpektoWatch Watch App' from project 'SpektoWatch2')

SwiftCompile normal arm64 /Users/simeonbrandt/SpektoWatch2/Shared/AcousticMetricsCalculator.swift (in target 'SpektoWatch Watch App' from project 'SpektoWatch2')
    cd /Users/simeonbrandt/SpektoWatch2
    

SwiftCompile normal arm64 /Users/simeonbrandt/SpektoWatch2/Shared/AppGroup.swift (in target 'SpektoWatch Watch App' from project 'SpektoWatch2')
    cd /Users/simeonbrandt/SpektoWatch2
    

SwiftCompile normal arm64 /Users/simeonbrandt/SpektoWatch2/Shared/FrequencyWeightingProcessor.swift (in target 'SpektoWatch Watch App' from project 'SpektoWatch2')
    cd /Users/simeonbrandt/SpektoWatch2
    

SwiftCompile normal arm64 /Users/simeonbrandt/SpektoWatch2/Shared/Logger+Extensions.swift (in target 'SpektoWatch Watch App' from project 'SpektoWatch2')
    cd /Users/simeonbrandt/SpektoWatch2
    

SwiftCompile normal arm64 /Users/simeonbrandt/SpektoWatch2/SpektoWatch2/WatchConnectivityManager.swift (in target 'SpektoWatch Watch App' from project 'SpektoWatch2')
    cd /Users/simeonbrandt/SpektoWatch2
    

SwiftCompile normal arm64 /Users/simeonbrandt/SpektoWatch2/SpektoWatch\ Watch\ App/WatchWidgets/WatchLevelMeterWidget.swift (in target 'SpektoWatch Watch App' from project 'SpektoWatch2')
    cd /Users/simeonbrandt/SpektoWatch2
    

SwiftCompile normal arm64 /Users/simeonbrandt/SpektoWatch2/SpektoWatch\ Watch\ App/WatchWidgets/WatchLoudnessWidget.swift (in target 'SpektoWatch Watch App' from project 'SpektoWatch2')
    cd /Users/simeonbrandt/SpektoWatch2
    

SwiftCompile normal arm64 /Users/simeonbrandt/SpektoWatch2/SpektoWatch\ Watch\ App/WatchWidgets/WatchSingleValueWidget.swift (in target 'SpektoWatch Watch App' from project 'SpektoWatch2')
    cd /Users/simeonbrandt/SpektoWatch2
    

SwiftDriverJobDiscovery normal arm64 Compiling WatchSpectrogramWidget.swift, SpektoWatchApp.swift, WatchAudioEngine.swift, WatchContentView.swift, WatchCustomMeterView.swift, WatchDashboardLayoutSettingsView.swift, WatchDashboardView.swift, WatchLevelGraphTabView.swift (in target 'SpektoWatch Watch App' from project 'SpektoWatch2')

SwiftCompile normal arm64 Compiling\ MeasurementDataWriter.swift,\ MeasurementSpectralAvailability.swift,\ NotificationNames.swift,\ PersistenceKeys.swift,\ PersistenceMigrator.swift,\ RecordingDurationResolver.swift,\ RingBuffer.swift /Users/simeonbrandt/SpektoWatch2/Shared/MeasurementDataWriter.swift /Users/simeonbrandt/SpektoWatch2/Shared/MeasurementSpectralAvailability.swift /Users/simeonbrandt/SpektoWatch2/Shared/NotificationNames.swift /Users/simeonbrandt/SpektoWatch2/Shared/PersistenceKeys.swift /Users/simeonbrandt/SpektoWatch2/Shared/PersistenceMigrator.swift /Users/simeonbrandt/SpektoWatch2/Shared/RecordingDurationResolver.swift /Users/simeonbrandt/SpektoWatch2/Shared/RingBuffer.swift (in target 'SpektoWatch Watch App' from project 'SpektoWatch2')

SwiftCompile normal arm64 /Users/simeonbrandt/SpektoWatch2/Shared/MeasurementDataWriter.swift (in target 'SpektoWatch Watch App' from project 'SpektoWatch2')
    cd /Users/simeonbrandt/SpektoWatch2
    

SwiftCompile normal arm64 /Users/simeonbrandt/SpektoWatch2/Shared/MeasurementSpectralAvailability.swift (in target 'SpektoWatch Watch App' from project 'SpektoWatch2')
    cd /Users/simeonbrandt/SpektoWatch2
    

SwiftCompile normal arm64 /Users/simeonbrandt/SpektoWatch2/Shared/NotificationNames.swift (in target 'SpektoWatch Watch App' from project 'SpektoWatch2')
    cd /Users/simeonbrandt/SpektoWatch2
    

SwiftCompile normal arm64 /Users/simeonbrandt/SpektoWatch2/Shared/PersistenceKeys.swift (in target 'SpektoWatch Watch App' from project 'SpektoWatch2')
    cd /Users/simeonbrandt/SpektoWatch2
    

SwiftCompile normal arm64 /Users/simeonbrandt/SpektoWatch2/Shared/PersistenceMigrator.swift (in target 'SpektoWatch Watch App' from project 'SpektoWatch2')
    cd /Users/simeonbrandt/SpektoWatch2
    

SwiftCompile normal arm64 /Users/simeonbrandt/SpektoWatch2/Shared/RecordingDurationResolver.swift (in target 'SpektoWatch Watch App' from project 'SpektoWatch2')
    cd /Users/simeonbrandt/SpektoWatch2
    

SwiftCompile normal arm64 /Users/simeonbrandt/SpektoWatch2/Shared/RingBuffer.swift (in target 'SpektoWatch Watch App' from project 'SpektoWatch2')
    cd /Users/simeonbrandt/SpektoWatch2
    

SwiftDriverJobDiscovery normal arm64_32 Compiling SpectrogramData.swift, SpectrogramHistoryAxis.swift, SpectrogramResolution.swift, SpectrumBandAggregator.swift, WatchAppSettingsSync.swift, WatchAppState.swift, WatchConnectivityProtocol.swift (in target 'SpektoWatch Watch App' from project 'SpektoWatch2')

SwiftCompile normal arm64 Compiling\ SpectrogramData.swift,\ SpectrogramHistoryAxis.swift,\ SpectrogramResolution.swift,\ SpectrumBandAggregator.swift,\ WatchAppSettingsSync.swift,\ WatchAppState.swift,\ WatchConnectivityProtocol.swift /Users/simeonbrandt/SpektoWatch2/Shared/SpectrogramData.swift /Users/simeonbrandt/SpektoWatch2/Shared/SpectrogramHistoryAxis.swift /Users/simeonbrandt/SpektoWatch2/Shared/SpectrogramResolution.swift /Users/simeonbrandt/SpektoWatch2/Shared/SpectrumBandAggregator.swift /Users/simeonbrandt/SpektoWatch2/Shared/WatchAppSettingsSync.swift /Users/simeonbrandt/SpektoWatch2/Shared/WatchAppState.swift /Users/simeonbrandt/SpektoWatch2/Shared/WatchConnectivityProtocol.swift (in target 'SpektoWatch Watch App' from project 'SpektoWatch2')

SwiftCompile normal arm64 /Users/simeonbrandt/SpektoWatch2/Shared/SpectrogramData.swift (in target 'SpektoWatch Watch App' from project 'SpektoWatch2')
    cd /Users/simeonbrandt/SpektoWatch2
    

SwiftCompile normal arm64 /Users/simeonbrandt/SpektoWatch2/Shared/SpectrogramHistoryAxis.swift (in target 'SpektoWatch Watch App' from project 'SpektoWatch2')
    cd /Users/simeonbrandt/SpektoWatch2
    

SwiftCompile normal arm64 /Users/simeonbrandt/SpektoWatch2/Shared/SpectrogramResolution.swift (in target 'SpektoWatch Watch App' from project 'SpektoWatch2')
    cd /Users/simeonbrandt/SpektoWatch2
    

SwiftCompile normal arm64 /Users/simeonbrandt/SpektoWatch2/Shared/SpectrumBandAggregator.swift (in target 'SpektoWatch Watch App' from project 'SpektoWatch2')
    cd /Users/simeonbrandt/SpektoWatch2
    

SwiftCompile normal arm64 /Users/simeonbrandt/SpektoWatch2/Shared/WatchAppSettingsSync.swift (in target 'SpektoWatch Watch App' from project 'SpektoWatch2')
    cd /Users/simeonbrandt/SpektoWatch2
    

SwiftCompile normal arm64 /Users/simeonbrandt/SpektoWatch2/Shared/WatchAppState.swift (in target 'SpektoWatch Watch App' from project 'SpektoWatch2')
    cd /Users/simeonbrandt/SpektoWatch2
    

SwiftCompile normal arm64 /Users/simeonbrandt/SpektoWatch2/Shared/WatchConnectivityProtocol.swift (in target 'SpektoWatch Watch App' from project 'SpektoWatch2')
    cd /Users/simeonbrandt/SpektoWatch2
    

SwiftDriverJobDiscovery normal arm64_32 Compiling WatchToneGenerator.swift, WatchTonegeneratorFace.swift, LoudnessCalculator.swift, LoudnessCalculatorView.swift, MeasurementActivityAttributes.swift, MeasurementDataFormat.swift, MeasurementDataReader.swift (in target 'SpektoWatch Watch App' from project 'SpektoWatch2')

SwiftCompile normal arm64_32 Compiling\ AcousticMetricsCalculator.swift,\ AppGroup.swift,\ FrequencyWeightingProcessor.swift,\ Logger+Extensions.swift,\ WatchConnectivityManager.swift,\ WatchLevelMeterWidget.swift,\ WatchLoudnessWidget.swift,\ WatchSingleValueWidget.swift /Users/simeonbrandt/SpektoWatch2/Shared/AcousticMetricsCalculator.swift /Users/simeonbrandt/SpektoWatch2/Shared/AppGroup.swift /Users/simeonbrandt/SpektoWatch2/Shared/FrequencyWeightingProcessor.swift /Users/simeonbrandt/SpektoWatch2/Shared/Logger+Extensions.swift /Users/simeonbrandt/SpektoWatch2/SpektoWatch2/WatchConnectivityManager.swift /Users/simeonbrandt/SpektoWatch2/SpektoWatch\ Watch\ App/WatchWidgets/WatchLevelMeterWidget.swift /Users/simeonbrandt/SpektoWatch2/SpektoWatch\ Watch\ App/WatchWidgets/WatchLoudnessWidget.swift /Users/simeonbrandt/SpektoWatch2/SpektoWatch\ Watch\ App/WatchWidgets/WatchSingleValueWidget.swift (in target 'SpektoWatch Watch App' from project 'SpektoWatch2')
SwiftCompile normal arm64_32 /Users/simeonbrandt/SpektoWatch2/Shared/AcousticMetricsCalculator.swift (in target 'SpektoWatch Watch App' from project 'SpektoWatch2')
    cd /Users/simeonbrandt/SpektoWatch2
    

SwiftCompile normal arm64_32 /Users/simeonbrandt/SpektoWatch2/Shared/AppGroup.swift (in target 'SpektoWatch Watch App' from project 'SpektoWatch2')
    cd /Users/simeonbrandt/SpektoWatch2
    

SwiftCompile normal arm64_32 /Users/simeonbrandt/SpektoWatch2/Shared/FrequencyWeightingProcessor.swift (in target 'SpektoWatch Watch App' from project 'SpektoWatch2')
    cd /Users/simeonbrandt/SpektoWatch2
    

SwiftCompile normal arm64_32 /Users/simeonbrandt/SpektoWatch2/Shared/Logger+Extensions.swift (in target 'SpektoWatch Watch App' from project 'SpektoWatch2')
    cd /Users/simeonbrandt/SpektoWatch2
    

SwiftCompile normal arm64_32 /Users/simeonbrandt/SpektoWatch2/SpektoWatch2/WatchConnectivityManager.swift (in target 'SpektoWatch Watch App' from project 'SpektoWatch2')
    cd /Users/simeonbrandt/SpektoWatch2
    

SwiftCompile normal arm64_32 /Users/simeonbrandt/SpektoWatch2/SpektoWatch\ Watch\ App/WatchWidgets/WatchLevelMeterWidget.swift (in target 'SpektoWatch Watch App' from project 'SpektoWatch2')
    cd /Users/simeonbrandt/SpektoWatch2
    

SwiftCompile normal arm64_32 /Users/simeonbrandt/SpektoWatch2/SpektoWatch\ Watch\ App/WatchWidgets/WatchLoudnessWidget.swift (in target 'SpektoWatch Watch App' from project 'SpektoWatch2')
    cd /Users/simeonbrandt/SpektoWatch2
    

SwiftCompile normal arm64_32 /Users/simeonbrandt/SpektoWatch2/SpektoWatch\ Watch\ App/WatchWidgets/WatchSingleValueWidget.swift (in target 'SpektoWatch Watch App' from project 'SpektoWatch2')
    cd /Users/simeonbrandt/SpektoWatch2
    

SwiftDriverJobDiscovery normal arm64 Compiling GeneratedAssetSymbols.swift (in target 'SpektoWatch2WidgetExtension' from project 'SpektoWatch2')

SwiftDriver\ Compilation SpektoWatch2WidgetExtension normal arm64 com.apple.xcode.tools.swift.compiler (in target 'SpektoWatch2WidgetExtension' from project 'SpektoWatch2')
    cd /Users/simeonbrandt/SpektoWatch2
    builtin-Swift-Compilation -- /Applications/Xcode.app/Contents/Developer/Toolchains/XcodeDefault.xctoolchain/usr/bin/swiftc -module-name SpektoWatch2WidgetExtension -Onone @/Users/simeonbrandt/SpektoWatch2/.derivedData-watch4/Build/Intermediates.noindex/SpektoWatch2.build/Debug-iphoneos/SpektoWatch2WidgetExtension.build/Objects-normal/arm64/SpektoWatch2WidgetExtension.SwiftFileList -DDEBUG -enable-bare-slash-regex -enable-upcoming-feature DisableOutwardActorInference -enable-upcoming-feature InferSendableFromCaptures -enable-upcoming-feature GlobalActorIsolatedTypesUsability -enable-upcoming-feature MemberImportVisibility -enable-upcoming-feature InferIsolatedConformances -enable-upcoming-feature NonisolatedNonsendingByDefault -enable-experimental-feature DebugDescriptionMacro -sdk /Applications/Xcode.app/Contents/Developer/Platforms/iPhoneOS.platform/Developer/SDKs/iPhoneOS26.5.sdk -target arm64-apple-ios18.0 -g -module-cache-path /Users/simeonbrandt/SpektoWatch2/.derivedData-watch4/ModuleCache.noindex -Xfrontend -serialize-debugging-options -application-extension -profile-coverage-mapping -profile-generate -enable-testing -index-store-path /Users/simeonbrandt/SpektoWatch2/.derivedData-watch4/Index.noindex/DataStore -swift-version 5 -I /Users/simeonbrandt/SpektoWatch2/.derivedData-watch4/Build/Products/Debug-iphoneos -F /Users/simeonbrandt/SpektoWatch2/.derivedData-watch4/Build/Products/Debug-iphoneos -emit-localized-strings -emit-localized-strings-path /Users/simeonbrandt/SpektoWatch2/.derivedData-watch4/Build/Intermediates.noindex/SpektoWatch2.build/Debug-iphoneos/SpektoWatch2WidgetExtension.build/Objects-normal/arm64 -c -j8 -enable-batch-mode -incremental -Xcc -ivfsstatcache -Xcc /Users/simeonbrandt/SpektoWatch2/.derivedData-watch4/SDKStatCaches.noindex/iphoneos26.5-23F73-688ef53f1462e2c8f657fdc38a81448f32daed1954a7d5dd0789fcaf2a9bb78b.sdkstatcache -output-file-map /Users/simeonbrandt/SpektoWatch2/.derivedData-watch4/Build/Intermediates.noindex/SpektoWatch2.build/Debug-iphoneos/SpektoWatch2WidgetExtension.build/Objects-normal/arm64/SpektoWatch2WidgetExtension-OutputFileMap.json -use-frontend-parseable-output -save-temps -no-color-diagnostics -explicit-module-build -module-cache-path /Users/simeonbrandt/SpektoWatch2/.derivedData-watch4/Build/Intermediates.noindex/SwiftExplicitPrecompiledModules -clang-scanner-module-cache-path /Users/simeonbrandt/SpektoWatch2/.derivedData-watch4/ModuleCache.noindex -sdk-module-cache-path /Users/simeonbrandt/SpektoWatch2/.derivedData-watch4/ModuleCache.noindex -serialize-diagnostics -emit-dependencies -emit-module -emit-module-path /Users/simeonbrandt/SpektoWatch2/.derivedData-watch4/Build/Intermediates.noindex/SpektoWatch2.build/Debug-iphoneos/SpektoWatch2WidgetExtension.build/Objects-normal/arm64/SpektoWatch2WidgetExtension.swiftmodule -validate-clang-modules-once -clang-build-session-file /Users/simeonbrandt/SpektoWatch2/.derivedData-watch4/ModuleCache.noindex/Session.modulevalidation -Xcc -I/Users/simeonbrandt/SpektoWatch2/.derivedData-watch4/Build/Intermediates.noindex/SpektoWatch2.build/Debug-iphoneos/SpektoWatch2WidgetExtension.build/swift-overrides.hmap -emit-const-values -Xfrontend -const-gather-protocols-file -Xfrontend /Users/simeonbrandt/SpektoWatch2/.derivedData-watch4/Build/Intermediates.noindex/SpektoWatch2.build/Debug-iphoneos/SpektoWatch2WidgetExtension.build/Objects-normal/arm64/SpektoWatch2WidgetExtension_const_extract_protocols.json -Xcc -iquote -Xcc /Users/simeonbrandt/SpektoWatch2/.derivedData-watch4/Build/Intermediates.noindex/SpektoWatch2.build/Debug-iphoneos/SpektoWatch2WidgetExtension.build/SpektoWatch2WidgetExtension-generated-files.hmap -Xcc -I/Users/simeonbrandt/SpektoWatch2/.derivedData-watch4/Build/Intermediates.noindex/SpektoWatch2.build/Debug-iphoneos/SpektoWatch2WidgetExtension.build/SpektoWatch2WidgetExtension-own-target-headers.hmap -Xcc -I/Users/simeonbrandt/SpektoWatch2/.derivedData-watch4/Build/Intermediates.noindex/SpektoWatch2.build/Debug-iphoneos/SpektoWatch2WidgetExtension.build/SpektoWatch2WidgetExtension-all-target-headers.hmap -Xcc -iquote -Xcc /Users/simeonbrandt/SpektoWatch2/.derivedData-watch4/Build/Intermediates.noindex/SpektoWatch2.build/Debug-iphoneos/SpektoWatch2WidgetExtension.build/SpektoWatch2WidgetExtension-project-headers.hmap -Xcc -I/Users/simeonbrandt/SpektoWatch2/.derivedData-watch4/Build/Products/Debug-iphoneos/include -Xcc -I/Users/simeonbrandt/SpektoWatch2/.derivedData-watch4/Build/Intermediates.noindex/SpektoWatch2.build/Debug-iphoneos/SpektoWatch2WidgetExtension.build/DerivedSources-normal/arm64 -Xcc -I/Users/simeonbrandt/SpektoWatch2/.derivedData-watch4/Build/Intermediates.noindex/SpektoWatch2.build/Debug-iphoneos/SpektoWatch2WidgetExtension.build/DerivedSources/arm64 -Xcc -I/Users/simeonbrandt/SpektoWatch2/.derivedData-watch4/Build/Intermediates.noindex/SpektoWatch2.build/Debug-iphoneos/SpektoWatch2WidgetExtension.build/DerivedSources -Xcc -DDEBUG\=1 -emit-objc-header -emit-objc-header-path /Users/simeonbrandt/SpektoWatch2/.derivedData-watch4/Build/Intermediates.noindex/SpektoWatch2.build/Debug-iphoneos/SpektoWatch2WidgetExtension.build/Objects-normal/arm64/SpektoWatch2WidgetExtension-Swift.h -working-directory /Users/simeonbrandt/SpektoWatch2 -experimental-emit-module-separately -disable-cmo

SwiftDriverJobDiscovery normal arm64 Compiling MeasurementDataWriter.swift, MeasurementSpectralAvailability.swift, NotificationNames.swift, PersistenceKeys.swift, PersistenceMigrator.swift, RecordingDurationResolver.swift, RingBuffer.swift (in target 'SpektoWatch Watch App' from project 'SpektoWatch2')

SwiftCompile normal arm64_32 Compiling\ WatchLevelMeterView.swift,\ WatchLiveCaptureFooter.swift,\ WatchMeasurementSourceIndicator.swift,\ WatchMeasurementSourceSettingsView.swift,\ WatchMeterLayoutSettingsView.swift,\ WatchModularFace.swift,\ WatchMoreFacesView.swift,\ WatchPegelmesserFace.swift /Users/simeonbrandt/SpektoWatch2/SpektoWatch\ Watch\ App/WatchLevelMeterView.swift /Users/simeonbrandt/SpektoWatch2/SpektoWatch\ Watch\ App/WatchLiveCaptureFooter.swift /Users/simeonbrandt/SpektoWatch2/SpektoWatch\ Watch\ App/WatchMeasurementSourceIndicator.swift /Users/simeonbrandt/SpektoWatch2/SpektoWatch\ Watch\ App/WatchMeasurementSourceSettingsView.swift /Users/simeonbrandt/SpektoWatch2/SpektoWatch\ Watch\ App/WatchMeterLayoutSettingsView.swift /Users/simeonbrandt/SpektoWatch2/SpektoWatch\ Watch\ App/WatchModularFace.swift /Users/simeonbrandt/SpektoWatch2/SpektoWatch\ Watch\ App/WatchMoreFacesView.swift /Users/simeonbrandt/SpektoWatch2/SpektoWatch\ Watch\ App/WatchPegelmesserFace.swift (in target 'SpektoWatch Watch App' from project 'SpektoWatch2')

SwiftCompile normal arm64_32 /Users/simeonbrandt/SpektoWatch2/SpektoWatch\ Watch\ App/WatchLevelMeterView.swift (in target 'SpektoWatch Watch App' from project 'SpektoWatch2')
    cd /Users/simeonbrandt/SpektoWatch2
    

SwiftCompile normal arm64_32 /Users/simeonbrandt/SpektoWatch2/SpektoWatch\ Watch\ App/WatchLiveCaptureFooter.swift (in target 'SpektoWatch Watch App' from project 'SpektoWatch2')
    cd /Users/simeonbrandt/SpektoWatch2
    

SwiftCompile normal arm64_32 /Users/simeonbrandt/SpektoWatch2/SpektoWatch\ Watch\ App/WatchMeasurementSourceIndicator.swift (in target 'SpektoWatch Watch App' from project 'SpektoWatch2')
    cd /Users/simeonbrandt/SpektoWatch2
    

SwiftCompile normal arm64_32 /Users/simeonbrandt/SpektoWatch2/SpektoWatch\ Watch\ App/WatchMeasurementSourceSettingsView.swift (in target 'SpektoWatch Watch App' from project 'SpektoWatch2')
    cd /Users/simeonbrandt/SpektoWatch2
    

SwiftCompile normal arm64_32 /Users/simeonbrandt/SpektoWatch2/SpektoWatch\ Watch\ App/WatchMeterLayoutSettingsView.swift (in target 'SpektoWatch Watch App' from project 'SpektoWatch2')
    cd /Users/simeonbrandt/SpektoWatch2
    

SwiftCompile normal arm64_32 /Users/simeonbrandt/SpektoWatch2/SpektoWatch\ Watch\ App/WatchModularFace.swift (in target 'SpektoWatch Watch App' from project 'SpektoWatch2')
    cd /Users/simeonbrandt/SpektoWatch2
    

SwiftCompile normal arm64_32 /Users/simeonbrandt/SpektoWatch2/SpektoWatch\ Watch\ App/WatchMoreFacesView.swift (in target 'SpektoWatch Watch App' from project 'SpektoWatch2')
    cd /Users/simeonbrandt/SpektoWatch2
    

SwiftCompile normal arm64_32 /Users/simeonbrandt/SpektoWatch2/SpektoWatch\ Watch\ App/WatchPegelmesserFace.swift (in target 'SpektoWatch Watch App' from project 'SpektoWatch2')
    cd /Users/simeonbrandt/SpektoWatch2
    

Ld /Users/simeonbrandt/SpektoWatch2/.derivedData-watch4/Build/Products/Debug-iphoneos/SpektoWatch2WidgetExtension.appex/SpektoWatch2WidgetExtension.debug.dylib normal (in target 'SpektoWatch2WidgetExtension' from project 'SpektoWatch2')
    cd /Users/simeonbrandt/SpektoWatch2
    /Applications/Xcode.app/Contents/Developer/Toolchains/XcodeDefault.xctoolchain/usr/bin/clang -Xlinker -reproducible -target arm64-apple-ios18.0 -dynamiclib -isysroot /Applications/Xcode.app/Contents/Developer/Platforms/iPhoneOS.platform/Developer/SDKs/iPhoneOS26.5.sdk -O1 -L/Users/simeonbrandt/SpektoWatch2/.derivedData-watch4/Build/Intermediates.noindex/EagerLinkingTBDs/Debug-iphoneos -L/Users/simeonbrandt/SpektoWatch2/.derivedData-watch4/Build/Products/Debug-iphoneos -F/Users/simeonbrandt/SpektoWatch2/.derivedData-watch4/Build/Intermediates.noindex/EagerLinkingTBDs/Debug-iphoneos -F/Users/simeonbrandt/SpektoWatch2/.derivedData-watch4/Build/Products/Debug-iphoneos -filelist /Users/simeonbrandt/SpektoWatch2/.derivedData-watch4/Build/Intermediates.noindex/SpektoWatch2.build/Debug-iphoneos/SpektoWatch2WidgetExtension.build/Objects-normal/arm64/SpektoWatch2WidgetExtension.LinkFileList -install_name @rpath/SpektoWatch2WidgetExtension.debug.dylib -Xlinker -rpath -Xlinker /usr/lib/swift -Xlinker -rpath -Xlinker @executable_path/Frameworks -Xlinker -rpath -Xlinker @executable_path/../../Frameworks -Xlinker -dead_strip -Xlinker -object_path_lto -Xlinker /Users/simeonbrandt/SpektoWatch2/.derivedData-watch4/Build/Intermediates.noindex/SpektoWatch2.build/Debug-iphoneos/SpektoWatch2WidgetExtension.build/Objects-normal/arm64/SpektoWatch2WidgetExtension_lto.o -rdynamic -Xlinker -debug_variant -Xlinker -dependency_info -Xlinker /Users/simeonbrandt/SpektoWatch2/.derivedData-watch4/Build/Intermediates.noindex/SpektoWatch2.build/Debug-iphoneos/SpektoWatch2WidgetExtension.build/Objects-normal/arm64/SpektoWatch2WidgetExtension_dependency_info.dat -fapplication-extension -fobjc-link-runtime -fprofile-instr-generate -L/Applications/Xcode.app/Contents/Developer/Toolchains/XcodeDefault.xctoolchain/usr/lib/swift/iphoneos -L/usr/lib/swift -Xlinker -add_ast_path -Xlinker /Users/simeonbrandt/SpektoWatch2/.derivedData-watch4/Build/Intermediates.noindex/SpektoWatch2.build/Debug-iphoneos/SpektoWatch2WidgetExtension.build/Objects-normal/arm64/SpektoWatch2WidgetExtension.swiftmodule @/Users/simeonbrandt/SpektoWatch2/.derivedData-watch4/Build/Intermediates.noindex/SpektoWatch2.build/Debug-iphoneos/SpektoWatch2WidgetExtension.build/Objects-normal/arm64/SpektoWatch2WidgetExtension-linker-args.resp -Xlinker -alias -Xlinker _NSExtensionMain -Xlinker ___debug_main_executable_dylib_entry_point -framework SwiftUI -framework WidgetKit -Xlinker -no_adhoc_codesign -o /Users/simeonbrandt/SpektoWatch2/.derivedData-watch4/Build/Products/Debug-iphoneos/SpektoWatch2WidgetExtension.appex/SpektoWatch2WidgetExtension.debug.dylib

SwiftDriverJobDiscovery normal arm64 Compiling WatchLevelMeterView.swift, WatchLiveCaptureFooter.swift, WatchMeasurementSourceIndicator.swift, WatchMeasurementSourceSettingsView.swift, WatchMeterLayoutSettingsView.swift, WatchModularFace.swift, WatchMoreFacesView.swift, WatchPegelmesserFace.swift (in target 'SpektoWatch Watch App' from project 'SpektoWatch2')

SwiftCompile normal arm64 Compiling\ WatchPegelmeterWidget.swift,\ WatchRecordButton.swift,\ WatchRecordingSession.swift,\ WatchRecordingStore.swift,\ WatchRecordingsView.swift,\ WatchSpectrogramTabView.swift,\ WatchSpectrogramView.swift /Users/simeonbrandt/SpektoWatch2/SpektoWatch\ Watch\ App/WatchPegelmeterWidget.swift /Users/simeonbrandt/SpektoWatch2/SpektoWatch\ Watch\ App/WatchRecordButton.swift /Users/simeonbrandt/SpektoWatch2/SpektoWatch\ Watch\ App/WatchRecordingSession.swift /Users/simeonbrandt/SpektoWatch2/SpektoWatch\ Watch\ App/WatchRecordingStore.swift /Users/simeonbrandt/SpektoWatch2/SpektoWatch\ Watch\ App/WatchRecordingsView.swift /Users/simeonbrandt/SpektoWatch2/SpektoWatch\ Watch\ App/WatchSpectrogramTabView.swift /Users/simeonbrandt/SpektoWatch2/SpektoWatch\ Watch\ App/WatchSpectrogramView.swift (in target 'SpektoWatch Watch App' from project 'SpektoWatch2')
SwiftCompile normal arm64 /Users/simeonbrandt/SpektoWatch2/SpektoWatch\ Watch\ App/WatchPegelmeterWidget.swift (in target 'SpektoWatch Watch App' from project 'SpektoWatch2')
    cd /Users/simeonbrandt/SpektoWatch2
    

SwiftCompile normal arm64 /Users/simeonbrandt/SpektoWatch2/SpektoWatch\ Watch\ App/WatchRecordButton.swift (in target 'SpektoWatch Watch App' from project 'SpektoWatch2')
    cd /Users/simeonbrandt/SpektoWatch2
    

SwiftCompile normal arm64 /Users/simeonbrandt/SpektoWatch2/SpektoWatch\ Watch\ App/WatchRecordingSession.swift (in target 'SpektoWatch Watch App' from project 'SpektoWatch2')
    cd /Users/simeonbrandt/SpektoWatch2
    

SwiftCompile normal arm64 /Users/simeonbrandt/SpektoWatch2/SpektoWatch\ Watch\ App/WatchRecordingStore.swift (in target 'SpektoWatch Watch App' from project 'SpektoWatch2')
    cd /Users/simeonbrandt/SpektoWatch2
    

SwiftCompile normal arm64 /Users/simeonbrandt/SpektoWatch2/SpektoWatch\ Watch\ App/WatchRecordingsView.swift (in target 'SpektoWatch Watch App' from project 'SpektoWatch2')
    cd /Users/simeonbrandt/SpektoWatch2
    

SwiftCompile normal arm64 /Users/simeonbrandt/SpektoWatch2/SpektoWatch\ Watch\ App/WatchSpectrogramTabView.swift (in target 'SpektoWatch Watch App' from project 'SpektoWatch2')
    cd /Users/simeonbrandt/SpektoWatch2
    

SwiftCompile normal arm64 /Users/simeonbrandt/SpektoWatch2/SpektoWatch\ Watch\ App/WatchSpectrogramView.swift (in target 'SpektoWatch Watch App' from project 'SpektoWatch2')
    cd /Users/simeonbrandt/SpektoWatch2
    

SwiftDriverJobDiscovery normal arm64 Compiling WatchToneGenerator.swift, WatchTonegeneratorFace.swift, LoudnessCalculator.swift, LoudnessCalculatorView.swift, MeasurementActivityAttributes.swift, MeasurementDataFormat.swift, MeasurementDataReader.swift (in target 'SpektoWatch Watch App' from project 'SpektoWatch2')

ConstructStubExecutorLinkFileList /Users/simeonbrandt/SpektoWatch2/.derivedData-watch4/Build/Intermediates.noindex/SpektoWatch2.build/Debug-iphoneos/SpektoWatch2WidgetExtension.build/SpektoWatch2WidgetExtension-ExecutorLinkFileList-normal-arm64.txt (in target 'SpektoWatch2WidgetExtension' from project 'SpektoWatch2')
    cd /Users/simeonbrandt/SpektoWatch2
    construct-stub-executor-link-file-list /Users/simeonbrandt/SpektoWatch2/.derivedData-watch4/Build/Products/Debug-iphoneos/SpektoWatch2WidgetExtension.appex/SpektoWatch2WidgetExtension.debug.dylib /Applications/Xcode.app/Contents/Developer/Platforms/iPhoneOS.platform/Developer/usr/lib/libPreviewsJITStubExecutor_no_swift_entry_point.a /Applications/Xcode.app/Contents/Developer/Platforms/iPhoneOS.platform/Developer/usr/lib/libPreviewsJITStubExecutor.a --output /Users/simeonbrandt/SpektoWatch2/.derivedData-watch4/Build/Intermediates.noindex/SpektoWatch2.build/Debug-iphoneos/SpektoWatch2WidgetExtension.build/SpektoWatch2WidgetExtension-ExecutorLinkFileList-normal-arm64.txt
note: Using stub executor library with Swift entry point. (in target 'SpektoWatch2WidgetExtension' from project 'SpektoWatch2')

ProcessProductPackaging /Users/simeonbrandt/Library/Developer/Xcode/UserData/Provisioning\ Profiles/9b59b08b-6d46-4b05-b6be-bf458cd2fe81.mobileprovision /Users/simeonbrandt/SpektoWatch2/.derivedData-watch4/Build/Products/Debug-iphoneos/SpektoWatch2.app/embedded.mobileprovision (in target 'SpektoWatch2' from project 'SpektoWatch2')
    cd /Users/simeonbrandt/SpektoWatch2
    builtin-productPackagingUtility /Users/simeonbrandt/Library/Developer/Xcode/UserData/Provisioning\ Profiles/9b59b08b-6d46-4b05-b6be-bf458cd2fe81.mobileprovision -o /Users/simeonbrandt/SpektoWatch2/.derivedData-watch4/Build/Products/Debug-iphoneos/SpektoWatch2.app/embedded.mobileprovision

Ld /Users/simeonbrandt/SpektoWatch2/.derivedData-watch4/Build/Products/Debug-iphoneos/SpektoWatch2WidgetExtension.appex/SpektoWatch2WidgetExtension normal (in target 'SpektoWatch2WidgetExtension' from project 'SpektoWatch2')
    cd /Users/simeonbrandt/SpektoWatch2
    /Applications/Xcode.app/Contents/Developer/Toolchains/XcodeDefault.xctoolchain/usr/bin/clang -Xlinker -reproducible -target arm64-apple-ios18.0 -isysroot /Applications/Xcode.app/Contents/Developer/Platforms/iPhoneOS.platform/Developer/SDKs/iPhoneOS26.5.sdk -O1 -L/Users/simeonbrandt/SpektoWatch2/.derivedData-watch4/Build/Products/Debug-iphoneos -F/Users/simeonbrandt/SpektoWatch2/.derivedData-watch4/Build/Products/Debug-iphoneos -Xlinker -rpath -Xlinker @executable_path -Xlinker -rpath -Xlinker @executable_path/Frameworks -Xlinker -rpath -Xlinker @executable_path/../../Frameworks -rdynamic -Xlinker -debug_variant -e ___debug_blank_executor_main -Xlinker -sectcreate -Xlinker __TEXT -Xlinker __debug_dylib -Xlinker /Users/simeonbrandt/SpektoWatch2/.derivedData-watch4/Build/Intermediates.noindex/SpektoWatch2.build/Debug-iphoneos/SpektoWatch2WidgetExtension.build/SpektoWatch2WidgetExtension-DebugDylibPath-normal-arm64.txt -Xlinker -sectcreate -Xlinker __TEXT -Xlinker __debug_entry -Xlinker /Users/simeonbrandt/SpektoWatch2/.derivedData-watch4/Build/Intermediates.noindex/SpektoWatch2.build/Debug-iphoneos/SpektoWatch2WidgetExtension.build/SpektoWatch2WidgetExtension-DebugEntryPoint-normal-arm64.txt -Xlinker -sectcreate -Xlinker __TEXT -Xlinker __debug_instlnm -Xlinker /Users/simeonbrandt/SpektoWatch2/.derivedData-watch4/Build/Intermediates.noindex/SpektoWatch2.build/Debug-iphoneos/SpektoWatch2WidgetExtension.build/SpektoWatch2WidgetExtension-DebugDylibInstallName-normal-arm64.txt -Xlinker -filelist -Xlinker /Users/simeonbrandt/SpektoWatch2/.derivedData-watch4/Build/Intermediates.noindex/SpektoWatch2.build/Debug-iphoneos/SpektoWatch2WidgetExtension.build/SpektoWatch2WidgetExtension-ExecutorLinkFileList-normal-arm64.txt /Users/simeonbrandt/SpektoWatch2/.derivedData-watch4/Build/Products/Debug-iphoneos/SpektoWatch2WidgetExtension.appex/SpektoWatch2WidgetExtension.debug.dylib -Xlinker -no_adhoc_codesign -o /Users/simeonbrandt/SpektoWatch2/.derivedData-watch4/Build/Products/Debug-iphoneos/SpektoWatch2WidgetExtension.appex/SpektoWatch2WidgetExtension

ProcessProductPackaging "" /Users/simeonbrandt/SpektoWatch2/.derivedData-watch4/Build/Intermediates.noindex/SpektoWatch2.build/Debug-iphoneos/SpektoWatch2.build/SpektoWatch2.app.xcent (in target 'SpektoWatch2' from project 'SpektoWatch2')
    cd /Users/simeonbrandt/SpektoWatch2
    
    Entitlements:
    
    {
    "application-identifier" = "L22A8M5245.BrandtAcoustics.SpektoWatch2";
    "com.apple.developer.team-identifier" = L22A8M5245;
    "get-task-allow" = 1;
}
    
    builtin-productPackagingUtility -entitlements -format xml -o /Users/simeonbrandt/SpektoWatch2/.derivedData-watch4/Build/Intermediates.noindex/SpektoWatch2.build/Debug-iphoneos/SpektoWatch2.build/SpektoWatch2.app.xcent

ProcessProductPackagingDER /Users/simeonbrandt/SpektoWatch2/.derivedData-watch4/Build/Intermediates.noindex/SpektoWatch2.build/Debug-iphoneos/SpektoWatch2.build/SpektoWatch2.app.xcent /Users/simeonbrandt/SpektoWatch2/.derivedData-watch4/Build/Intermediates.noindex/SpektoWatch2.build/Debug-iphoneos/SpektoWatch2.build/SpektoWatch2.app.xcent.der (in target 'SpektoWatch2' from project 'SpektoWatch2')
    cd /Users/simeonbrandt/SpektoWatch2
    /usr/bin/derq query -f xml -i /Users/simeonbrandt/SpektoWatch2/.derivedData-watch4/Build/Intermediates.noindex/SpektoWatch2.build/Debug-iphoneos/SpektoWatch2.build/SpektoWatch2.app.xcent -o /Users/simeonbrandt/SpektoWatch2/.derivedData-watch4/Build/Intermediates.noindex/SpektoWatch2.build/Debug-iphoneos/SpektoWatch2.build/SpektoWatch2.app.xcent.der --raw

ExtractAppIntentsMetadata (in target 'SpektoWatch2WidgetExtension' from project 'SpektoWatch2')
    cd /Users/simeonbrandt/SpektoWatch2
    /Applications/Xcode.app/Contents/Developer/Toolchains/XcodeDefault.xctoolchain/usr/bin/appintentsmetadataprocessor --toolchain-dir /var/run/com.apple.security.cryptexd/mnt/com.apple.MobileAsset.MetalToolchain-v17.6.42.0.h7YNAA/Metal.xctoolchain --module-name SpektoWatch2WidgetExtension --sdk-root /Applications/Xcode.app/Contents/Developer/Platforms/iPhoneOS.platform/Developer/SDKs/iPhoneOS26.5.sdk --xcode-version 17F42 --platform-family iOS --deployment-target 18.0 --bundle-identifier BrandtAcoustics.SpektoWatch2.SpektoWatch2Widget --output /Users/simeonbrandt/SpektoWatch2/.derivedData-watch4/Build/Products/Debug-iphoneos/SpektoWatch2WidgetExtension.appex --target-triple arm64-apple-ios18.0 --binary-file /Users/simeonbrandt/SpektoWatch2/.derivedData-watch4/Build/Products/Debug-iphoneos/SpektoWatch2WidgetExtension.appex/SpektoWatch2WidgetExtension --dependency-file /Users/simeonbrandt/SpektoWatch2/.derivedData-watch4/Build/Intermediates.noindex/SpektoWatch2.build/Debug-iphoneos/SpektoWatch2WidgetExtension.build/Objects-normal/arm64/SpektoWatch2WidgetExtension_dependency_info.dat --stringsdata-file /Users/simeonbrandt/SpektoWatch2/.derivedData-watch4/Build/Intermediates.noindex/SpektoWatch2.build/Debug-iphoneos/SpektoWatch2WidgetExtension.build/Objects-normal/arm64/ExtractedAppShortcutsMetadata.stringsdata --source-file-list /Users/simeonbrandt/SpektoWatch2/.derivedData-watch4/Build/Intermediates.noindex/SpektoWatch2.build/Debug-iphoneos/SpektoWatch2WidgetExtension.build/Objects-normal/arm64/SpektoWatch2WidgetExtension.SwiftFileList --metadata-file-list /Users/simeonbrandt/SpektoWatch2/.derivedData-watch4/Build/Intermediates.noindex/SpektoWatch2.build/Debug-iphoneos/SpektoWatch2WidgetExtension.build/SpektoWatch2WidgetExtension.DependencyMetadataFileList --static-metadata-file-list /Users/simeonbrandt/SpektoWatch2/.derivedData-watch4/Build/Intermediates.noindex/SpektoWatch2.build/Debug-iphoneos/SpektoWatch2WidgetExtension.build/SpektoWatch2WidgetExtension.DependencyStaticMetadataFileList --swift-const-vals-list /Users/simeonbrandt/SpektoWatch2/.derivedData-watch4/Build/Intermediates.noindex/SpektoWatch2.build/Debug-iphoneos/SpektoWatch2WidgetExtension.build/Objects-normal/arm64/SpektoWatch2WidgetExtension.SwiftConstValuesFileList --compile-time-extraction --deployment-aware-processing --validate-assistant-intents --no-app-shortcuts-localization
2026-06-04 22:08:52.028 appintentsmetadataprocessor[37278:1877614] Starting appintentsmetadataprocessor export
2026-06-04 22:08:52.451 appintentsmetadataprocessor[37278:1877614] Extracted no relevant App Intents symbols, skipping writing output

AppIntentsSSUTraining (in target 'SpektoWatch2WidgetExtension' from project 'SpektoWatch2')
    cd /Users/simeonbrandt/SpektoWatch2
    /Applications/Xcode.app/Contents/Developer/Toolchains/XcodeDefault.xctoolchain/usr/bin/appintentsnltrainingprocessor --infoplist-path /Users/simeonbrandt/SpektoWatch2/.derivedData-watch4/Build/Products/Debug-iphoneos/SpektoWatch2WidgetExtension.appex/Info.plist --temp-dir-path /Users/simeonbrandt/SpektoWatch2/.derivedData-watch4/Build/Intermediates.noindex/SpektoWatch2.build/Debug-iphoneos/SpektoWatch2WidgetExtension.build/ssu --bundle-id BrandtAcoustics.SpektoWatch2.SpektoWatch2Widget --product-path /Users/simeonbrandt/SpektoWatch2/.derivedData-watch4/Build/Products/Debug-iphoneos/SpektoWatch2WidgetExtension.appex --extracted-metadata-path /Users/simeonbrandt/SpektoWatch2/.derivedData-watch4/Build/Products/Debug-iphoneos/SpektoWatch2WidgetExtension.appex/Metadata.appintents --metadata-file-list /Users/simeonbrandt/SpektoWatch2/.derivedData-watch4/Build/Intermediates.noindex/SpektoWatch2.build/Debug-iphoneos/SpektoWatch2WidgetExtension.build/SpektoWatch2WidgetExtension.DependencyMetadataFileList --source-file /Users/simeonbrandt/SpektoWatch2/.derivedData-watch4/Build/Products/Debug-iphoneos/SpektoWatch2WidgetExtension.appex/Info.plist --archive-ssu-assets
2026-06-04 22:08:53.165 appintentsnltrainingprocessor[37289:1877694] Parsing options for appintentsnltrainingprocessor
2026-06-04 22:08:53.185 appintentsnltrainingprocessor[37289:1877694] Starting AppIntents SSU YAML Generation
2026-06-04 22:08:53.221 appintentsnltrainingprocessor[37289:1877694] No AppShortcuts found - Skipping.

CodeSign /Users/simeonbrandt/SpektoWatch2/.derivedData-watch4/Build/Products/Debug-iphoneos/SpektoWatch2WidgetExtension.appex/SpektoWatch2WidgetExtension.debug.dylib (in target 'SpektoWatch2WidgetExtension' from project 'SpektoWatch2')
    cd /Users/simeonbrandt/SpektoWatch2
    
    Signing Identity:     "Apple Development: Samuel Brandt (M3F7D9UGS5)"
    Provisioning Profile: "iOS Team Provisioning Profile: *"
                          (5fc5651b-f5b2-4a84-ae34-e869c7286d7d)
    
    /usr/bin/codesign --force --sign 47F9ACCFF4825284D0C58F24F6E156B7F34CDADC --timestamp\=none --generate-entitlement-der /Users/simeonbrandt/SpektoWatch2/.derivedData-watch4/Build/Products/Debug-iphoneos/SpektoWatch2WidgetExtension.appex/SpektoWatch2WidgetExtension.debug.dylib

MkDir /Users/simeonbrandt/SpektoWatch2/.derivedData-watch4/Build/Intermediates.noindex/SpektoWatch2.build/Debug-iphoneos/SpektoWatch2.build/assetcatalog_output/unthinned (in target 'SpektoWatch2' from project 'SpektoWatch2')
    cd /Users/simeonbrandt/SpektoWatch2
    /bin/mkdir -p /Users/simeonbrandt/SpektoWatch2/.derivedData-watch4/Build/Intermediates.noindex/SpektoWatch2.build/Debug-iphoneos/SpektoWatch2.build/assetcatalog_output/unthinned

CodeSign /Users/simeonbrandt/SpektoWatch2/.derivedData-watch4/Build/Products/Debug-iphoneos/SpektoWatch2WidgetExtension.appex/__preview.dylib (in target 'SpektoWatch2WidgetExtension' from project 'SpektoWatch2')
    cd /Users/simeonbrandt/SpektoWatch2
    
    Signing Identity:     "Apple Development: Samuel Brandt (M3F7D9UGS5)"
    Provisioning Profile: "iOS Team Provisioning Profile: *"
                          (5fc5651b-f5b2-4a84-ae34-e869c7286d7d)
    
    /usr/bin/codesign --force --sign 47F9ACCFF4825284D0C58F24F6E156B7F34CDADC --timestamp\=none --generate-entitlement-der /Users/simeonbrandt/SpektoWatch2/.derivedData-watch4/Build/Products/Debug-iphoneos/SpektoWatch2WidgetExtension.appex/__preview.dylib

MkDir /Users/simeonbrandt/SpektoWatch2/.derivedData-watch4/Build/Intermediates.noindex/SpektoWatch2.build/Debug-iphoneos/SpektoWatch2.build/assetcatalog_output/thinned (in target 'SpektoWatch2' from project 'SpektoWatch2')
    cd /Users/simeonbrandt/SpektoWatch2
    /bin/mkdir -p /Users/simeonbrandt/SpektoWatch2/.derivedData-watch4/Build/Intermediates.noindex/SpektoWatch2.build/Debug-iphoneos/SpektoWatch2.build/assetcatalog_output/thinned

CodeSign /Users/simeonbrandt/SpektoWatch2/.derivedData-watch4/Build/Products/Debug-iphoneos/SpektoWatch2WidgetExtension.appex (in target 'SpektoWatch2WidgetExtension' from project 'SpektoWatch2')
    cd /Users/simeonbrandt/SpektoWatch2
    
    Signing Identity:     "Apple Development: Samuel Brandt (M3F7D9UGS5)"
    Provisioning Profile: "iOS Team Provisioning Profile: *"
                          (5fc5651b-f5b2-4a84-ae34-e869c7286d7d)
    
    /usr/bin/codesign --force --sign 47F9ACCFF4825284D0C58F24F6E156B7F34CDADC --entitlements /Users/simeonbrandt/SpektoWatch2/.derivedData-watch4/Build/Intermediates.noindex/SpektoWatch2.build/Debug-iphoneos/SpektoWatch2WidgetExtension.build/SpektoWatch2WidgetExtension.appex.xcent --timestamp\=none --generate-entitlement-der /Users/simeonbrandt/SpektoWatch2/.derivedData-watch4/Build/Products/Debug-iphoneos/SpektoWatch2WidgetExtension.appex

GenerateAssetSymbols /Users/simeonbrandt/SpektoWatch2/SpektoWatch2/Assets.xcassets (in target 'SpektoWatch2' from project 'SpektoWatch2')
    cd /Users/simeonbrandt/SpektoWatch2
    /Applications/Xcode.app/Contents/Developer/usr/bin/actool /Users/simeonbrandt/SpektoWatch2/SpektoWatch2/Assets.xcassets --compile /Users/simeonbrandt/SpektoWatch2/.derivedData-watch4/Build/Products/Debug-iphoneos/SpektoWatch2.app --output-format human-readable-text --notices --warnings --export-dependency-info /Users/simeonbrandt/SpektoWatch2/.derivedData-watch4/Build/Intermediates.noindex/SpektoWatch2.build/Debug-iphoneos/SpektoWatch2.build/assetcatalog_dependencies --output-partial-info-plist /Users/simeonbrandt/SpektoWatch2/.derivedData-watch4/Build/Intermediates.noindex/SpektoWatch2.build/Debug-iphoneos/SpektoWatch2.build/assetcatalog_generated_info.plist --app-icon AppIcon --include-all-app-icons --accent-color AccentColor --compress-pngs --enable-on-demand-resources YES --development-region en --target-device iphone --target-device ipad --minimum-deployment-target 18.0 --platform iphoneos --bundle-identifier BrandtAcoustics.SpektoWatch2 --generate-swift-asset-symbols /Users/simeonbrandt/SpektoWatch2/.derivedData-watch4/Build/Intermediates.noindex/SpektoWatch2.build/Debug-iphoneos/SpektoWatch2.build/DerivedSources/GeneratedAssetSymbols.swift --generate-objc-asset-symbols /Users/simeonbrandt/SpektoWatch2/.derivedData-watch4/Build/Intermediates.noindex/SpektoWatch2.build/Debug-iphoneos/SpektoWatch2.build/DerivedSources/GeneratedAssetSymbols.h --generate-asset-symbol-index /Users/simeonbrandt/SpektoWatch2/.derivedData-watch4/Build/Intermediates.noindex/SpektoWatch2.build/Debug-iphoneos/SpektoWatch2.build/DerivedSources/GeneratedAssetSymbols-Index.plist
/* com.apple.actool.compilation-results */
/Users/simeonbrandt/SpektoWatch2/.derivedData-watch4/Build/Intermediates.noindex/SpektoWatch2.build/Debug-iphoneos/SpektoWatch2.build/DerivedSources/GeneratedAssetSymbols-Index.plist
/Users/simeonbrandt/SpektoWatch2/.derivedData-watch4/Build/Intermediates.noindex/SpektoWatch2.build/Debug-iphoneos/SpektoWatch2.build/DerivedSources/GeneratedAssetSymbols.h
/Users/simeonbrandt/SpektoWatch2/.derivedData-watch4/Build/Intermediates.noindex/SpektoWatch2.build/Debug-iphoneos/SpektoWatch2.build/DerivedSources/GeneratedAssetSymbols.swift


CompileMetalFile /Users/simeonbrandt/SpektoWatch2/SpektoWatch2/HighEndSpectrogramShaders.metal (in target 'SpektoWatch2' from project 'SpektoWatch2')
    cd /Users/simeonbrandt/SpektoWatch2
    /var/run/com.apple.security.cryptexd/mnt/com.apple.MobileAsset.MetalToolchain-v17.6.42.0.h7YNAA/Metal.xctoolchain/usr/bin/metal -c -target air64-apple-ios18.0 -gline-tables-only -frecord-sources -I/Users/simeonbrandt/SpektoWatch2/.derivedData-watch4/Build/Products/Debug-iphoneos/include -F/Users/simeonbrandt/SpektoWatch2/.derivedData-watch4/Build/Products/Debug-iphoneos -isysroot /Applications/Xcode.app/Contents/Developer/Platforms/iPhoneOS.platform/Developer/SDKs/iPhoneOS26.5.sdk -fmetal-math-mode\=fast -fmetal-math-fp32-functions\=fast -serialize-diagnostics /Users/simeonbrandt/SpektoWatch2/.derivedData-watch4/Build/Intermediates.noindex/SpektoWatch2.build/Debug-iphoneos/SpektoWatch2.build/Metal/HighEndSpectrogramShaders.dia -o /Users/simeonbrandt/SpektoWatch2/.derivedData-watch4/Build/Intermediates.noindex/SpektoWatch2.build/Debug-iphoneos/SpektoWatch2.build/Metal/HighEndSpectrogramShaders.air -index-store-path /Users/simeonbrandt/SpektoWatch2/.derivedData-watch4/Index.noindex/DataStore -MMD -MT dependencies -MF /Users/simeonbrandt/SpektoWatch2/.derivedData-watch4/Build/Intermediates.noindex/SpektoWatch2.build/Debug-iphoneos/SpektoWatch2.build/Metal/HighEndSpectrogramShaders.dat /Users/simeonbrandt/SpektoWatch2/SpektoWatch2/HighEndSpectrogramShaders.metal

SwiftDriverJobDiscovery normal arm64_32 Compiling WatchPegelmeterWidget.swift, WatchRecordButton.swift, WatchRecordingSession.swift, WatchRecordingStore.swift, WatchRecordingsView.swift, WatchSpectrogramTabView.swift, WatchSpectrogramView.swift (in target 'SpektoWatch Watch App' from project 'SpektoWatch2')

CompileAssetCatalogVariant thinned /Users/simeonbrandt/SpektoWatch2/.derivedData-watch4/Build/Products/Debug-iphoneos/SpektoWatch2.app /Users/simeonbrandt/SpektoWatch2/SpektoWatch2/Assets.xcassets (in target 'SpektoWatch2' from project 'SpektoWatch2')
    cd /Users/simeonbrandt/SpektoWatch2
    /Applications/Xcode.app/Contents/Developer/usr/bin/actool /Users/simeonbrandt/SpektoWatch2/SpektoWatch2/Assets.xcassets --compile /Users/simeonbrandt/SpektoWatch2/.derivedData-watch4/Build/Intermediates.noindex/SpektoWatch2.build/Debug-iphoneos/SpektoWatch2.build/assetcatalog_output/thinned --output-format human-readable-text --notices --warnings --export-dependency-info /Users/simeonbrandt/SpektoWatch2/.derivedData-watch4/Build/Intermediates.noindex/SpektoWatch2.build/Debug-iphoneos/SpektoWatch2.build/assetcatalog_dependencies_thinned --output-partial-info-plist /Users/simeonbrandt/SpektoWatch2/.derivedData-watch4/Build/Intermediates.noindex/SpektoWatch2.build/Debug-iphoneos/SpektoWatch2.build/assetcatalog_generated_info.plist_thinned --app-icon AppIcon --include-all-app-icons --accent-color AccentColor --compress-pngs --enable-on-demand-resources YES --development-region en --target-device iphone --target-device ipad --minimum-deployment-target 18.0 --platform iphoneos
/* com.apple.actool.document.warnings */
/Users/simeonbrandt/SpektoWatch2/SpektoWatch2/Assets.xcassets:./AppIcon.appiconset: warning: A 60x60@2x app icon is required for iPhone apps targeting iOS 7.0 and later
/Users/simeonbrandt/SpektoWatch2/SpektoWatch2/Assets.xcassets:./AppIcon.appiconset: warning: A 76x76@2x app icon is required for iPad apps targeting iOS 7.0 and later
/Users/simeonbrandt/SpektoWatch2/SpektoWatch2/Assets.xcassets:./AppIcon.appiconset: warning: A 83.5x83.5@2x app icon is required for iPad apps targeting iOS 9.0 and later
/Users/simeonbrandt/SpektoWatch2/SpektoWatch2/Assets.xcassets:./AppIcon.appiconset: warning: A 1024x1024 app store icon is required for iOS apps
/* com.apple.actool.compilation-results */
/Users/simeonbrandt/SpektoWatch2/.derivedData-watch4/Build/Intermediates.noindex/SpektoWatch2.build/Debug-iphoneos/SpektoWatch2.build/assetcatalog_generated_info.plist_thinned
/Users/simeonbrandt/SpektoWatch2/.derivedData-watch4/Build/Intermediates.noindex/SpektoWatch2.build/Debug-iphoneos/SpektoWatch2.build/assetcatalog_output/thinned/Assets.car


SwiftDriverJobDiscovery normal arm64 Compiling AcousticMetricsCalculator.swift, AppGroup.swift, FrequencyWeightingProcessor.swift, Logger+Extensions.swift, WatchConnectivityManager.swift, WatchLevelMeterWidget.swift, WatchLoudnessWidget.swift, WatchSingleValueWidget.swift (in target 'SpektoWatch Watch App' from project 'SpektoWatch2')

SwiftDriverJobDiscovery normal arm64 Compiling SpectrogramData.swift, SpectrogramHistoryAxis.swift, SpectrogramResolution.swift, SpectrumBandAggregator.swift, WatchAppSettingsSync.swift, WatchAppState.swift, WatchConnectivityProtocol.swift (in target 'SpektoWatch Watch App' from project 'SpektoWatch2')

RegisterExecutionPolicyException /Users/simeonbrandt/SpektoWatch2/.derivedData-watch4/Build/Products/Debug-iphoneos/SpektoWatch2WidgetExtension.appex (in target 'SpektoWatch2WidgetExtension' from project 'SpektoWatch2')
    cd /Users/simeonbrandt/SpektoWatch2
    builtin-RegisterExecutionPolicyException /Users/simeonbrandt/SpektoWatch2/.derivedData-watch4/Build/Products/Debug-iphoneos/SpektoWatch2WidgetExtension.appex

Touch /Users/simeonbrandt/SpektoWatch2/.derivedData-watch4/Build/Products/Debug-iphoneos/SpektoWatch2WidgetExtension.appex (in target 'SpektoWatch2WidgetExtension' from project 'SpektoWatch2')
    cd /Users/simeonbrandt/SpektoWatch2
    /usr/bin/touch -c /Users/simeonbrandt/SpektoWatch2/.derivedData-watch4/Build/Products/Debug-iphoneos/SpektoWatch2WidgetExtension.appex

MetalLink /Users/simeonbrandt/SpektoWatch2/.derivedData-watch4/Build/Products/Debug-iphoneos/SpektoWatch2.app/default.metallib (in target 'SpektoWatch2' from project 'SpektoWatch2')
    cd /Users/simeonbrandt/SpektoWatch2
    /var/run/com.apple.security.cryptexd/mnt/com.apple.MobileAsset.MetalToolchain-v17.6.42.0.h7YNAA/Metal.xctoolchain/usr/bin/metal -target air64-apple-ios18.0 -frecord-sources -o /Users/simeonbrandt/SpektoWatch2/.derivedData-watch4/Build/Products/Debug-iphoneos/SpektoWatch2.app/default.metallib /Users/simeonbrandt/SpektoWatch2/.derivedData-watch4/Build/Intermediates.noindex/SpektoWatch2.build/Debug-iphoneos/SpektoWatch2.build/Metal/HighEndSpectrogramShaders.air

SwiftDriverJobDiscovery normal arm64_32 Compiling WatchSpectrogramWidget.swift, SpektoWatchApp.swift, WatchAudioEngine.swift, WatchContentView.swift, WatchCustomMeterView.swift, WatchDashboardLayoutSettingsView.swift, WatchDashboardView.swift, WatchLevelGraphTabView.swift (in target 'SpektoWatch Watch App' from project 'SpektoWatch2')

SwiftDriverJobDiscovery normal arm64_32 Compiling WatchLevelMeterView.swift, WatchLiveCaptureFooter.swift, WatchMeasurementSourceIndicator.swift, WatchMeasurementSourceSettingsView.swift, WatchMeterLayoutSettingsView.swift, WatchModularFace.swift, WatchMoreFacesView.swift, WatchPegelmesserFace.swift (in target 'SpektoWatch Watch App' from project 'SpektoWatch2')

SwiftDriverJobDiscovery normal arm64_32 Compiling AcousticMetricsCalculator.swift, AppGroup.swift, FrequencyWeightingProcessor.swift, Logger+Extensions.swift, WatchConnectivityManager.swift, WatchLevelMeterWidget.swift, WatchLoudnessWidget.swift, WatchSingleValueWidget.swift (in target 'SpektoWatch Watch App' from project 'SpektoWatch2')

SwiftDriver\ Compilation SpektoWatch\ Watch\ App normal arm64_32 com.apple.xcode.tools.swift.compiler (in target 'SpektoWatch Watch App' from project 'SpektoWatch2')
    cd /Users/simeonbrandt/SpektoWatch2
    builtin-Swift-Compilation -- /Applications/Xcode.app/Contents/Developer/Toolchains/XcodeDefault.xctoolchain/usr/bin/swiftc -module-name SpektoWatch_Watch_App -O @/Users/simeonbrandt/SpektoWatch2/.derivedData-watch4/Build/Intermediates.noindex/SpektoWatch2.build/Debug-watchos/SpektoWatch\ Watch\ App.build/Objects-normal/arm64_32/SpektoWatch\ Watch\ App.SwiftFileList -DDEBUG -enable-bare-slash-regex -enable-upcoming-feature DisableOutwardActorInference -enable-upcoming-feature InferSendableFromCaptures -enable-upcoming-feature GlobalActorIsolatedTypesUsability -enable-upcoming-feature MemberImportVisibility -enable-upcoming-feature InferIsolatedConformances -enable-upcoming-feature NonisolatedNonsendingByDefault -enable-experimental-feature DebugDescriptionMacro -sdk /Applications/Xcode.app/Contents/Developer/Platforms/WatchOS.platform/Developer/SDKs/WatchOS26.5.sdk -target arm64_32-apple-watchos11.0 -g -module-cache-path /Users/simeonbrandt/SpektoWatch2/.derivedData-watch4/ModuleCache.noindex -Xfrontend -serialize-debugging-options -profile-coverage-mapping -profile-generate -enable-testing -swift-version 5 -I /Users/simeonbrandt/SpektoWatch2/.derivedData-watch4/Build/Products/Debug-watchos -F /Users/simeonbrandt/SpektoWatch2/.derivedData-watch4/Build/Products/Debug-watchos -emit-localized-strings -emit-localized-strings-path /Users/simeonbrandt/SpektoWatch2/.derivedData-watch4/Build/Intermediates.noindex/SpektoWatch2.build/Debug-watchos/SpektoWatch\ Watch\ App.build/Objects-normal/arm64_32 -c -j8 -enable-batch-mode -incremental -Xcc -ivfsstatcache -Xcc /Users/simeonbrandt/SpektoWatch2/.derivedData-watch4/SDKStatCaches.noindex/watchos26.5-23T570-688ef53f1462e2c8f657fdc38a81448f6c525d28bb7368d9e3b927c5b9753508.sdkstatcache -output-file-map /Users/simeonbrandt/SpektoWatch2/.derivedData-watch4/Build/Intermediates.noindex/SpektoWatch2.build/Debug-watchos/SpektoWatch\ Watch\ App.build/Objects-normal/arm64_32/SpektoWatch\ Watch\ App-OutputFileMap.json -use-frontend-parseable-output -save-temps -no-color-diagnostics -explicit-module-build -module-cache-path /Users/simeonbrandt/SpektoWatch2/.derivedData-watch4/Build/Intermediates.noindex/SwiftExplicitPrecompiledModules -clang-scanner-module-cache-path /Users/simeonbrandt/SpektoWatch2/.derivedData-watch4/ModuleCache.noindex -sdk-module-cache-path /Users/simeonbrandt/SpektoWatch2/.derivedData-watch4/ModuleCache.noindex -serialize-diagnostics -emit-dependencies -emit-module -emit-module-path /Users/simeonbrandt/SpektoWatch2/.derivedData-watch4/Build/Intermediates.noindex/SpektoWatch2.build/Debug-watchos/SpektoWatch\ Watch\ App.build/Objects-normal/arm64_32/SpektoWatch_Watch_App.swiftmodule -validate-clang-modules-once -clang-build-session-file /Users/simeonbrandt/SpektoWatch2/.derivedData-watch4/ModuleCache.noindex/Session.modulevalidation -Xcc -I/Users/simeonbrandt/SpektoWatch2/.derivedData-watch4/Build/Intermediates.noindex/SpektoWatch2.build/Debug-watchos/SpektoWatch\ Watch\ App.build/swift-overrides.hmap -emit-const-values -Xfrontend -const-gather-protocols-file -Xfrontend /Users/simeonbrandt/SpektoWatch2/.derivedData-watch4/Build/Intermediates.noindex/SpektoWatch2.build/Debug-watchos/SpektoWatch\ Watch\ App.build/Objects-normal/arm64_32/SpektoWatch\ Watch\ App_const_extract_protocols.json -Xcc -iquote -Xcc /Users/simeonbrandt/SpektoWatch2/.derivedData-watch4/Build/Intermediates.noindex/SpektoWatch2.build/Debug-watchos/SpektoWatch\ Watch\ App.build/SpektoWatch\ Watch\ App-generated-files.hmap -Xcc -I/Users/simeonbrandt/SpektoWatch2/.derivedData-watch4/Build/Intermediates.noindex/SpektoWatch2.build/Debug-watchos/SpektoWatch\ Watch\ App.build/SpektoWatch\ Watch\ App-own-target-headers.hmap -Xcc -I/Users/simeonbrandt/SpektoWatch2/.derivedData-watch4/Build/Intermediates.noindex/SpektoWatch2.build/Debug-watchos/SpektoWatch\ Watch\ App.build/SpektoWatch\ Watch\ App-all-target-headers.hmap -Xcc -iquote -Xcc /Users/simeonbrandt/SpektoWatch2/.derivedData-watch4/Build/Intermediates.noindex/SpektoWatch2.build/Debug-watchos/SpektoWatch\ Watch\ App.build/SpektoWatch\ Watch\ App-project-headers.hmap -Xcc -I/Users/simeonbrandt/SpektoWatch2/.derivedData-watch4/Build/Products/Debug-watchos/include -Xcc -I/Users/simeonbrandt/SpektoWatch2/.derivedData-watch4/Build/Intermediates.noindex/SpektoWatch2.build/Debug-watchos/SpektoWatch\ Watch\ App.build/DerivedSources-normal/arm64_32 -Xcc -I/Users/simeonbrandt/SpektoWatch2/.derivedData-watch4/Build/Intermediates.noindex/SpektoWatch2.build/Debug-watchos/SpektoWatch\ Watch\ App.build/DerivedSources/arm64_32 -Xcc -I/Users/simeonbrandt/SpektoWatch2/.derivedData-watch4/Build/Intermediates.noindex/SpektoWatch2.build/Debug-watchos/SpektoWatch\ Watch\ App.build/DerivedSources -Xcc -DDEBUG\=1 -emit-objc-header -emit-objc-header-path /Users/simeonbrandt/SpektoWatch2/.derivedData-watch4/Build/Intermediates.noindex/SpektoWatch2.build/Debug-watchos/SpektoWatch\ Watch\ App.build/Objects-normal/arm64_32/SpektoWatch_Watch_App-Swift.h -working-directory /Users/simeonbrandt/SpektoWatch2 -experimental-emit-module-separately -disable-cmo

Ld /Users/simeonbrandt/SpektoWatch2/.derivedData-watch4/Build/Intermediates.noindex/SpektoWatch2.build/Debug-watchos/SpektoWatch\ Watch\ App.build/Objects-normal/arm64_32/Binary/SpektoWatch\ Watch\ App normal arm64_32 (in target 'SpektoWatch Watch App' from project 'SpektoWatch2')
    cd /Users/simeonbrandt/SpektoWatch2
    /Applications/Xcode.app/Contents/Developer/Toolchains/XcodeDefault.xctoolchain/usr/bin/clang -Xlinker -reproducible -target arm64_32-apple-watchos11.0 -isysroot /Applications/Xcode.app/Contents/Developer/Platforms/WatchOS.platform/Developer/SDKs/WatchOS26.5.sdk -O1 -L/Users/simeonbrandt/SpektoWatch2/.derivedData-watch4/Build/Intermediates.noindex/EagerLinkingTBDs/Debug-watchos -L/Users/simeonbrandt/SpektoWatch2/.derivedData-watch4/Build/Products/Debug-watchos -F/Users/simeonbrandt/SpektoWatch2/.derivedData-watch4/Build/Intermediates.noindex/EagerLinkingTBDs/Debug-watchos -F/Users/simeonbrandt/SpektoWatch2/.derivedData-watch4/Build/Products/Debug-watchos -filelist /Users/simeonbrandt/SpektoWatch2/.derivedData-watch4/Build/Intermediates.noindex/SpektoWatch2.build/Debug-watchos/SpektoWatch\ Watch\ App.build/Objects-normal/arm64_32/SpektoWatch\ Watch\ App.LinkFileList -Xlinker -rpath -Xlinker /usr/lib/swift -Xlinker -rpath -Xlinker @executable_path/Frameworks -Xlinker -dead_strip -Xlinker -object_path_lto -Xlinker /Users/simeonbrandt/SpektoWatch2/.derivedData-watch4/Build/Intermediates.noindex/SpektoWatch2.build/Debug-watchos/SpektoWatch\ Watch\ App.build/Objects-normal/arm64_32/SpektoWatch\ Watch\ App_lto.o -rdynamic -Xlinker -debug_variant -Xlinker -dependency_info -Xlinker /Users/simeonbrandt/SpektoWatch2/.derivedData-watch4/Build/Intermediates.noindex/SpektoWatch2.build/Debug-watchos/SpektoWatch\ Watch\ App.build/Objects-normal/arm64_32/SpektoWatch\ Watch\ App_dependency_info.dat -fobjc-link-runtime -fprofile-instr-generate -L/Applications/Xcode.app/Contents/Developer/Toolchains/XcodeDefault.xctoolchain/usr/lib/swift/watchos -L/usr/lib/swift -Xlinker -add_ast_path -Xlinker /Users/simeonbrandt/SpektoWatch2/.derivedData-watch4/Build/Intermediates.noindex/SpektoWatch2.build/Debug-watchos/SpektoWatch\ Watch\ App.build/Objects-normal/arm64_32/SpektoWatch_Watch_App.swiftmodule @/Users/simeonbrandt/SpektoWatch2/.derivedData-watch4/Build/Intermediates.noindex/SpektoWatch2.build/Debug-watchos/SpektoWatch\ Watch\ App.build/Objects-normal/arm64_32/SpektoWatch_Watch_App-linker-args.resp -Xlinker -no_adhoc_codesign -o /Users/simeonbrandt/SpektoWatch2/.derivedData-watch4/Build/Intermediates.noindex/SpektoWatch2.build/Debug-watchos/SpektoWatch\ Watch\ App.build/Objects-normal/arm64_32/Binary/SpektoWatch\ Watch\ App

SwiftDriver SpektoWatch2 normal arm64 com.apple.xcode.tools.swift.compiler (in target 'SpektoWatch2' from project 'SpektoWatch2')
    cd /Users/simeonbrandt/SpektoWatch2
    builtin-SwiftDriver -- /Applications/Xcode.app/Contents/Developer/Toolchains/XcodeDefault.xctoolchain/usr/bin/swiftc -module-name SpektoWatch2 -O @/Users/simeonbrandt/SpektoWatch2/.derivedData-watch4/Build/Intermediates.noindex/SpektoWatch2.build/Debug-iphoneos/SpektoWatch2.build/Objects-normal/arm64/SpektoWatch2.SwiftFileList -DDEBUG -enable-bare-slash-regex -enable-upcoming-feature DisableOutwardActorInference -enable-upcoming-feature InferSendableFromCaptures -enable-upcoming-feature GlobalActorIsolatedTypesUsability -enable-upcoming-feature MemberImportVisibility -enable-upcoming-feature InferIsolatedConformances -enable-upcoming-feature NonisolatedNonsendingByDefault -enable-experimental-feature DebugDescriptionMacro -sdk /Applications/Xcode.app/Contents/Developer/Platforms/iPhoneOS.platform/Developer/SDKs/iPhoneOS26.5.sdk -target arm64-apple-ios18.0 -g -module-cache-path /Users/simeonbrandt/SpektoWatch2/.derivedData-watch4/ModuleCache.noindex -Xfrontend -serialize-debugging-options -profile-coverage-mapping -profile-generate -enable-testing -swift-version 5 -I /Users/simeonbrandt/SpektoWatch2/.derivedData-watch4/Build/Products/Debug-iphoneos -F /Users/simeonbrandt/SpektoWatch2/.derivedData-watch4/Build/Products/Debug-iphoneos -emit-localized-strings -emit-localized-strings-path /Users/simeonbrandt/SpektoWatch2/.derivedData-watch4/Build/Intermediates.noindex/SpektoWatch2.build/Debug-iphoneos/SpektoWatch2.build/Objects-normal/arm64 -c -j8 -enable-batch-mode -incremental -Xcc -ivfsstatcache -Xcc /Users/simeonbrandt/SpektoWatch2/.derivedData-watch4/SDKStatCaches.noindex/iphoneos26.5-23F73-688ef53f1462e2c8f657fdc38a81448f32daed1954a7d5dd0789fcaf2a9bb78b.sdkstatcache -output-file-map /Users/simeonbrandt/SpektoWatch2/.derivedData-watch4/Build/Intermediates.noindex/SpektoWatch2.build/Debug-iphoneos/SpektoWatch2.build/Objects-normal/arm64/SpektoWatch2-OutputFileMap.json -use-frontend-parseable-output -save-temps -no-color-diagnostics -explicit-module-build -module-cache-path /Users/simeonbrandt/SpektoWatch2/.derivedData-watch4/Build/Intermediates.noindex/SwiftExplicitPrecompiledModules -clang-scanner-module-cache-path /Users/simeonbrandt/SpektoWatch2/.derivedData-watch4/ModuleCache.noindex -sdk-module-cache-path /Users/simeonbrandt/SpektoWatch2/.derivedData-watch4/ModuleCache.noindex -serialize-diagnostics -emit-dependencies -emit-module -emit-module-path /Users/simeonbrandt/SpektoWatch2/.derivedData-watch4/Build/Intermediates.noindex/SpektoWatch2.build/Debug-iphoneos/SpektoWatch2.build/Objects-normal/arm64/SpektoWatch2.swiftmodule -validate-clang-modules-once -clang-build-session-file /Users/simeonbrandt/SpektoWatch2/.derivedData-watch4/ModuleCache.noindex/Session.modulevalidation -Xcc -I/Users/simeonbrandt/SpektoWatch2/.derivedData-watch4/Build/Intermediates.noindex/SpektoWatch2.build/Debug-iphoneos/SpektoWatch2.build/swift-overrides.hmap -emit-const-values -Xfrontend -const-gather-protocols-file -Xfrontend /Users/simeonbrandt/SpektoWatch2/.derivedData-watch4/Build/Intermediates.noindex/SpektoWatch2.build/Debug-iphoneos/SpektoWatch2.build/Objects-normal/arm64/SpektoWatch2_const_extract_protocols.json -Xcc -iquote -Xcc /Users/simeonbrandt/SpektoWatch2/.derivedData-watch4/Build/Intermediates.noindex/SpektoWatch2.build/Debug-iphoneos/SpektoWatch2.build/SpektoWatch2-generated-files.hmap -Xcc -I/Users/simeonbrandt/SpektoWatch2/.derivedData-watch4/Build/Intermediates.noindex/SpektoWatch2.build/Debug-iphoneos/SpektoWatch2.build/SpektoWatch2-own-target-headers.hmap -Xcc -I/Users/simeonbrandt/SpektoWatch2/.derivedData-watch4/Build/Intermediates.noindex/SpektoWatch2.build/Debug-iphoneos/SpektoWatch2.build/SpektoWatch2-all-target-headers.hmap -Xcc -iquote -Xcc /Users/simeonbrandt/SpektoWatch2/.derivedData-watch4/Build/Intermediates.noindex/SpektoWatch2.build/Debug-iphoneos/SpektoWatch2.build/SpektoWatch2-project-headers.hmap -Xcc -I/Users/simeonbrandt/SpektoWatch2/.derivedData-watch4/Build/Products/Debug-iphoneos/include -Xcc -I/Users/simeonbrandt/SpektoWatch2/.derivedData-watch4/Build/Intermediates.noindex/SpektoWatch2.build/Debug-iphoneos/SpektoWatch2.build/DerivedSources-normal/arm64 -Xcc -I/Users/simeonbrandt/SpektoWatch2/.derivedData-watch4/Build/Intermediates.noindex/SpektoWatch2.build/Debug-iphoneos/SpektoWatch2.build/DerivedSources/arm64 -Xcc -I/Users/simeonbrandt/SpektoWatch2/.derivedData-watch4/Build/Intermediates.noindex/SpektoWatch2.build/Debug-iphoneos/SpektoWatch2.build/DerivedSources -Xcc -DDEBUG\=1 -emit-objc-header -emit-objc-header-path /Users/simeonbrandt/SpektoWatch2/.derivedData-watch4/Build/Intermediates.noindex/SpektoWatch2.build/Debug-iphoneos/SpektoWatch2.build/Objects-normal/arm64/SpektoWatch2-Swift.h -working-directory /Users/simeonbrandt/SpektoWatch2 -experimental-emit-module-separately -disable-cmo

SwiftExplicitDependencyGeneratePcm arm64 /Users/simeonbrandt/SpektoWatch2/.derivedData-watch4/ModuleCache.noindex/ptrauth-A0TBH6OC8CD0Z6BFUPTI6ALF4.pcm

SwiftExplicitDependencyGeneratePcm arm64 /Users/simeonbrandt/SpektoWatch2/.derivedData-watch4/ModuleCache.noindex/_Builtin_stdarg-40QT87XC9Q1HP9UIA8XPX998Y.pcm

SwiftExplicitDependencyGeneratePcm arm64 /Users/simeonbrandt/SpektoWatch2/.derivedData-watch4/ModuleCache.noindex/DeveloperToolsSupport-7TBUTYO11LSG2F515LML5W8TR.pcm

SwiftExplicitDependencyGeneratePcm arm64 /Users/simeonbrandt/SpektoWatch2/.derivedData-watch4/ModuleCache.noindex/_SwiftConcurrencyShims-D4FL8MBMBOWNTCN44KUAISR6.pcm

SwiftExplicitDependencyGeneratePcm arm64 /Users/simeonbrandt/SpektoWatch2/.derivedData-watch4/ModuleCache.noindex/ptrcheck-8TBIUVPUS9S88NQL5V3TSNL5A.pcm

SwiftExplicitDependencyGeneratePcm arm64 /Users/simeonbrandt/SpektoWatch2/.derivedData-watch4/ModuleCache.noindex/SwiftShims-1CG7HL1P4XCBB9SYU9HPICS9L.pcm

SwiftExplicitDependencyGeneratePcm arm64 /Users/simeonbrandt/SpektoWatch2/.derivedData-watch4/ModuleCache.noindex/_Builtin_float-BOZAC9Z2HWLS7EUBM3C2KNV4S.pcm

SwiftExplicitDependencyGeneratePcm arm64 /Users/simeonbrandt/SpektoWatch2/.derivedData-watch4/ModuleCache.noindex/_AvailabilityInternal-7JZA2P29QH0PUGXZ3WY981S3S.pcm

SwiftExplicitDependencyGeneratePcm arm64 /Users/simeonbrandt/SpektoWatch2/.derivedData-watch4/ModuleCache.noindex/_Builtin_stdbool-8AARFSUO7U6N4UMDIJFYOSTTI.pcm

SwiftExplicitDependencyGeneratePcm arm64 /Users/simeonbrandt/SpektoWatch2/.derivedData-watch4/ModuleCache.noindex/_Builtin_stddef-3SYJ2IQM9AH18FM9DX8TP0CFG.pcm

SwiftExplicitDependencyGeneratePcm arm64 /Users/simeonbrandt/SpektoWatch2/.derivedData-watch4/ModuleCache.noindex/ActivityKit-E8340I3C9LO6QSTG1UHYX5OWN.pcm

SwiftExplicitDependencyGeneratePcm arm64 /Users/simeonbrandt/SpektoWatch2/.derivedData-watch4/ModuleCache.noindex/_DarwinFoundation1-18FQHOTLCIF0QPGDW5HBMTEWJ.pcm

SwiftExplicitDependencyGeneratePcm arm64 /Users/simeonbrandt/SpektoWatch2/.derivedData-watch4/ModuleCache.noindex/ExtensionFoundation-F4BYPMTZUFXN7JOBT09Q84Q19.pcm

SwiftExplicitDependencyGeneratePcm arm64 /Users/simeonbrandt/SpektoWatch2/.derivedData-watch4/ModuleCache.noindex/_Builtin_limits-BCNQYSLWTUKVU0YHPEBSS4JT9.pcm

SwiftExplicitDependencyGeneratePcm arm64 /Users/simeonbrandt/SpektoWatch2/.derivedData-watch4/ModuleCache.noindex/_DarwinFoundation2-DNWZUNP67ECV24TIHIOJ2BZSC.pcm

SwiftExplicitDependencyGeneratePcm arm64 /Users/simeonbrandt/SpektoWatch2/.derivedData-watch4/ModuleCache.noindex/_Builtin_stdint-2NUYIYH67REDWPO502JPBPMHZ.pcm

SwiftExplicitDependencyGeneratePcm arm64 /Users/simeonbrandt/SpektoWatch2/.derivedData-watch4/ModuleCache.noindex/_Builtin_tgmath-CLE5ZKFYGR9G4BCDWC5TSP1N7.pcm

SwiftExplicitDependencyGeneratePcm arm64 /Users/simeonbrandt/SpektoWatch2/.derivedData-watch4/ModuleCache.noindex/sys_types-52ZXL3FJQZELDSM5D4O2O9G8E.pcm

SwiftExplicitDependencyGeneratePcm arm64 /Users/simeonbrandt/SpektoWatch2/.derivedData-watch4/ModuleCache.noindex/_Builtin_intrinsics-38LMNM3HJ4TQQXBL5DJIE1HL9.pcm

SwiftExplicitDependencyGeneratePcm arm64 /Users/simeonbrandt/SpektoWatch2/.derivedData-watch4/ModuleCache.noindex/_DarwinFoundation3-60I01Q38WGRLFYMOKF9KUECA.pcm

SwiftExplicitDependencyGeneratePcm arm64 /Users/simeonbrandt/SpektoWatch2/.derivedData-watch4/ModuleCache.noindex/_Builtin_stdatomic-AIEFOZGZ1XK8JG32UL4MULD6N.pcm

SwiftExplicitDependencyGeneratePcm arm64 /Users/simeonbrandt/SpektoWatch2/.derivedData-watch4/ModuleCache.noindex/_Builtin_inttypes-5EB4O7IVM9KJEBON1N8N84U4Y.pcm

SwiftExplicitDependencyGeneratePcm arm64 /Users/simeonbrandt/SpektoWatch2/.derivedData-watch4/ModuleCache.noindex/Darwin-E150X4NHCT0C5JQ7QVUUHLDM.pcm

SwiftExplicitDependencyGeneratePcm arm64 /Users/simeonbrandt/SpektoWatch2/.derivedData-watch4/ModuleCache.noindex/simd-C5BJU0SLN1ZHQP6PHLB7LNQCI.pcm

SwiftExplicitDependencyGeneratePcm arm64 /Users/simeonbrandt/SpektoWatch2/.derivedData-watch4/ModuleCache.noindex/ObjectiveC-86DJPJ77HLGDM5EUOYU6LY4GH.pcm

SwiftExplicitDependencyGeneratePcm arm64 /Users/simeonbrandt/SpektoWatch2/.derivedData-watch4/ModuleCache.noindex/MachO-DH99E5GNINO1ST4KYT7VXOBTN.pcm

SwiftExplicitDependencyGeneratePcm arm64 /Users/simeonbrandt/SpektoWatch2/.derivedData-watch4/ModuleCache.noindex/os_object-E2HQ4NTVSQN3IPMSX7SWEZ42N.pcm

SwiftExplicitDependencyGeneratePcm arm64 /Users/simeonbrandt/SpektoWatch2/.derivedData-watch4/ModuleCache.noindex/os_workgroup-C206U5F8IEMX0W0SU3MSX4T3T.pcm

SwiftExplicitDependencyGeneratePcm arm64 /Users/simeonbrandt/SpektoWatch2/.derivedData-watch4/ModuleCache.noindex/Dispatch-5FK19A4WCZBI7LA1LT61UZBQR.pcm

SwiftExplicitDependencyGeneratePcm arm64 /Users/simeonbrandt/SpektoWatch2/.derivedData-watch4/ModuleCache.noindex/XPC-5WN5UR5SSA9WFWVEDIGEUGFL7.pcm

SwiftExplicitDependencyGeneratePcm arm64 /Users/simeonbrandt/SpektoWatch2/.derivedData-watch4/ModuleCache.noindex/dnssd-B598OQEDV464ROYBJ3G9K45S0.pcm

SwiftExplicitDependencyGeneratePcm arm64 /Users/simeonbrandt/SpektoWatch2/.derivedData-watch4/ModuleCache.noindex/CoreFoundation-CPZKGXQ0SIPNNUBFQQO66BKTO.pcm

SwiftExplicitDependencyGeneratePcm arm64 /Users/simeonbrandt/SpektoWatch2/.derivedData-watch4/ModuleCache.noindex/os-9M2NYZYFNPRVBPWJPK1EJJWSI.pcm

SwiftExplicitDependencyGeneratePcm arm64 /Users/simeonbrandt/SpektoWatch2/.derivedData-watch4/ModuleCache.noindex/CFNetwork-76S8MLDAA44O94P18M9ZOPPN2.pcm

SwiftExplicitDependencyGeneratePcm arm64 /Users/simeonbrandt/SpektoWatch2/.derivedData-watch4/ModuleCache.noindex/CoreGraphics-BYNLMWS71LV07DGILNB1EO4HJ.pcm

SwiftExplicitDependencyGeneratePcm arm64 /Users/simeonbrandt/SpektoWatch2/.derivedData-watch4/ModuleCache.noindex/CoreAudioTypes-CF4UOAMV2V0S4TKKAKVF83HR5.pcm

SwiftExplicitDependencyGeneratePcm arm64 /Users/simeonbrandt/SpektoWatch2/.derivedData-watch4/ModuleCache.noindex/Security-9CQHK2PYA8BBTDL50NTSEC8ZC.pcm

SwiftExplicitDependencyGeneratePcm arm64 /Users/simeonbrandt/SpektoWatch2/.derivedData-watch4/ModuleCache.noindex/CoreText-2LKY4WGX7WZ4UOH1FMAG6EEH2.pcm

SwiftExplicitDependencyGeneratePcm arm64 /Users/simeonbrandt/SpektoWatch2/.derivedData-watch4/ModuleCache.noindex/ImageIO-6X968XLC3LYEVVSSYEDH27O2O.pcm

SwiftExplicitDependencyGeneratePcm arm64 /Users/simeonbrandt/SpektoWatch2/.derivedData-watch4/ModuleCache.noindex/CoreAudio-16GDI5VWEH4OFLZGQSUGPL6DB.pcm

SwiftExplicitDependencyGeneratePcm arm64 /Users/simeonbrandt/SpektoWatch2/.derivedData-watch4/ModuleCache.noindex/Foundation-7B6QF14TVEG7PINNMNT7C7ZDS.pcm

SwiftExplicitDependencyGeneratePcm arm64 /Users/simeonbrandt/SpektoWatch2/.derivedData-watch4/ModuleCache.noindex/Spatial-3ZBDMEJWIZSPYC371K8JTBCM9.pcm

SwiftExplicitDependencyGeneratePcm arm64 /Users/simeonbrandt/SpektoWatch2/.derivedData-watch4/ModuleCache.noindex/CoreMIDI-3695HHSUOGCWJX1FPU0E8D43.pcm

SwiftExplicitDependencyGeneratePcm arm64 /Users/simeonbrandt/SpektoWatch2/.derivedData-watch4/ModuleCache.noindex/_LocationEssentials-9YSD6LI7J6EQ4T5J41I51Z45G.pcm

SwiftExplicitDependencyGeneratePcm arm64 /Users/simeonbrandt/SpektoWatch2/.derivedData-watch4/ModuleCache.noindex/FileProvider-EMJD4GBEQNPEOA7NEQVWHXN1G.pcm

SwiftExplicitDependencyGeneratePcm arm64 /Users/simeonbrandt/SpektoWatch2/.derivedData-watch4/ModuleCache.noindex/Symbols-1ZPE42WQH8ZBF7MKSK8VV4MAY.pcm

SwiftExplicitDependencyGeneratePcm arm64 /Users/simeonbrandt/SpektoWatch2/.derivedData-watch4/ModuleCache.noindex/CoreTransferable-9DOXQG764M6N1QTN2992FMJS.pcm

SwiftExplicitDependencyGeneratePcm arm64 /Users/simeonbrandt/SpektoWatch2/.derivedData-watch4/ModuleCache.noindex/CoreData-1GKGJJOF1F82NPM6MM3ABVLQI.pcm

SwiftExplicitDependencyGeneratePcm arm64 /Users/simeonbrandt/SpektoWatch2/.derivedData-watch4/ModuleCache.noindex/UIUtilities-F2CQ3S30YQABSN3PNI22OES7O.pcm

SwiftExplicitDependencyGeneratePcm arm64 /Users/simeonbrandt/SpektoWatch2/.derivedData-watch4/ModuleCache.noindex/IOSurface-74OG3DL65KTM8EPZM6S04F3BH.pcm

SwiftExplicitDependencyGeneratePcm arm64 /Users/simeonbrandt/SpektoWatch2/.derivedData-watch4/ModuleCache.noindex/CoreLocation-7H8BYDJVFK56J4ERUVXLOPAGJ.pcm

SwiftExplicitDependencyGeneratePcm arm64 /Users/simeonbrandt/SpektoWatch2/.derivedData-watch4/ModuleCache.noindex/Network-2YOE7KQ1GWRC82ADTNIMQDYHR.pcm

SwiftExplicitDependencyGeneratePcm arm64 /Users/simeonbrandt/SpektoWatch2/.derivedData-watch4/ModuleCache.noindex/DataDetection-EJONFD5GMMNZ8PEKJEHE5F4JF.pcm

SwiftExplicitDependencyGeneratePcm arm64 /Users/simeonbrandt/SpektoWatch2/.derivedData-watch4/ModuleCache.noindex/AudioToolbox-6YPUIKAQCD768JJ544CU395DK.pcm

SwiftExplicitDependencyGeneratePcm arm64 /Users/simeonbrandt/SpektoWatch2/.derivedData-watch4/ModuleCache.noindex/Metal-4VCOIL7P55HIOPBLSRIF83JCZ.pcm

SwiftExplicitDependencyGeneratePcm arm64 /Users/simeonbrandt/SpektoWatch2/.derivedData-watch4/ModuleCache.noindex/UserNotifications-1PDXMH4Z5SQD497YJX8TK6C7C.pcm

SwiftExplicitDependencyGeneratePcm arm64 /Users/simeonbrandt/SpektoWatch2/.derivedData-watch4/ModuleCache.noindex/OpenGLES-BEAP588RJG5TGPQCTJF87Z82V.pcm

SwiftExplicitDependencyGeneratePcm arm64 /Users/simeonbrandt/SpektoWatch2/.derivedData-watch4/ModuleCache.noindex/UniformTypeIdentifiers-2POHI8T4OEY3G830R3HKE0H6O.pcm

SwiftExplicitDependencyGeneratePcm arm64 /Users/simeonbrandt/SpektoWatch2/.derivedData-watch4/ModuleCache.noindex/Accessibility-1QABEG2U2M0TG4SQ8PF5Z1Y80.pcm

SwiftExplicitDependencyGeneratePcm arm64 /Users/simeonbrandt/SpektoWatch2/.derivedData-watch4/ModuleCache.noindex/CoreMotion-2TDBM5ACJ1KP78HQQTTV1S0ZB.pcm

SwiftExplicitDependencyGeneratePcm arm64 /Users/simeonbrandt/SpektoWatch2/.derivedData-watch4/ModuleCache.noindex/AVRouting-12HPAYUP2RKAVT9I840J9FQ7L.pcm

SwiftExplicitDependencyGeneratePcm arm64 /Users/simeonbrandt/SpektoWatch2/.derivedData-watch4/ModuleCache.noindex/WatchConnectivity-E4PFVYDUDFZDK9WZINY1P9X3D.pcm

SwiftExplicitDependencyGeneratePcm arm64 /Users/simeonbrandt/SpektoWatch2/.derivedData-watch4/ModuleCache.noindex/OSLog-AX2Y9HTB89C0TU8QDGO9OSJ69.pcm

SwiftExplicitDependencyGeneratePcm arm64 /Users/simeonbrandt/SpektoWatch2/.derivedData-watch4/ModuleCache.noindex/ModelIO-4LQNRMXC4Q91AOUWJIYOF9058.pcm

SwiftExplicitDependencyGeneratePcm arm64 /Users/simeonbrandt/SpektoWatch2/.derivedData-watch4/ModuleCache.noindex/CoreVideo-9VQ8QD28EVCFMS9HV1YW28UIV.pcm

LinkAssetCatalog /Users/simeonbrandt/SpektoWatch2/SpektoWatch2/Assets.xcassets (in target 'SpektoWatch2' from project 'SpektoWatch2')
    cd /Users/simeonbrandt/SpektoWatch2
    builtin-linkAssetCatalog --thinned /Users/simeonbrandt/SpektoWatch2/.derivedData-watch4/Build/Intermediates.noindex/SpektoWatch2.build/Debug-iphoneos/SpektoWatch2.build/assetcatalog_output/thinned --thinned-dependencies /Users/simeonbrandt/SpektoWatch2/.derivedData-watch4/Build/Intermediates.noindex/SpektoWatch2.build/Debug-iphoneos/SpektoWatch2.build/assetcatalog_dependencies_thinned --thinned-info-plist-content /Users/simeonbrandt/SpektoWatch2/.derivedData-watch4/Build/Intermediates.noindex/SpektoWatch2.build/Debug-iphoneos/SpektoWatch2.build/assetcatalog_generated_info.plist_thinned --unthinned /Users/simeonbrandt/SpektoWatch2/.derivedData-watch4/Build/Intermediates.noindex/SpektoWatch2.build/Debug-iphoneos/SpektoWatch2.build/assetcatalog_output/unthinned --unthinned-dependencies /Users/simeonbrandt/SpektoWatch2/.derivedData-watch4/Build/Intermediates.noindex/SpektoWatch2.build/Debug-iphoneos/SpektoWatch2.build/assetcatalog_dependencies_unthinned --unthinned-info-plist-content /Users/simeonbrandt/SpektoWatch2/.derivedData-watch4/Build/Intermediates.noindex/SpektoWatch2.build/Debug-iphoneos/SpektoWatch2.build/assetcatalog_generated_info.plist_unthinned --output /Users/simeonbrandt/SpektoWatch2/.derivedData-watch4/Build/Products/Debug-iphoneos/SpektoWatch2.app --plist-output /Users/simeonbrandt/SpektoWatch2/.derivedData-watch4/Build/Intermediates.noindex/SpektoWatch2.build/Debug-iphoneos/SpektoWatch2.build/assetcatalog_generated_info.plist
note: Emplaced /Users/simeonbrandt/SpektoWatch2/.derivedData-watch4/Build/Products/Debug-iphoneos/SpektoWatch2.app/Assets.car (in target 'SpektoWatch2' from project 'SpektoWatch2')

SwiftExplicitDependencyGeneratePcm arm64 /Users/simeonbrandt/SpektoWatch2/.derivedData-watch4/ModuleCache.noindex/CoreImage-CQ3115RS0XZXX5GQRHU09GMDV.pcm

SwiftExplicitDependencyGeneratePcm arm64 /Users/simeonbrandt/SpektoWatch2/.derivedData-watch4/ModuleCache.noindex/Accelerate-D8YCR9WDBAR6J7DOJOALQJXC5.pcm

SwiftExplicitDependencyGeneratePcm arm64 /Users/simeonbrandt/SpektoWatch2/.derivedData-watch4/ModuleCache.noindex/QuartzCore-3U3V7WOO40GJ6EO98CFGN48XH.pcm

SwiftExplicitDependencyGeneratePcm arm64 /Users/simeonbrandt/SpektoWatch2/.derivedData-watch4/ModuleCache.noindex/CoreMedia-2DPEH7GCMRGAUSB4AUYXOH869.pcm

SwiftExplicitDependencyGeneratePcm arm64 /Users/simeonbrandt/SpektoWatch2/.derivedData-watch4/ModuleCache.noindex/SwiftUICore-1AN18XIP9LG3BBIH9HBN4ZO0G.pcm

SwiftExplicitDependencyGeneratePcm arm64 /Users/simeonbrandt/SpektoWatch2/.derivedData-watch4/ModuleCache.noindex/UIKit-D3P0DB8ILSXQI1FPA8YGLW1TJ.pcm

SwiftExplicitDependencyGeneratePcm arm64 /Users/simeonbrandt/SpektoWatch2/.derivedData-watch4/ModuleCache.noindex/MediaToolbox-8244YJTXW3NYL806VV2ZNSU7S.pcm

SwiftExplicitDependencyGeneratePcm arm64 /Users/simeonbrandt/SpektoWatch2/.derivedData-watch4/ModuleCache.noindex/AVFAudio-BCO2A98QS40JGVQN6Y4Z7YTH1.pcm

SwiftDriverJobDiscovery normal arm64 Compiling WatchPegelmeterWidget.swift, WatchRecordButton.swift, WatchRecordingSession.swift, WatchRecordingStore.swift, WatchRecordingsView.swift, WatchSpectrogramTabView.swift, WatchSpectrogramView.swift (in target 'SpektoWatch Watch App' from project 'SpektoWatch2')

SwiftDriver\ Compilation SpektoWatch\ Watch\ App normal arm64 com.apple.xcode.tools.swift.compiler (in target 'SpektoWatch Watch App' from project 'SpektoWatch2')
    cd /Users/simeonbrandt/SpektoWatch2
    builtin-Swift-Compilation -- /Applications/Xcode.app/Contents/Developer/Toolchains/XcodeDefault.xctoolchain/usr/bin/swiftc -module-name SpektoWatch_Watch_App -O @/Users/simeonbrandt/SpektoWatch2/.derivedData-watch4/Build/Intermediates.noindex/SpektoWatch2.build/Debug-watchos/SpektoWatch\ Watch\ App.build/Objects-normal/arm64/SpektoWatch\ Watch\ App.SwiftFileList -DDEBUG -enable-bare-slash-regex -enable-upcoming-feature DisableOutwardActorInference -enable-upcoming-feature InferSendableFromCaptures -enable-upcoming-feature GlobalActorIsolatedTypesUsability -enable-upcoming-feature MemberImportVisibility -enable-upcoming-feature InferIsolatedConformances -enable-upcoming-feature NonisolatedNonsendingByDefault -enable-experimental-feature DebugDescriptionMacro -sdk /Applications/Xcode.app/Contents/Developer/Platforms/WatchOS.platform/Developer/SDKs/WatchOS26.5.sdk -target arm64-apple-watchos11.0 -g -module-cache-path /Users/simeonbrandt/SpektoWatch2/.derivedData-watch4/ModuleCache.noindex -Xfrontend -serialize-debugging-options -profile-coverage-mapping -profile-generate -enable-testing -swift-version 5 -I /Users/simeonbrandt/SpektoWatch2/.derivedData-watch4/Build/Products/Debug-watchos -F /Users/simeonbrandt/SpektoWatch2/.derivedData-watch4/Build/Products/Debug-watchos -emit-localized-strings -emit-localized-strings-path /Users/simeonbrandt/SpektoWatch2/.derivedData-watch4/Build/Intermediates.noindex/SpektoWatch2.build/Debug-watchos/SpektoWatch\ Watch\ App.build/Objects-normal/arm64 -c -j8 -enable-batch-mode -incremental -Xcc -ivfsstatcache -Xcc /Users/simeonbrandt/SpektoWatch2/.derivedData-watch4/SDKStatCaches.noindex/watchos26.5-23T570-688ef53f1462e2c8f657fdc38a81448f6c525d28bb7368d9e3b927c5b9753508.sdkstatcache -output-file-map /Users/simeonbrandt/SpektoWatch2/.derivedData-watch4/Build/Intermediates.noindex/SpektoWatch2.build/Debug-watchos/SpektoWatch\ Watch\ App.build/Objects-normal/arm64/SpektoWatch\ Watch\ App-OutputFileMap.json -use-frontend-parseable-output -save-temps -no-color-diagnostics -explicit-module-build -module-cache-path /Users/simeonbrandt/SpektoWatch2/.derivedData-watch4/Build/Intermediates.noindex/SwiftExplicitPrecompiledModules -clang-scanner-module-cache-path /Users/simeonbrandt/SpektoWatch2/.derivedData-watch4/ModuleCache.noindex -sdk-module-cache-path /Users/simeonbrandt/SpektoWatch2/.derivedData-watch4/ModuleCache.noindex -serialize-diagnostics -emit-dependencies -emit-module -emit-module-path /Users/simeonbrandt/SpektoWatch2/.derivedData-watch4/Build/Intermediates.noindex/SpektoWatch2.build/Debug-watchos/SpektoWatch\ Watch\ App.build/Objects-normal/arm64/SpektoWatch_Watch_App.swiftmodule -validate-clang-modules-once -clang-build-session-file /Users/simeonbrandt/SpektoWatch2/.derivedData-watch4/ModuleCache.noindex/Session.modulevalidation -Xcc -I/Users/simeonbrandt/SpektoWatch2/.derivedData-watch4/Build/Intermediates.noindex/SpektoWatch2.build/Debug-watchos/SpektoWatch\ Watch\ App.build/swift-overrides.hmap -emit-const-values -Xfrontend -const-gather-protocols-file -Xfrontend /Users/simeonbrandt/SpektoWatch2/.derivedData-watch4/Build/Intermediates.noindex/SpektoWatch2.build/Debug-watchos/SpektoWatch\ Watch\ App.build/Objects-normal/arm64/SpektoWatch\ Watch\ App_const_extract_protocols.json -Xcc -iquote -Xcc /Users/simeonbrandt/SpektoWatch2/.derivedData-watch4/Build/Intermediates.noindex/SpektoWatch2.build/Debug-watchos/SpektoWatch\ Watch\ App.build/SpektoWatch\ Watch\ App-generated-files.hmap -Xcc -I/Users/simeonbrandt/SpektoWatch2/.derivedData-watch4/Build/Intermediates.noindex/SpektoWatch2.build/Debug-watchos/SpektoWatch\ Watch\ App.build/SpektoWatch\ Watch\ App-own-target-headers.hmap -Xcc -I/Users/simeonbrandt/SpektoWatch2/.derivedData-watch4/Build/Intermediates.noindex/SpektoWatch2.build/Debug-watchos/SpektoWatch\ Watch\ App.build/SpektoWatch\ Watch\ App-all-target-headers.hmap -Xcc -iquote -Xcc /Users/simeonbrandt/SpektoWatch2/.derivedData-watch4/Build/Intermediates.noindex/SpektoWatch2.build/Debug-watchos/SpektoWatch\ Watch\ App.build/SpektoWatch\ Watch\ App-project-headers.hmap -Xcc -I/Users/simeonbrandt/SpektoWatch2/.derivedData-watch4/Build/Products/Debug-watchos/include -Xcc -I/Users/simeonbrandt/SpektoWatch2/.derivedData-watch4/Build/Intermediates.noindex/SpektoWatch2.build/Debug-watchos/SpektoWatch\ Watch\ App.build/DerivedSources-normal/arm64 -Xcc -I/Users/simeonbrandt/SpektoWatch2/.derivedData-watch4/Build/Intermediates.noindex/SpektoWatch2.build/Debug-watchos/SpektoWatch\ Watch\ App.build/DerivedSources/arm64 -Xcc -I/Users/simeonbrandt/SpektoWatch2/.derivedData-watch4/Build/Intermediates.noindex/SpektoWatch2.build/Debug-watchos/SpektoWatch\ Watch\ App.build/DerivedSources -Xcc -DDEBUG\=1 -emit-objc-header -emit-objc-header-path /Users/simeonbrandt/SpektoWatch2/.derivedData-watch4/Build/Intermediates.noindex/SpektoWatch2.build/Debug-watchos/SpektoWatch\ Watch\ App.build/Objects-normal/arm64/SpektoWatch_Watch_App-Swift.h -working-directory /Users/simeonbrandt/SpektoWatch2 -experimental-emit-module-separately -disable-cmo

Ld /Users/simeonbrandt/SpektoWatch2/.derivedData-watch4/Build/Intermediates.noindex/SpektoWatch2.build/Debug-watchos/SpektoWatch\ Watch\ App.build/Objects-normal/arm64/Binary/SpektoWatch\ Watch\ App normal arm64 (in target 'SpektoWatch Watch App' from project 'SpektoWatch2')
    cd /Users/simeonbrandt/SpektoWatch2
    /Applications/Xcode.app/Contents/Developer/Toolchains/XcodeDefault.xctoolchain/usr/bin/clang -Xlinker -reproducible -target arm64-apple-watchos11.0 -isysroot /Applications/Xcode.app/Contents/Developer/Platforms/WatchOS.platform/Developer/SDKs/WatchOS26.5.sdk -O1 -L/Users/simeonbrandt/SpektoWatch2/.derivedData-watch4/Build/Intermediates.noindex/EagerLinkingTBDs/Debug-watchos -L/Users/simeonbrandt/SpektoWatch2/.derivedData-watch4/Build/Products/Debug-watchos -F/Users/simeonbrandt/SpektoWatch2/.derivedData-watch4/Build/Intermediates.noindex/EagerLinkingTBDs/Debug-watchos -F/Users/simeonbrandt/SpektoWatch2/.derivedData-watch4/Build/Products/Debug-watchos -filelist /Users/simeonbrandt/SpektoWatch2/.derivedData-watch4/Build/Intermediates.noindex/SpektoWatch2.build/Debug-watchos/SpektoWatch\ Watch\ App.build/Objects-normal/arm64/SpektoWatch\ Watch\ App.LinkFileList -Xlinker -rpath -Xlinker /usr/lib/swift -Xlinker -rpath -Xlinker @executable_path/Frameworks -Xlinker -dead_strip -Xlinker -object_path_lto -Xlinker /Users/simeonbrandt/SpektoWatch2/.derivedData-watch4/Build/Intermediates.noindex/SpektoWatch2.build/Debug-watchos/SpektoWatch\ Watch\ App.build/Objects-normal/arm64/SpektoWatch\ Watch\ App_lto.o -rdynamic -Xlinker -debug_variant -Xlinker -dependency_info -Xlinker /Users/simeonbrandt/SpektoWatch2/.derivedData-watch4/Build/Intermediates.noindex/SpektoWatch2.build/Debug-watchos/SpektoWatch\ Watch\ App.build/Objects-normal/arm64/SpektoWatch\ Watch\ App_dependency_info.dat -fobjc-link-runtime -fprofile-instr-generate -L/Applications/Xcode.app/Contents/Developer/Toolchains/XcodeDefault.xctoolchain/usr/lib/swift/watchos -L/usr/lib/swift -Xlinker -add_ast_path -Xlinker /Users/simeonbrandt/SpektoWatch2/.derivedData-watch4/Build/Intermediates.noindex/SpektoWatch2.build/Debug-watchos/SpektoWatch\ Watch\ App.build/Objects-normal/arm64/SpektoWatch_Watch_App.swiftmodule @/Users/simeonbrandt/SpektoWatch2/.derivedData-watch4/Build/Intermediates.noindex/SpektoWatch2.build/Debug-watchos/SpektoWatch\ Watch\ App.build/Objects-normal/arm64/SpektoWatch_Watch_App-linker-args.resp -Xlinker -no_adhoc_codesign -o /Users/simeonbrandt/SpektoWatch2/.derivedData-watch4/Build/Intermediates.noindex/SpektoWatch2.build/Debug-watchos/SpektoWatch\ Watch\ App.build/Objects-normal/arm64/Binary/SpektoWatch\ Watch\ App

SwiftExplicitDependencyGeneratePcm arm64 /Users/simeonbrandt/SpektoWatch2/.derivedData-watch4/ModuleCache.noindex/AVFoundation-89USF23OS4ZMCRYDIUQNC6JMR.pcm

SwiftExplicitDependencyGeneratePcm arm64 /Users/simeonbrandt/SpektoWatch2/.derivedData-watch4/ModuleCache.noindex/Photos-C2PN7CSBYUOHXXPTW2H6AJPSO.pcm

CreateUniversalBinary /Users/simeonbrandt/SpektoWatch2/.derivedData-watch4/Build/Products/Debug-watchos/SpektoWatch\ Watch\ App.app/SpektoWatch\ Watch\ App normal arm64\ arm64_32 (in target 'SpektoWatch Watch App' from project 'SpektoWatch2')
    cd /Users/simeonbrandt/SpektoWatch2
    /Applications/Xcode.app/Contents/Developer/Toolchains/XcodeDefault.xctoolchain/usr/bin/lipo -create /Users/simeonbrandt/SpektoWatch2/.derivedData-watch4/Build/Intermediates.noindex/SpektoWatch2.build/Debug-watchos/SpektoWatch\ Watch\ App.build/Objects-normal/arm64/Binary/SpektoWatch\ Watch\ App /Users/simeonbrandt/SpektoWatch2/.derivedData-watch4/Build/Intermediates.noindex/SpektoWatch2.build/Debug-watchos/SpektoWatch\ Watch\ App.build/Objects-normal/arm64_32/Binary/SpektoWatch\ Watch\ App -output /Users/simeonbrandt/SpektoWatch2/.derivedData-watch4/Build/Products/Debug-watchos/SpektoWatch\ Watch\ App.app/SpektoWatch\ Watch\ App

Copy /Users/simeonbrandt/SpektoWatch2/.derivedData-watch4/Build/Products/Debug-watchos/SpektoWatch\ Watch\ App.app/PlugIns/SpektoWatch\ Complications.appex /Users/simeonbrandt/SpektoWatch2/.derivedData-watch4/Build/Products/Debug-watchos/SpektoWatch\ Complications.appex (in target 'SpektoWatch Watch App' from project 'SpektoWatch2')
    cd /Users/simeonbrandt/SpektoWatch2
    builtin-copy -exclude .DS_Store -exclude CVS -exclude .svn -exclude .git -exclude .hg -exclude Headers -exclude PrivateHeaders -exclude Modules -exclude \*.tbd -resolve-src-symlinks -remove-static-executable /Users/simeonbrandt/SpektoWatch2/.derivedData-watch4/Build/Products/Debug-watchos/SpektoWatch\ Complications.appex /Users/simeonbrandt/SpektoWatch2/.derivedData-watch4/Build/Products/Debug-watchos/SpektoWatch\ Watch\ App.app/PlugIns

ProcessInfoPlistFile /Users/simeonbrandt/SpektoWatch2/.derivedData-watch4/Build/Products/Debug-watchos/SpektoWatch\ Watch\ App.app/Info.plist /Users/simeonbrandt/SpektoWatch2/SpektoWatch-Watch-App-Info.plist (in target 'SpektoWatch Watch App' from project 'SpektoWatch2')
    cd /Users/simeonbrandt/SpektoWatch2
    builtin-infoPlistUtility /Users/simeonbrandt/SpektoWatch2/SpektoWatch-Watch-App-Info.plist -producttype com.apple.product-type.application -genpkginfo /Users/simeonbrandt/SpektoWatch2/.derivedData-watch4/Build/Products/Debug-watchos/SpektoWatch\ Watch\ App.app/PkgInfo -expandbuildsettings -format binary -platform watchos -additionalcontentfile /Users/simeonbrandt/SpektoWatch2/.derivedData-watch4/Build/Intermediates.noindex/SpektoWatch2.build/Debug-watchos/SpektoWatch\ Watch\ App.build/assetcatalog_generated_info.plist -scanforprivacyfile /Users/simeonbrandt/SpektoWatch2/.derivedData-watch4/Build/Products/Debug-watchos/SpektoWatch\ Watch\ App.app/PlugIns/SpektoWatch\ Complications.appex -o /Users/simeonbrandt/SpektoWatch2/.derivedData-watch4/Build/Products/Debug-watchos/SpektoWatch\ Watch\ App.app/Info.plist

ExtractAppIntentsMetadata (in target 'SpektoWatch Watch App' from project 'SpektoWatch2')
    cd /Users/simeonbrandt/SpektoWatch2
    /Applications/Xcode.app/Contents/Developer/Toolchains/XcodeDefault.xctoolchain/usr/bin/appintentsmetadataprocessor --toolchain-dir /var/run/com.apple.security.cryptexd/mnt/com.apple.MobileAsset.MetalToolchain-v17.6.42.0.h7YNAA/Metal.xctoolchain --module-name SpektoWatch_Watch_App --sdk-root /Applications/Xcode.app/Contents/Developer/Platforms/WatchOS.platform/Developer/SDKs/WatchOS26.5.sdk --xcode-version 17F42 --platform-family watchOS --deployment-target 11.0 --bundle-identifier BrandtAcoustics.SpektoWatch2.watchkitapp --output /Users/simeonbrandt/SpektoWatch2/.derivedData-watch4/Build/Products/Debug-watchos/SpektoWatch\ Watch\ App.app --target-triple arm64-apple-watchos11.0 --target-triple arm64_32-apple-watchos11.0 --binary-file /Users/simeonbrandt/SpektoWatch2/.derivedData-watch4/Build/Products/Debug-watchos/SpektoWatch\ Watch\ App.app/SpektoWatch\ Watch\ App --dependency-file /Users/simeonbrandt/SpektoWatch2/.derivedData-watch4/Build/Intermediates.noindex/SpektoWatch2.build/Debug-watchos/SpektoWatch\ Watch\ App.build/Objects-normal/arm64/SpektoWatch\ Watch\ App_dependency_info.dat --dependency-file /Users/simeonbrandt/SpektoWatch2/.derivedData-watch4/Build/Intermediates.noindex/SpektoWatch2.build/Debug-watchos/SpektoWatch\ Watch\ App.build/Objects-normal/arm64_32/SpektoWatch\ Watch\ App_dependency_info.dat --stringsdata-file /Users/simeonbrandt/SpektoWatch2/.derivedData-watch4/Build/Intermediates.noindex/SpektoWatch2.build/Debug-watchos/SpektoWatch\ Watch\ App.build/Objects-normal/arm64/ExtractedAppShortcutsMetadata.stringsdata --stringsdata-file /Users/simeonbrandt/SpektoWatch2/.derivedData-watch4/Build/Intermediates.noindex/SpektoWatch2.build/Debug-watchos/SpektoWatch\ Watch\ App.build/Objects-normal/arm64_32/ExtractedAppShortcutsMetadata.stringsdata --source-file-list /Users/simeonbrandt/SpektoWatch2/.derivedData-watch4/Build/Intermediates.noindex/SpektoWatch2.build/Debug-watchos/SpektoWatch\ Watch\ App.build/Objects-normal/arm64/SpektoWatch\ Watch\ App.SwiftFileList --source-file-list /Users/simeonbrandt/SpektoWatch2/.derivedData-watch4/Build/Intermediates.noindex/SpektoWatch2.build/Debug-watchos/SpektoWatch\ Watch\ App.build/Objects-normal/arm64_32/SpektoWatch\ Watch\ App.SwiftFileList --metadata-file-list /Users/simeonbrandt/SpektoWatch2/.derivedData-watch4/Build/Intermediates.noindex/SpektoWatch2.build/Debug-watchos/SpektoWatch\ Watch\ App.build/SpektoWatch\ Watch\ App.DependencyMetadataFileList --static-metadata-file-list /Users/simeonbrandt/SpektoWatch2/.derivedData-watch4/Build/Intermediates.noindex/SpektoWatch2.build/Debug-watchos/SpektoWatch\ Watch\ App.build/SpektoWatch\ Watch\ App.DependencyStaticMetadataFileList --swift-const-vals-list /Users/simeonbrandt/SpektoWatch2/.derivedData-watch4/Build/Intermediates.noindex/SpektoWatch2.build/Debug-watchos/SpektoWatch\ Watch\ App.build/Objects-normal/arm64/SpektoWatch\ Watch\ App.SwiftConstValuesFileList --swift-const-vals-list /Users/simeonbrandt/SpektoWatch2/.derivedData-watch4/Build/Intermediates.noindex/SpektoWatch2.build/Debug-watchos/SpektoWatch\ Watch\ App.build/Objects-normal/arm64_32/SpektoWatch\ Watch\ App.SwiftConstValuesFileList --compile-time-extraction --deployment-aware-processing --validate-assistant-intents --no-app-shortcuts-localization
2026-06-04 22:10:26.359 appintentsmetadataprocessor[38174:1884040] Starting appintentsmetadataprocessor export
2026-06-04 22:10:27.089 appintentsmetadataprocessor[38174:1884040] Extracted no relevant App Intents symbols, skipping writing output

CopySwiftLibs /Users/simeonbrandt/SpektoWatch2/.derivedData-watch4/Build/Products/Debug-watchos/SpektoWatch\ Watch\ App.app (in target 'SpektoWatch Watch App' from project 'SpektoWatch2')
    cd /Users/simeonbrandt/SpektoWatch2
    builtin-swiftStdLibTool --copy --verbose --sign 47F9ACCFF4825284D0C58F24F6E156B7F34CDADC --scan-executable /Users/simeonbrandt/SpektoWatch2/.derivedData-watch4/Build/Products/Debug-watchos/SpektoWatch\ Watch\ App.app/SpektoWatch\ Watch\ App --scan-folder /Users/simeonbrandt/SpektoWatch2/.derivedData-watch4/Build/Products/Debug-watchos/SpektoWatch\ Watch\ App.app/Frameworks --scan-folder /Users/simeonbrandt/SpektoWatch2/.derivedData-watch4/Build/Products/Debug-watchos/SpektoWatch\ Watch\ App.app/PlugIns --scan-folder /Users/simeonbrandt/SpektoWatch2/.derivedData-watch4/Build/Products/Debug-watchos/SpektoWatch\ Watch\ App.app/SystemExtensions --scan-folder /Users/simeonbrandt/SpektoWatch2/.derivedData-watch4/Build/Products/Debug-watchos/SpektoWatch\ Watch\ App.app/Extensions --platform watchos --toolchain /var/run/com.apple.security.cryptexd/mnt/com.apple.MobileAsset.MetalToolchain-v17.6.42.0.h7YNAA/Metal.xctoolchain --toolchain /Applications/Xcode.app/Contents/Developer/Toolchains/XcodeDefault.xctoolchain --destination /Users/simeonbrandt/SpektoWatch2/.derivedData-watch4/Build/Products/Debug-watchos/SpektoWatch\ Watch\ App.app/Frameworks --strip-bitcode --strip-bitcode-tool /Applications/Xcode.app/Contents/Developer/Toolchains/XcodeDefault.xctoolchain/usr/bin/bitcode_strip --emit-dependency-info /Users/simeonbrandt/SpektoWatch2/.derivedData-watch4/Build/Intermediates.noindex/SpektoWatch2.build/Debug-watchos/SpektoWatch\ Watch\ App.build/SwiftStdLibToolInputDependencies.dep --filter-for-swift-os --back-deploy-swift-span

CodeSign /Users/simeonbrandt/SpektoWatch2/.derivedData-watch4/Build/Products/Debug-watchos/SpektoWatch\ Watch\ App.app (in target 'SpektoWatch Watch App' from project 'SpektoWatch2')
    cd /Users/simeonbrandt/SpektoWatch2
    
    Signing Identity:     "Apple Development: Samuel Brandt (M3F7D9UGS5)"
    Provisioning Profile: "iOS Team Provisioning Profile: BrandtAcoustics.SpektoWatch2.watchkitapp"
                          (a0247a52-ae38-456f-85e8-255e2685f7a6)
    
    /usr/bin/codesign --force --sign 47F9ACCFF4825284D0C58F24F6E156B7F34CDADC --entitlements /Users/simeonbrandt/SpektoWatch2/.derivedData-watch4/Build/Intermediates.noindex/SpektoWatch2.build/Debug-watchos/SpektoWatch\ Watch\ App.build/SpektoWatch\ Watch\ App.app.xcent --timestamp\=none --generate-entitlement-der /Users/simeonbrandt/SpektoWatch2/.derivedData-watch4/Build/Products/Debug-watchos/SpektoWatch\ Watch\ App.app

SwiftExplicitDependencyGeneratePcm arm64 /Users/simeonbrandt/SpektoWatch2/.derivedData-watch4/ModuleCache.noindex/SwiftUI-OTAJ2S2P5LA4EN56SGTHU73Z.pcm

SwiftExplicitDependencyGeneratePcm arm64 /Users/simeonbrandt/SpektoWatch2/.derivedData-watch4/ModuleCache.noindex/PhotosUI-CH2WXNR7MJY9C1Q4G2KR4JMFX.pcm

SwiftExplicitDependencyGeneratePcm arm64 /Users/simeonbrandt/SpektoWatch2/.derivedData-watch4/ModuleCache.noindex/MetalKit-43H0UWGHWMJQAV0EE5JHWP0SL.pcm

ValidateEmbeddedBinary /Users/simeonbrandt/SpektoWatch2/.derivedData-watch4/Build/Products/Debug-watchos/SpektoWatch\ Watch\ App.app/PlugIns/SpektoWatch\ Complications.appex (in target 'SpektoWatch Watch App' from project 'SpektoWatch2')
    cd /Users/simeonbrandt/SpektoWatch2
    /Applications/Xcode.app/Contents/Developer/usr/bin/embeddedBinaryValidationUtility /Users/simeonbrandt/SpektoWatch2/.derivedData-watch4/Build/Products/Debug-watchos/SpektoWatch\ Watch\ App.app/PlugIns/SpektoWatch\ Complications.appex -signing-cert 47F9ACCFF4825284D0C58F24F6E156B7F34CDADC -info-plist-path /Users/simeonbrandt/SpektoWatch2/.derivedData-watch4/Build/Products/Debug-watchos/SpektoWatch\ Watch\ App.app/Info.plist

RegisterExecutionPolicyException /Users/simeonbrandt/SpektoWatch2/.derivedData-watch4/Build/Products/Debug-watchos/SpektoWatch\ Watch\ App.app (in target 'SpektoWatch Watch App' from project 'SpektoWatch2')
    cd /Users/simeonbrandt/SpektoWatch2
    builtin-RegisterExecutionPolicyException /Users/simeonbrandt/SpektoWatch2/.derivedData-watch4/Build/Products/Debug-watchos/SpektoWatch\ Watch\ App.app

Validate /Users/simeonbrandt/SpektoWatch2/.derivedData-watch4/Build/Products/Debug-watchos/SpektoWatch\ Watch\ App.app (in target 'SpektoWatch Watch App' from project 'SpektoWatch2')
    cd /Users/simeonbrandt/SpektoWatch2
    builtin-validationUtility /Users/simeonbrandt/SpektoWatch2/.derivedData-watch4/Build/Products/Debug-watchos/SpektoWatch\ Watch\ App.app -shallow-bundle -infoplist-subpath Info.plist

Touch /Users/simeonbrandt/SpektoWatch2/.derivedData-watch4/Build/Products/Debug-watchos/SpektoWatch\ Watch\ App.app (in target 'SpektoWatch Watch App' from project 'SpektoWatch2')
    cd /Users/simeonbrandt/SpektoWatch2
    /usr/bin/touch -c /Users/simeonbrandt/SpektoWatch2/.derivedData-watch4/Build/Products/Debug-watchos/SpektoWatch\ Watch\ App.app

SwiftCompile normal arm64 Compiling\ AcousticMetricsCalculator.swift,\ AppGroup.swift,\ FrequencyWeightingProcessor.swift,\ Logger+Extensions.swift,\ LoudnessCalculator.swift,\ LoudnessCalculatorView.swift,\ MeasurementActivityAttributes.swift,\ MeasurementDataFormat.swift,\ MeasurementDataReader.swift,\ MeasurementDataWriter.swift,\ MeasurementSpectralAvailability.swift,\ NotificationNames.swift,\ PersistenceKeys.swift,\ PersistenceMigrator.swift,\ RecordingDurationResolver.swift,\ MeasurementLiveActivityController.swift,\ BandstopFilterManager.swift /Users/simeonbrandt/SpektoWatch2/Shared/AcousticMetricsCalculator.swift /Users/simeonbrandt/SpektoWatch2/Shared/AppGroup.swift /Users/simeonbrandt/SpektoWatch2/Shared/FrequencyWeightingProcessor.swift /Users/simeonbrandt/SpektoWatch2/Shared/Logger+Extensions.swift /Users/simeonbrandt/SpektoWatch2/Shared/LoudnessCalculator.swift /Users/simeonbrandt/SpektoWatch2/Shared/LoudnessCalculatorView.swift /Users/simeonbrandt/SpektoWatch2/Shared/MeasurementActivityAttributes.swift /Users/simeonbrandt/SpektoWatch2/Shared/MeasurementDataFormat.swift /Users/simeonbrandt/SpektoWatch2/Shared/MeasurementDataReader.swift /Users/simeonbrandt/SpektoWatch2/Shared/MeasurementDataWriter.swift /Users/simeonbrandt/SpektoWatch2/Shared/MeasurementSpectralAvailability.swift /Users/simeonbrandt/SpektoWatch2/Shared/NotificationNames.swift /Users/simeonbrandt/SpektoWatch2/Shared/PersistenceKeys.swift /Users/simeonbrandt/SpektoWatch2/Shared/PersistenceMigrator.swift /Users/simeonbrandt/SpektoWatch2/Shared/RecordingDurationResolver.swift /Users/simeonbrandt/SpektoWatch2/SpektoWatch2/LiveActivity/MeasurementLiveActivityController.swift /Users/simeonbrandt/SpektoWatch2/SpektoWatch2/Managers/BandstopFilterManager.swift (in target 'SpektoWatch2' from project 'SpektoWatch2')
SwiftCompile normal arm64 /Users/simeonbrandt/SpektoWatch2/Shared/AcousticMetricsCalculator.swift (in target 'SpektoWatch2' from project 'SpektoWatch2')
    cd /Users/simeonbrandt/SpektoWatch2
    

SwiftCompile normal arm64 /Users/simeonbrandt/SpektoWatch2/Shared/AppGroup.swift (in target 'SpektoWatch2' from project 'SpektoWatch2')
    cd /Users/simeonbrandt/SpektoWatch2
    

SwiftCompile normal arm64 /Users/simeonbrandt/SpektoWatch2/Shared/FrequencyWeightingProcessor.swift (in target 'SpektoWatch2' from project 'SpektoWatch2')
    cd /Users/simeonbrandt/SpektoWatch2
    

SwiftCompile normal arm64 /Users/simeonbrandt/SpektoWatch2/Shared/Logger+Extensions.swift (in target 'SpektoWatch2' from project 'SpektoWatch2')
    cd /Users/simeonbrandt/SpektoWatch2
    

SwiftCompile normal arm64 /Users/simeonbrandt/SpektoWatch2/Shared/LoudnessCalculator.swift (in target 'SpektoWatch2' from project 'SpektoWatch2')
    cd /Users/simeonbrandt/SpektoWatch2
    

SwiftCompile normal arm64 /Users/simeonbrandt/SpektoWatch2/Shared/LoudnessCalculatorView.swift (in target 'SpektoWatch2' from project 'SpektoWatch2')
    cd /Users/simeonbrandt/SpektoWatch2
    

SwiftCompile normal arm64 /Users/simeonbrandt/SpektoWatch2/Shared/MeasurementActivityAttributes.swift (in target 'SpektoWatch2' from project 'SpektoWatch2')
    cd /Users/simeonbrandt/SpektoWatch2
    

SwiftCompile normal arm64 /Users/simeonbrandt/SpektoWatch2/Shared/MeasurementDataFormat.swift (in target 'SpektoWatch2' from project 'SpektoWatch2')
    cd /Users/simeonbrandt/SpektoWatch2
    

SwiftCompile normal arm64 /Users/simeonbrandt/SpektoWatch2/Shared/MeasurementDataReader.swift (in target 'SpektoWatch2' from project 'SpektoWatch2')
    cd /Users/simeonbrandt/SpektoWatch2
    

SwiftCompile normal arm64 /Users/simeonbrandt/SpektoWatch2/Shared/MeasurementDataWriter.swift (in target 'SpektoWatch2' from project 'SpektoWatch2')
    cd /Users/simeonbrandt/SpektoWatch2
    

SwiftCompile normal arm64 /Users/simeonbrandt/SpektoWatch2/Shared/MeasurementSpectralAvailability.swift (in target 'SpektoWatch2' from project 'SpektoWatch2')
    cd /Users/simeonbrandt/SpektoWatch2
    

SwiftCompile normal arm64 /Users/simeonbrandt/SpektoWatch2/Shared/NotificationNames.swift (in target 'SpektoWatch2' from project 'SpektoWatch2')
    cd /Users/simeonbrandt/SpektoWatch2
    

SwiftCompile normal arm64 /Users/simeonbrandt/SpektoWatch2/Shared/PersistenceKeys.swift (in target 'SpektoWatch2' from project 'SpektoWatch2')
    cd /Users/simeonbrandt/SpektoWatch2
    

SwiftCompile normal arm64 /Users/simeonbrandt/SpektoWatch2/Shared/PersistenceMigrator.swift (in target 'SpektoWatch2' from project 'SpektoWatch2')
    cd /Users/simeonbrandt/SpektoWatch2
    

SwiftCompile normal arm64 /Users/simeonbrandt/SpektoWatch2/Shared/RecordingDurationResolver.swift (in target 'SpektoWatch2' from project 'SpektoWatch2')
    cd /Users/simeonbrandt/SpektoWatch2
    

SwiftCompile normal arm64 /Users/simeonbrandt/SpektoWatch2/SpektoWatch2/LiveActivity/MeasurementLiveActivityController.swift (in target 'SpektoWatch2' from project 'SpektoWatch2')
    cd /Users/simeonbrandt/SpektoWatch2
    

SwiftCompile normal arm64 /Users/simeonbrandt/SpektoWatch2/SpektoWatch2/Managers/BandstopFilterManager.swift (in target 'SpektoWatch2' from project 'SpektoWatch2')
    cd /Users/simeonbrandt/SpektoWatch2
    

SwiftEmitModule normal arm64 Emitting\ module\ for\ SpektoWatch2 (in target 'SpektoWatch2' from project 'SpektoWatch2')

EmitSwiftModule normal arm64 (in target 'SpektoWatch2' from project 'SpektoWatch2')
    cd /Users/simeonbrandt/SpektoWatch2
    

SwiftCompile normal arm64 Compiling\ SpektralanalyseLaborWidget.swift,\ StoredDataProvider.swift,\ ToneGeneratorWidget.swift,\ TweaksPanelView.swift,\ ViewPolish.swift,\ WatchAppSettingsView.swift,\ WatchConnectivityManager.swift,\ WaterfallDataBuilder.swift,\ WaterfallDisplaySettings.swift,\ WaterfallImageExporter.swift,\ WaterfallPlaybackController.swift,\ WaterfallView.swift,\ WidgetAnimations.swift,\ WidgetCardView.swift,\ WidgetConfiguration.swift,\ WidgetPickerView.swift /Users/simeonbrandt/SpektoWatch2/SpektoWatch2/SpektralanalyseLaborWidget.swift /Users/simeonbrandt/SpektoWatch2/SpektoWatch2/StoredDataProvider.swift /Users/simeonbrandt/SpektoWatch2/SpektoWatch2/ToneGeneratorWidget.swift /Users/simeonbrandt/SpektoWatch2/SpektoWatch2/TweaksPanelView.swift /Users/simeonbrandt/SpektoWatch2/SpektoWatch2/ViewPolish.swift /Users/simeonbrandt/SpektoWatch2/SpektoWatch2/WatchAppSettingsView.swift /Users/simeonbrandt/SpektoWatch2/SpektoWatch2/WatchConnectivityManager.swift /Users/simeonbrandt/SpektoWatch2/SpektoWatch2/WaterfallDataBuilder.swift /Users/simeonbrandt/SpektoWatch2/SpektoWatch2/WaterfallDisplaySettings.swift /Users/simeonbrandt/SpektoWatch2/SpektoWatch2/WaterfallImageExporter.swift /Users/simeonbrandt/SpektoWatch2/SpektoWatch2/WaterfallPlaybackController.swift /Users/simeonbrandt/SpektoWatch2/SpektoWatch2/WaterfallView.swift /Users/simeonbrandt/SpektoWatch2/SpektoWatch2/WidgetAnimations.swift /Users/simeonbrandt/SpektoWatch2/SpektoWatch2/WidgetCardView.swift /Users/simeonbrandt/SpektoWatch2/SpektoWatch2/WidgetConfiguration.swift /Users/simeonbrandt/SpektoWatch2/SpektoWatch2/WidgetPickerView.swift (in target 'SpektoWatch2' from project 'SpektoWatch2')
SwiftCompile normal arm64 /Users/simeonbrandt/SpektoWatch2/SpektoWatch2/SpektralanalyseLaborWidget.swift (in target 'SpektoWatch2' from project 'SpektoWatch2')
    cd /Users/simeonbrandt/SpektoWatch2
    
** BUILD INTERRUPTED **
